bundle	pathid	name	shader_pathid	shader_name
5df1b7680c9342147f466a5ca660184a_unitybuiltinassets_fae0c879bbeef66081109276ec60eb69.bundle	-7504259843138580660	Sprites-Default	3262840161956400972	Sprites/Default
charactermodmaterials_assets_12x5aor2_92b17bde6e6eebc9645be4becdb2e00f.bundle	-7054759462093537806	12x5 AOR2	-3661740934848837633	MilkShaders/Lit-Template
charactermodmaterials_assets_12x5blk_658479ee2d334e7f96c16dfea7ad1188.bundle	2076698093339166549	12x5 BLK	-3661740934848837633	MilkShaders/Lit-Template
charactermodmaterials_assets_12x5gray_79c25e5e12987895033276af175fb1ff.bundle	4972442938001926178	12x5 GRAY	-3661740934848837633	MilkShaders/Lit-Template
charactermodmaterials_assets_12x5m81_aabffcb931880edae794e4fffe1980f9.bundle	6682715902450933644	12x5 M81	-3661740934848837633	MilkShaders/Lit-Template
charactermodmaterials_assets_12x5mcb_99c7b530b3449d23646e78c9ff73d7bb.bundle	-101832799333389093	12x5 MCB	-3661740934848837633	MilkShaders/Lit-Template
charactermodmaterials_assets_12x5od_78bbffea885b82fa10bd009db1e97356.bundle	-2385462980018683385	12x5 OD	-3661740934848837633	MilkShaders/Lit-Template
charactermodmaterials_assets_6x5aor2_5b71fe884d6be53664d986a79cf39ef1.bundle	-7898641716878616024	6x5 AOR2	-3661740934848837633	MilkShaders/Lit-Template
charactermodmaterials_assets_6x5blk_5c56d3e7a4e1cf1f7bab5b2854f272cd.bundle	-8387015618460329196	6x5 BLK	-3661740934848837633	MilkShaders/Lit-Template
charactermodmaterials_assets_6x5gray_3d66850fdd343e7be65dd4a131e3f2dc.bundle	-4752690524332944098	6x5 GRAY	-3661740934848837633	MilkShaders/Lit-Template
charactermodmaterials_assets_6x5m81_cfb79d063b24e7119ab4227bea29fe2a.bundle	8525505608494303998	6x5 M81	-3661740934848837633	MilkShaders/Lit-Template
charactermodmaterials_assets_6x5mcb_97378a7c8bdeea98ed8e5be94e849163.bundle	-5887842607256534954	6x5 MCB	-3661740934848837633	MilkShaders/Lit-Template
charactermodmaterials_assets_6x5od_5d3ec40c039efa0148a22799c35d6202.bundle	-1849840083662470647	6x5 OD	-3661740934848837633	MilkShaders/Lit-Template
charactermodmaterials_assets_6x9aor2_b15638ede20361529d26c054579eff7a.bundle	2637402179324656466	6x9 AOR2	-3661740934848837633	MilkShaders/Lit-Template
charactermodmaterials_assets_6x9blk_a40f2eb65d9dd39deb139c232dbb2642.bundle	7424536855649407912	6x9 BLK	-3661740934848837633	MilkShaders/Lit-Template
charactermodmaterials_assets_6x9gray_d47dbe18b1ad0cc67d23087e6914f9c2.bundle	-3987329583655430754	6x9 GRAY	-3661740934848837633	MilkShaders/Lit-Template
charactermodmaterials_assets_6x9m81_96d4ccfaeb7d44ab0cc25075981dccda.bundle	2935453378190770018	6x9 M81	-3661740934848837633	MilkShaders/Lit-Template
charactermodmaterials_assets_6x9mcb_a55d9e3fec20bf7b9544565a64d0acc5.bundle	-816922753166318408	6x9 MCB	-3661740934848837633	MilkShaders/Lit-Template
charactermodmaterials_assets_6x9od_2ea5d73cad122413059ec519ecb08062.bundle	166444244176638370	6x9 OD	-3661740934848837633	MilkShaders/Lit-Template
charactermodmaterials_assets_adaifakaor1_72058ce2bd4b431e8b6662894c76f268.bundle	-7187894323913202385	ADA IFAK AOR1	-3661740934848837633	MilkShaders/Lit-Template
charactermodmaterials_assets_adaifakaor2_04741c917cdb2f885e46f6afad755c18.bundle	-8649954528381464072	ADA IFAK AOR2	-3661740934848837633	MilkShaders/Lit-Template
charactermodmaterials_assets_adaifakblk_4fc81b3051eee373d52271a5e0073eb1.bundle	-2735377715276485254	ADA IFAK BLK	-3661740934848837633	MilkShaders/Lit-Template
charactermodmaterials_assets_adaifakcoyote_40b9dcf8d971476a3cd68ebb576fa585.bundle	-8917944303613612212	ADA IFAK Coyote	-3661740934848837633	MilkShaders/Lit-Template
charactermodmaterials_assets_adaifakgray_c676acd3e5aead8c66c8e3ac3a2357a4.bundle	5264510358713937997	ADA IFAK GRAY	-3661740934848837633	MilkShaders/Lit-Template
charactermodmaterials_assets_adaifakm81_c42747adc35a9d9f57aa7cfddde1f037.bundle	-285995987908594527	ADA IFAK M81	-3661740934848837633	MilkShaders/Lit-Template
charactermodmaterials_assets_adaifakmcb_38a256f0939c467dc83f882bfe29238c.bundle	-377488414937971111	ADA IFAK MCB	-3661740934848837633	MilkShaders/Lit-Template
charactermodmaterials_assets_adaifakocp_2393f887b47c2d0b1c54af4def1e6ea3.bundle	-6503815815693731544	ADA IFAK OCP	-3661740934848837633	MilkShaders/Lit-Template
charactermodmaterials_assets_adaifakod_073af66c54a32652768c4ea2c0cfae75.bundle	6024091871975683426	ADA IFAK OD	-3661740934848837633	MilkShaders/Lit-Template
charactermodmaterials_assets_adminaor1_96f70a3fd0783b86d2f0c672a3e688e0.bundle	-8304404833012600016	Admin AOR1	-3661740934848837633	MilkShaders/Lit-Template
charactermodmaterials_assets_adminaor21_48df626c5598818de7cdb2ceef3a4cd4.bundle	-7067632530487190078	Admin AOR2	-3661740934848837633	MilkShaders/Lit-Template
charactermodmaterials_assets_adminaor2_bc47a3941c359e8493e3aa71713d3cb9.bundle	5262947557440887045	Admin AOR2	-3661740934848837633	MilkShaders/Lit-Template
charactermodmaterials_assets_adminblk1_4f8059b25efac4bc5becd85c25011bc1.bundle	-6056536542653671438	Admin BLK	-3661740934848837633	MilkShaders/Lit-Template
charactermodmaterials_assets_adminblk_054c8820f544fb528c13c339908058f5.bundle	686807853770792378	Admin BLK	-3661740934848837633	MilkShaders/Lit-Template
charactermodmaterials_assets_admingray1_3dca9c6c375c3b4620ebc0d676bf275f.bundle	1140842223010625139	Admin GRAY	-3661740934848837633	MilkShaders/Lit-Template
charactermodmaterials_assets_admingray_a040fe51569b4ec74b296fda1f131b7f.bundle	-2742525501319635530	Admin GRAY	-3661740934848837633	MilkShaders/Lit-Template
charactermodmaterials_assets_adminm811_73d93c3a9331f825cdd5291148ebe606.bundle	-7795370463611830305	Admin M81	-3661740934848837633	MilkShaders/Lit-Template
charactermodmaterials_assets_adminm81_91fd75d3bf0013c04892bf604b3f0995.bundle	96610924091072324	Admin M81	-3661740934848837633	MilkShaders/Lit-Template
charactermodmaterials_assets_adminmcb1_3ef4221f3518c818ceec7df621e2931d.bundle	2066847071595422547	Admin MCB	-3661740934848837633	MilkShaders/Lit-Template
charactermodmaterials_assets_adminmcb_8240c8036a2887676e14dd7dbfc53c0e.bundle	8841985812843219820	Admin MCB	-3661740934848837633	MilkShaders/Lit-Template
charactermodmaterials_assets_adminod_df5c8ec0d8eb9626a942094fab80ff8a.bundle	-2481120675030374747	Admin OD	-3661740934848837633	MilkShaders/Lit-Template
charactermodmaterials_assets_adminodg_693406dc3a5b7878c80acde4703ca7a8.bundle	2735594156579060500	Admin ODG	-3661740934848837633	MilkShaders/Lit-Template
charactermodmaterials_assets_amarurgtsdf_ea6620344e0ffbe8f7819da4e8f09b30.bundle	5606963531988647773	amarurgt SDF Material	683148379888368288	TextMeshPro/Distance Field
charactermodmaterials_assets_ambdominalpro_sdr1_cee3047e44e620d323a1bf2fb37ad796.bundle	-3206335585667162706	AmbdominalPro_sdr 1	7322088784485553867	HDRP/Lit
charactermodmaterials_assets_ambdominalpro_sdr_a19c797c5cc8ba9ac1f7c0270be8968d.bundle	-4502473912279469368	AmbdominalPro_sdr	7322088784485553867	HDRP/Lit
charactermodmaterials_assets_anprc152_aor1_dacb9db194b593dae39108499cc0d344.bundle	-1853935025766723476	ANPRC152_AOR1	7322088784485553867	HDRP/Lit
charactermodmaterials_assets_anprc152_black_basecolor_b767b8f0223957ba92c6c2bf802909f5.bundle	196340085559268245	ANPRC152_Black_BaseColor	7322088784485553867	HDRP/Lit
charactermodmaterials_assets_anprc152_coyote_basecolor_6ae9516eef65345bcfce21a7119745ba.bundle	1179399195740900614	ANPRC152_Coyote_BaseColor	7322088784485553867	HDRP/Lit
charactermodmaterials_assets_anprc152_m81_basecolor2_693f823f16808b6c75db7eabb763ca19.bundle	176117157644424173	ANPRC152_M81_BaseColor 2	7322088784485553867	HDRP/Lit
charactermodmaterials_assets_anprc152_mc_basecolor_277873f591a22f21b0ad57fa876283c2.bundle	3232921424297830313	ANPRC152_MC_BaseColor	7322088784485553867	HDRP/Lit
charactermodmaterials_assets_anprc152_mcb_basecolor1_1d9c8dc277465990458019bcac9c81f1.bundle	-4186450352406059973	ANPRC152_MCB_BaseColor 1	7322088784485553867	HDRP/Lit
charactermodmaterials_assets_anprc152_rgreen_basecolor1_e5705493e1b0dacdf4fbcea635785a62.bundle	-6946586109515277938	ANPRC152_RGreen_BaseColor 1	7322088784485553867	HDRP/Lit
charactermodmaterials_assets_anprc152_sdr_904db952d0d4bf167ab0ebcc8a84b349.bundle	-8853028705923137564	ANPRC152_sdr	7322088784485553867	HDRP/Lit
charactermodmaterials_assets_anprc152_tigerstripe_basecolor1_0ba1579fce82e749e3cb60e3f3946ab6.bundle	2675598046371249925	ANPRC152_Tigerstripe_BaseColor 1	7322088784485553867	HDRP/Lit
charactermodmaterials_assets_aor1_31904cebd0285c9b38b81b9d866070a4.bundle	-6154352699328190294	AOR1	-3661740934848837633	MilkShaders/Lit-Template
charactermodmaterials_assets_aor2_3cbac428b66275fb5744b68f87179b2e.bundle	-2950545384618045480	AOR2	-3661740934848837633	MilkShaders/Lit-Template
charactermodmaterials_assets_apamazing_9768553a6e6fce8fd5d8d96a21960831.bundle	5987506015616057128	APAmazing	7322088784485553867	HDRP/Lit
charactermodmaterials_assets_aviators_932eaf66c8e0862be8f2e09eaaf5955a.bundle	-4206946204304918732	aviators	7322088784485553867	HDRP/Lit
charactermodmaterials_assets_backpanel_aor1_d2680827da3c39ccff661eef8a6e4b80.bundle	622120560413475570	BackPanel_AOR1	7322088784485553867	HDRP/Lit
charactermodmaterials_assets_backpanel_coyote_basecolor_05dc9736152a5564f09f7307da470193.bundle	-2687229188397414819	BackPanel_Coyote_BaseColor	7322088784485553867	HDRP/Lit
charactermodmaterials_assets_backpanel_m81_basecolor1_3ce5f1786e3cc2316004ee3e8bf4c2d3.bundle	-4691040478279418346	BackPanel_M81_BaseColor 1	7322088784485553867	HDRP/Lit
charactermodmaterials_assets_backpanel_mc_basecolor_fdd7b2176293925ac15f7e136deb53b3.bundle	-5143692886223923017	BackPanel_MC_BaseColor	7322088784485553867	HDRP/Lit
charactermodmaterials_assets_backpanel_rgreen_basecolor_3916784ee8468d7403e5a819bfa2cea3.bundle	4104527393938014050	BackPanel_RGreen_BaseColor	7322088784485553867	HDRP/Lit
charactermodmaterials_assets_backpanel_spiritus_black_basecolor_944b335c1613f5696ae0ec02c0c793f7.bundle	-6438883868350782411	BackPanel_Spiritus_Black_BaseColor	7322088784485553867	HDRP/Lit
charactermodmaterials_assets_backpanel_spiritus_mcb_basecolor1_23cde644f072d673eec30b65cd18f248.bundle	-2179581184666839371	BackPanel_Spiritus_MCB_BaseColor 1	7322088784485553867	HDRP/Lit
charactermodmaterials_assets_backpanel_tigerstripe_basecolor1_0fcd324b8feac81724c1392488f8fad8.bundle	4138648772929482663	BackPanel_Tigerstripe_BaseColor 1	7322088784485553867	HDRP/Lit
charactermodmaterials_assets_bandana_9ff71c059d4e48cde06836513e1cfbcc.bundle	-5866536270743971922	bandana	7322088784485553867	HDRP/Lit
charactermodmaterials_assets_bangerpocketaor2_1bebbee2bf22dae31375566688e45852.bundle	-4614807854632082732	BangerPocket AOR2	-3661740934848837633	MilkShaders/Lit-Template
charactermodmaterials_assets_bangerpocketblk_45f99bdbebe3ad13db3d6b99ea742cb3.bundle	7706004787960520142	BangerPocket BLK	7322088784485553867	HDRP/Lit
charactermodmaterials_assets_bangerpocketgray_9e3208d0e80a8ab22526ffd07565cf18.bundle	-740195187554522742	BangerPocket GRAY	7322088784485553867	HDRP/Lit
charactermodmaterials_assets_bangerpocketm81_ec2d0b46cc27a477f0739bc169d0b079.bundle	-22453677471380701	BangerPocket M81	-3661740934848837633	MilkShaders/Lit-Template
charactermodmaterials_assets_bangerpocketmcb_1b62cecee02423622fde9afce2c0470d.bundle	5892167307430615558	BangerPocket MCB	-3661740934848837633	MilkShaders/Lit-Template
charactermodmaterials_assets_bangerpocketod_f7cb00f644c37586d83629766d364eaa.bundle	-3903807458993000593	BangerPocket OD	-3661740934848837633	MilkShaders/Lit-Template
charactermodmaterials_assets_beanieblack_58e81610c639d09c3243e8d53d51a99d.bundle	3815920472471481870	beanie black	7322088784485553867	HDRP/Lit
charactermodmaterials_assets_beaniegray_0350ccd8f72eef16e69c110564e57cf8.bundle	-4131640719512385665	beanie gray	7322088784485553867	HDRP/Lit
charactermodmaterials_assets_beaniemulticam_8df8899d68ddb66597e2d1bfad835898.bundle	1506000163679631441	beanie multicam	7322088784485553867	HDRP/Lit
charactermodmaterials_assets_beanierg_52668add65d7e22e6b483a34dd93350e.bundle	-2049237644872994378	beanie RG	7322088784485553867	HDRP/Lit
charactermodmaterials_assets_beanietan_93eb0336054cddf2c7589c64d2d5119d.bundle	2281048056956361162	beanie tan	7322088784485553867	HDRP/Lit
charactermodmaterials_assets_beaniewhite_7914fcff7db1db2255532af45b473da9.bundle	-7484735234568985835	beanie white	7322088784485553867	HDRP/Lit
charactermodmaterials_assets_beard1_0d51178b74997f7db79cfe983026c0cd.bundle	9175243153537864865	Beard1	-8603950788525925452	HDRP/Hair
charactermodmaterials_assets_beard2_bdbca88e95728e115b47d8917317e2ea.bundle	-4110459795611414909	Beard2	-8603950788525925452	HDRP/Hair
charactermodmaterials_assets_beard3_ec5a24ce53e3a48d9f3bfd7cd3b6968f.bundle	3628652699781437747	Beard3	-8603950788525925452	HDRP/Hair
charactermodmaterials_assets_belt_tyr_gunfighter_mab_coyote_30cd6ccbb7e6210b66a52f4c857147fe.bundle	3734298708506522058	Belt_TYR_Gunfighter_MAB_Coyote	-3661740934848837633	MilkShaders/Lit-Template
charactermodmaterials_assets_beltaor1_8728c36a1f6bca5a8841e0a6e0accbab.bundle	1393563678761822137	Belt AOR1	-3661740934848837633	MilkShaders/Lit-Template
charactermodmaterials_assets_beltaor2_da056a5cbe702880b0dc59f5990f0f74.bundle	-3226081369192230764	Belt AOR2	-3661740934848837633	MilkShaders/Lit-Template
charactermodmaterials_assets_beltblk_a25a9699be400eee12edbf60a9344e9a.bundle	-1078101386903044933	Belt BLK	-3661740934848837633	MilkShaders/Lit-Template
charactermodmaterials_assets_beltgray_38bfd0f0137fa4bf27de97784795ead4.bundle	-7232427843805712729	Belt GRAY	-3661740934848837633	MilkShaders/Lit-Template
charactermodmaterials_assets_beltm81_38204e34e2361a3bac457c25e0a71250.bundle	-8820560354037746913	Belt M81	-3661740934848837633	MilkShaders/Lit-Template
charactermodmaterials_assets_beltmcb_b72825838345d510bba7c8d54fcfa36c.bundle	6034971315556299792	Belt MCB	-3661740934848837633	MilkShaders/Lit-Template
charactermodmaterials_assets_beltodgreen_01771c6545401f8f2f79afded7ba84d2.bundle	-933721407991657314	Belt OD Green	-3661740934848837633	MilkShaders/Lit-Template
charactermodmaterials_assets_bigmamashouse_7174d572b09fc62bbd8724005004ff31.bundle	-6955779511805705208	bigmamashouse	7322088784485553867	HDRP/Lit
charactermodmaterials_assets_blackbeard_e2357fd81de283186094427d097d8964.bundle	-2293820186791612459	blackbeard	7322088784485553867	HDRP/Lit
charactermodmaterials_assets_blk_4669ec79138da4bf5bd42ee16595af54.bundle	1330896226061604032	BLK	-3661740934848837633	MilkShaders/Lit-Template
charactermodmaterials_assets_blkgray_0439ccb3d09e2f981ac04cc89a15603c.bundle	-4776247155989821503	BLK GRAY	-3661740934848837633	MilkShaders/Lit-Template
charactermodmaterials_assets_blkmcb_1e82bf11db414f657e71afa582a69845.bundle	2224234459429330439	BLK MCB	-3661740934848837633	MilkShaders/Lit-Template
charactermodmaterials_assets_blkodgreen_60970a0f75415abbb8a5b4f3dc2bc94e.bundle	-6184049139636254182	BLK OD GREEN	-3661740934848837633	MilkShaders/Lit-Template
charactermodmaterials_assets_blkstrap_aeb7b4dd3306aadef2e80e2327987d94.bundle	-2821475502815312884	BLK Strap	-3661740934848837633	MilkShaders/Lit-Template
charactermodmaterials_assets_blue_9f253200ad03b4a1cfa927437d20cf00.bundle	-4147676228478395179	Blue	6692683703723378954	Shader Graphs/ClothWind
charactermodmaterials_assets_body1_7e6d7075749441f36a9bc473ad42b8c3.bundle	8885178664665830889	body	7322088784485553867	HDRP/Lit
charactermodmaterials_assets_body2_8d07c83562e24e17ad7a5a3d97d67e62.bundle	-9200551146764632626	body	7322088784485553867	HDRP/Lit
charactermodmaterials_assets_body_d9b25e530f284833c636697345f8c41f.bundle	-5446904761549200916	body	7322088784485553867	HDRP/Lit
charactermodmaterials_assets_boonieblk_76e54a5cf8867b9686866571acf790d3.bundle	7012621896407416406	Boonie BLK	7322088784485553867	HDRP/Lit
charactermodmaterials_assets_booniecoyote1_23e7baa58864b34edfe276bd6a883b4e.bundle	-1416423195235621753	Boonie TIGSTRIPE	7322088784485553867	HDRP/Lit
charactermodmaterials_assets_booniecoyote_f7362295ba6c5b9e4ad2f7faa20bddb3.bundle	6844519124650962046	Boonie Coyote	7322088784485553867	HDRP/Lit
charactermodmaterials_assets_booniem811_243fb03f87143c02d57953e2d420aa3d.bundle	4529904539378663900	Boonie MC	7322088784485553867	HDRP/Lit
charactermodmaterials_assets_booniem812_000369548fd73bfe7af77a0a9847d2c6.bundle	-698431090756635255	Boonie OD GRN	7322088784485553867	HDRP/Lit
charactermodmaterials_assets_booniem81_5d4846d4312cb22c50bc490669b8aa52.bundle	-3369501359436398190	Boonie M81	7322088784485553867	HDRP/Lit
charactermodmaterials_assets_bottlepouch_bc7cacbfc5ed04198214efc9c6b17ac4.bundle	8137790545532313580	Bottlepouch	7322088784485553867	HDRP/Lit
charactermodmaterials_assets_bottlepouchblk_0be90425a7f70a8e66586f46be27e710.bundle	-5490212589790611202	Bottlepouch BLK	7322088784485553867	HDRP/Lit
charactermodmaterials_assets_bottlepouchcoyote_319d8d363c2e3d4f3dcddf60ed7adb35.bundle	-7876727901802659634	Bottlepouch Coyote	7322088784485553867	HDRP/Lit
charactermodmaterials_assets_bottlepouchodgreen_4b15312d743e12a7930a98cca7952f10.bundle	5855791586322783484	Bottlepouch OD Green	7322088784485553867	HDRP/Lit
charactermodmaterials_assets_br_knive_blk_6f92be9b30fee98cadab19fbca5913c7.bundle	4190284010376433540	BR_Knive_blk	7322088784485553867	HDRP/Lit
charactermodmaterials_assets_br_knive_sdr_04117339786d2627329bf62cc2f52309.bundle	-511690093552669063	BR_Knive_sdr	7322088784485553867	HDRP/Lit
charactermodmaterials_assets_bracelet1_3a58180c3f9f2b6780607bcdb7b8812f.bundle	-4816506251740660246	bracelet	7322088784485553867	HDRP/Lit
charactermodmaterials_assets_bracelet2_9d7ddeeda9b840e4d11e3db19e69d81a.bundle	6528988868589369942	bracelet	7322088784485553867	HDRP/Lit
charactermodmaterials_assets_bracelet3_5d944b58a30c425a1139651bfc63cd8b.bundle	1907623209553342916	bracelet	7322088784485553867	HDRP/Lit
charactermodmaterials_assets_bracelet_f7b5babc60b56759c3fe0d644bf14d9e.bundle	-1308561369295107491	bracelet	7322088784485553867	HDRP/Lit
charactermodmaterials_assets_brown_dc2b56d91b68a46ff6ea37d76d55f3b9.bundle	1450783571384529657	Brown	6692683703723378954	Shader Graphs/ClothWind
charactermodmaterials_assets_comntacts_sdr_820001334ce02b5d5ab2223d2c426ce6.bundle	-1632685264611727539	comntacts_sdr	7322088784485553867	HDRP/Lit
charactermodmaterials_assets_comtac_4_headset_ebe2b6b45788bca201baef5cacc35b9e.bundle	-6646405367686708095	Comtac_4_Headset	7322088784485553867	HDRP/Lit
charactermodmaterials_assets_comtac_6fitted_1867f63cdbc509334c57af529917441e.bundle	-969221447701173266	MI_Comtac_6	7322088784485553867	HDRP/Lit
charactermodmaterials_assets_cryeg3aor1_febfbdbdb7cd2469d4b6bdb4dcb30c4a.bundle	-7330785795433784649	crye g3 aor 1	6692683703723378954	Shader Graphs/ClothWind
charactermodmaterials_assets_cryeg3aor2_49bf69479a88c7d8d2c09ac23cc50e7d.bundle	-406618974071212200	crye g3 aor 2	6692683703723378954	Shader Graphs/ClothWind
charactermodmaterials_assets_cryeg3aor31_a4fe23b56d912e479333ea696e64c83b.bundle	-6061854403930797272	crye g3 aor 3	6692683703723378954	Shader Graphs/ClothWind
charactermodmaterials_assets_cryeg3aor3_c6ed113499090e2e60c549e13ca9ca7a.bundle	-2382981664697360625	crye g3 aor 3	6692683703723378954	Shader Graphs/ClothWind
charactermodmaterials_assets_cryeg3aor41_f71bf182747849f681fb16e7062d9479.bundle	-773824081113358384	crye g3 aor 4	6692683703723378954	Shader Graphs/ClothWind
charactermodmaterials_assets_cryeg3aor4_12eb899a71e742bdaec8b43c3b161602.bundle	4105313965798473295	crye g3 aor 4	6692683703723378954	Shader Graphs/ClothWind
charactermodmaterials_assets_cryeg3aor5_d896aac96072fe8a35cc3246e54b9dd9.bundle	-1710377044851682738	crye g3 aor 5	6692683703723378954	Shader Graphs/ClothWind
charactermodmaterials_assets_cryeg3aor6_459aa245bb8a058f39a4867a983cc8b2.bundle	8437995252761897734	crye g3 aor 6	6692683703723378954	Shader Graphs/ClothWind
charactermodmaterials_assets_cryeg3aor7_25d29103ce7ccaf84b3d8d5df6f1b849.bundle	3053185803921431743	crye g3 aor 7	6692683703723378954	Shader Graphs/ClothWind
charactermodmaterials_assets_cryeg3aor8_fb6800830034b71d57bcf94d4b8d6065.bundle	7978829044850489531	crye g3 aor 8	6692683703723378954	Shader Graphs/ClothWind
charactermodmaterials_assets_cryeg3cutaor4_f0e9b8696699775e2daba26948571304.bundle	-5832374002174496190	crye g3 cut aor 4	6692683703723378954	Shader Graphs/ClothWind
charactermodmaterials_assets_cryeg3cutaor5_114aec66442bc1d3262e35572aab7c11.bundle	7998222051915301803	crye g3 cut aor 5	6692683703723378954	Shader Graphs/ClothWind
charactermodmaterials_assets_cryeg3cutaor6_e6f325b53e0f312541caa797d60b53cb.bundle	-3395821891090350691	crye g3 cut aor 6	6692683703723378954	Shader Graphs/ClothWind
charactermodmaterials_assets_cryeg3cutaor7_43b6c86b6225e25da5867081c32b8453.bundle	4042452462379544446	crye g3 cut aor 7	6692683703723378954	Shader Graphs/ClothWind
charactermodmaterials_assets_cryeg3cutaor8_079dcf44321ecb950430add6eafdf71d.bundle	6936930245621534443	crye g3 cut aor 8	6692683703723378954	Shader Graphs/ClothWind
charactermodmaterials_assets_cryeg3cutmcb_1f8e2074c3d66662eff57f081c415c3c.bundle	7667341275909962596	crye g3 cut MCB	6692683703723378954	Shader Graphs/ClothWind
charactermodmaterials_assets_cryeg3mc_bcf2a76b52eb6b9fc120a3f7d0e289d6.bundle	246604635489351453	crye g3 MC	6692683703723378954	Shader Graphs/ClothWind
charactermodmaterials_assets_cryeg3mcb_1db09d327101b257e9ec626a7c757d8f.bundle	-8485284461529940021	crye g3 MCB	6692683703723378954	Shader Graphs/ClothWind
charactermodmaterials_assets_dangleraor2_ef544f72f880795aa6bd6e824350172f.bundle	-210383810036077190	Dangler AOR2	-3661740934848837633	MilkShaders/Lit-Template
charactermodmaterials_assets_danglerblk_3399d613167f658c4c5807359c33beb5.bundle	-1384921385921457859	Dangler BLK	-3661740934848837633	MilkShaders/Lit-Template
charactermodmaterials_assets_danglergray_27a36840b942525ee241e2481c20c14f.bundle	-8560346216024379259	Dangler GRAY	-3661740934848837633	MilkShaders/Lit-Template
charactermodmaterials_assets_danglerm81_6e423c1d3837fc3c8249eee492b17fec.bundle	6054000971994141115	Dangler M81	-3661740934848837633	MilkShaders/Lit-Template
charactermodmaterials_assets_danglermcb_9dbe2e9a14c843cb4a72d420e37f172b.bundle	-3916320695596861621	Dangler MCB	-3661740934848837633	MilkShaders/Lit-Template
charactermodmaterials_assets_danglerod_c71a9951c14b64315156d01269abec61.bundle	-4398729348271682527	Dangler OD	-3661740934848837633	MilkShaders/Lit-Template
charactermodmaterials_assets_delta_de4fb9491fd759a47aec308b989fb9cb.bundle	-5908882541027861068	MI_Miscellaneous_01.001	7322088784485553867	HDRP/Lit
charactermodmaterials_assets_delta_de4fb9491fd759a47aec308b989fb9cb.bundle	7818194667560623540	glowstick	7322088784485553867	HDRP/Lit
charactermodmaterials_assets_delta_de4fb9491fd759a47aec308b989fb9cb.bundle	9014620370367929780	MI_Bakcpack_Delta	7322088784485553867	HDRP/Lit
charactermodmaterials_assets_docminty_46286534812f4ea55e1dc1291adb5231.bundle	-2667757762405252714	docminty	7322088784485553867	HDRP/Lit
charactermodmaterials_assets_dope_9f825a70e496dc164aac3cd50cb8bec3.bundle	1325451219839100347	dope	7322088784485553867	HDRP/Lit
charactermodmaterials_assets_eyepro_gatorz1_bb8781dcd0a443cf3e823f7d6147cf23.bundle	8584683188757441173	Eyepro_Gatorz 1	7322088784485553867	HDRP/Lit
charactermodmaterials_assets_eyepro_gatorz2_0d20375eb2c995c782870cc5ec9a3cf7.bundle	-9058570668127994618	Eyepro_Gatorz 2	7322088784485553867	HDRP/Lit
charactermodmaterials_assets_eyepro_gatorz_2bbde92cff6bb6c3736a3499f9143494.bundle	348610611869265580	Eyepro_Gatorz	7322088784485553867	HDRP/Lit
charactermodmaterials_assets_eyepro_gatorzblue_5aeb2f633d94b46bd53e748d9d8af281.bundle	5520270888554576897	Eyepro_Gatorz Blue	7322088784485553867	HDRP/Lit
charactermodmaterials_assets_eyepro_gatorzred_71ebd998cedcaa600a9d97a534894c0b.bundle	-3596540732391065802	Eyepro_Gatorz Red	7322088784485553867	HDRP/Lit
charactermodmaterials_assets_eyepro_gatorzyellow_91cdaeec56a68bd6ecd8120af6e18bda.bundle	4781783274005406394	Eyepro_Gatorz Yellow	7322088784485553867	HDRP/Lit
charactermodmaterials_assets_face1_c05c01645f89f62c22ab5d92dcada74b.bundle	-4070372683878858146	face	7322088784485553867	HDRP/Lit
charactermodmaterials_assets_face2_70892ee781d5d1f785c95af9eeff5526.bundle	-4353788067344081891	face	7322088784485553867	HDRP/Lit
charactermodmaterials_assets_face_646cbb6ddfadbab4a9d2a1d1e6d4c9b1.bundle	-4627613599454752475	face	7322088784485553867	HDRP/Lit
charactermodmaterials_assets_fde_3c211c4a2052258cbe1ebf25ce20126e.bundle	-7088954448836805997	FDE	6692683703723378954	Shader Graphs/ClothWind
charactermodmaterials_assets_fragaor1_601e8a398b537393344c5d7ba2bdb97f.bundle	2099482731210678519	Frag AOR1	-3661740934848837633	MilkShaders/Lit-Template
charactermodmaterials_assets_fragaor2_1bcb2fa41bd4a9aa7b42190bf1d44b3b.bundle	-6853203230945252689	Frag AOR2	-3661740934848837633	MilkShaders/Lit-Template
charactermodmaterials_assets_fragblk_8805e502dc892a7ca4d0f3e4817cf16c.bundle	-350128813297530084	Frag BLK	-3661740934848837633	MilkShaders/Lit-Template
charactermodmaterials_assets_fraggray_3e77ed583fbc4c7afc46ddb59d6da3c9.bundle	-6317224711429649774	Frag Gray	-3661740934848837633	MilkShaders/Lit-Template
charactermodmaterials_assets_fragm81_91cc76b9d9a8a381a8a1efacf33abfdb.bundle	-5707912699987458610	Frag M81	-3661740934848837633	MilkShaders/Lit-Template
charactermodmaterials_assets_fragmcb_8c341df6f5c5aa2e47da695a5a3f8f27.bundle	1428699115220114511	Frag MCB	-3661740934848837633	MilkShaders/Lit-Template
charactermodmaterials_assets_fragodgreen_6f190e1feb6b62641b085425f65083b9.bundle	-5998861210175440031	Frag OD Green	-3661740934848837633	MilkShaders/Lit-Template
charactermodmaterials_assets_garmin_b9ba45f49d873f416a455d7fa2cef2bd.bundle	4281038431314673948	garmin	7322088784485553867	HDRP/Lit
charactermodmaterials_assets_gatorz_folded_c6db774468a9052d3ca0a99e4f48c855.bundle	2668311696443657683	Eyepro_Gatorz_2	7322088784485553867	HDRP/Lit
charactermodmaterials_assets_gatorz_folded_c6db774468a9052d3ca0a99e4f48c855.bundle	2901697953585581884	Eyepro_Gatorz	7322088784485553867	HDRP/Lit
charactermodmaterials_assets_glasses1_05e1849dfb4eb6b06b91aca084fa5e6f.bundle	1696712081466679516	glasses	7322088784485553867	HDRP/Lit
charactermodmaterials_assets_glasses_4cead00bf2524d4283150a28e6a41417.bundle	-7593492132197643268	glasses.002	7322088784485553867	HDRP/Lit
charactermodmaterials_assets_glove3_e199f89f41f9f837b2c1547cc596f2f8.bundle	-4655090289980919469	Glove3	7322088784485553867	HDRP/Lit
charactermodmaterials_assets_glove4_3c088b1eb27008bb97935e6a5b817334.bundle	-1346498225246648343	Glove4	7322088784485553867	HDRP/Lit
charactermodmaterials_assets_glove5_8c03fd80ddda9c8dee8db1ab79072f25.bundle	-1514850228327682042	Glove5	7322088784485553867	HDRP/Lit
charactermodmaterials_assets_glove6_e180d3dade88c9f8d4f1952677074af4.bundle	8757612394211066064	Glove6	7322088784485553867	HDRP/Lit
charactermodmaterials_assets_glove7_c2e70b776da50ec1cf003b8c31a7b674.bundle	1608613297602916686	Glove7	7322088784485553867	HDRP/Lit
charactermodmaterials_assets_gloves2_f6fe764138e195c5bd1d0686f784f1c8.bundle	-2330464511584171553	Gloves 2	7322088784485553867	HDRP/Lit
charactermodmaterials_assets_glowstickgreen_4ac593b22db9aef6370aea9871143f0d.bundle	5174137312742671086	glowstick green	7322088784485553867	HDRP/Lit
charactermodmaterials_assets_gp_v1_sdr1_51566256bf50738037eeb96340efa37e.bundle	3617257812206421304	GP_v1_sdr 1	7322088784485553867	HDRP/Lit
charactermodmaterials_assets_gp_v1_sdr_8e010da334e15e5871caae7a8267574e.bundle	3257091386581732049	GP_v1_sdr	7322088784485553867	HDRP/Lit
charactermodmaterials_assets_gray_3173a4c5631669b5f6a03fb699cd6463.bundle	-5608949600139339269	Gray	6692683703723378954	Shader Graphs/ClothWind
charactermodmaterials_assets_greem_083ad197c758fa63a67fe2807a5ce544.bundle	5095520155672497493	Greem	6692683703723378954	Shader Graphs/ClothWind
charactermodmaterials_assets_greyfox_a373d3681838faab66561c95e0194aba.bundle	7118262977896334415	GreyFox	7322088784485553867	HDRP/Lit
charactermodmaterials_assets_hands_362a39e84f84c0953135fb0d32af3a96.bundle	-6391873600016096983	hands	7322088784485553867	HDRP/Lit
charactermodmaterials_assets_hx2radio_sdr1_5a729fc29c7d2da93f92536bc2cf6588.bundle	3361074332686316043	HX2radio_sdr 1	7322088784485553867	HDRP/Lit
charactermodmaterials_assets_hx2radio_sdr2_3af5c5627f071321f9532b7c8f3678da.bundle	4357006204766893481	HX2radio_sdr 2	7322088784485553867	HDRP/Lit
charactermodmaterials_assets_hx2radio_sdr_db3ef177be5c04492906174eeaa87128.bundle	-8610253893268682827	HX2radio_sdr	7322088784485553867	HDRP/Lit
charactermodmaterials_assets_ifakaor1_28773ca5dd23d82032c6c8913ad1925e.bundle	-5976861449464653496	IFAK AOR1	-3661740934848837633	MilkShaders/Lit-Template
charactermodmaterials_assets_ifakaor2_ec25893b3486d156cf3402e559db575f.bundle	-4386889560503933710	IFAK AOR2	-3661740934848837633	MilkShaders/Lit-Template
charactermodmaterials_assets_ifakblk_ab817df35e308d1f342a603c9f28f0e0.bundle	485593728174148074	IFAK BLK	-3661740934848837633	MilkShaders/Lit-Template
charactermodmaterials_assets_ifakgray_4266619f7a4a30ddbb8d2d2ada5f018c.bundle	9069661805144566088	IFAK GRAY	-3661740934848837633	MilkShaders/Lit-Template
charactermodmaterials_assets_ifakm81_461c417299fafaaa98ee50c899d1e7e5.bundle	-8977117801380382053	IFAK M81	-3661740934848837633	MilkShaders/Lit-Template
charactermodmaterials_assets_ifakmcb_a9d84fbc1563a1e08932a6e951bc79db.bundle	-4992389375581715371	IFAK MCB	-3661740934848837633	MilkShaders/Lit-Template
charactermodmaterials_assets_ifakodg_6be04a9c5e875bd88718db4c882598fb.bundle	-423123695946305036	IFAK ODG	-3661740934848837633	MilkShaders/Lit-Template
charactermodmaterials_assets_jpc_sdr1_ac3df249f39e84fce293eaf0e241c0ce.bundle	-8983092489581997660	JPC_sdr 1	7322088784485553867	HDRP/Lit
charactermodmaterials_assets_jpc_sdr2_ba7cd5abe7f7d371b3a50fcd69274e86.bundle	-5950092611047859974	JPC_sdr 2	7322088784485553867	HDRP/Lit
charactermodmaterials_assets_jpc_sdr3_f59fbb1b77eef58bd0e442ba68aed575.bundle	3971124884456946004	JPC_sdr 3	7322088784485553867	HDRP/Lit
charactermodmaterials_assets_jpc_sdr_1caef77394bc2c632c0e8f0dcce5189b.bundle	2537675118144069575	JPC_sdr	7322088784485553867	HDRP/Lit
charactermodmaterials_assets_jpc_sdraor11_efbcd6bc63de5f6311bbe3bc2ca86e90.bundle	4711948666938139761	JPC_sdr AOR1 1	7322088784485553867	HDRP/Lit
charactermodmaterials_assets_jpc_sdraor1_3f3d48fd8507344da076f6ebdd95e940.bundle	-1059453890783957888	JPC_sdr AOR1	7322088784485553867	HDRP/Lit
charactermodmaterials_assets_jpc_sdrm81_526d2b7aa5202784fd5c0757d4be155c.bundle	3935793905539534183	JPC_sdr M81	7322088784485553867	HDRP/Lit
charactermodmaterials_assets_jpc_sdrmcb_177988ae2947e82cbd4c79bd64af05d8.bundle	7662594868667465153	JPC_sdr MCB	7322088784485553867	HDRP/Lit
charactermodmaterials_assets_jpc_sdrmcbvet_b0a1ab47c178d82f01682d0304712187.bundle	1670738243526740715	JPC_sdr MCB VET	7322088784485553867	HDRP/Lit
charactermodmaterials_assets_jpc_sdrmcvet_640900446f39cd723e8b5a4c56ac5e21.bundle	5431846000020401684	JPC_sdr MC VET	7322088784485553867	HDRP/Lit
charactermodmaterials_assets_jpc_sdrrg_d0c778e4a4efe6fe32f057e725ded13b.bundle	9007993446350120887	JPC_sdr RG	7322088784485553867	HDRP/Lit
charactermodmaterials_assets_jpc_v2_ed7ad93ca01d445dfdaa32fb6b09b8fe.bundle	-8572566749563762149	ANPRC152_sdr	7322088784485553867	HDRP/Lit
charactermodmaterials_assets_jpc_v2_ed7ad93ca01d445dfdaa32fb6b09b8fe.bundle	-8272769502921602533	Miscellaneous_01_sdr	7322088784485553867	HDRP/Lit
charactermodmaterials_assets_jpc_v2_ed7ad93ca01d445dfdaa32fb6b09b8fe.bundle	-4149735239293646309	TrellisWare_sdr	7322088784485553867	HDRP/Lit
charactermodmaterials_assets_jpc_v2_ed7ad93ca01d445dfdaa32fb6b09b8fe.bundle	2675859289142479387	Patch_3DMA_sdr	7322088784485553867	HDRP/Lit
charactermodmaterials_assets_jpc_v2_ed7ad93ca01d445dfdaa32fb6b09b8fe.bundle	2703799970540833307	M4Pmag_sdr	7322088784485553867	HDRP/Lit
charactermodmaterials_assets_jpc_v2_ed7ad93ca01d445dfdaa32fb6b09b8fe.bundle	8688761638257969691	BackPanel_Spiritus_sdr	7322088784485553867	HDRP/Lit
charactermodmaterials_assets_jpc_v2_ed7ad93ca01d445dfdaa32fb6b09b8fe.bundle	8694684363549395483	JPC_sdr	7322088784485553867	HDRP/Lit
charactermodmaterials_assets_jpc_v2_ed7ad93ca01d445dfdaa32fb6b09b8fe.bundle	8722210100010633755	MechanicxGloves_Left_Black_sdr	7322088784485553867	HDRP/Lit
charactermodmaterials_assets_jpc_v2_ed7ad93ca01d445dfdaa32fb6b09b8fe.bundle	8893242320655829531	Roll1_sdr	7322088784485553867	HDRP/Lit
charactermodmaterials_assets_ktaraor2_43c333f54d87c89582cc270286dbe949.bundle	-8362041716636469683	KTAR AOR2	-3661740934848837633	MilkShaders/Lit-Template
charactermodmaterials_assets_ktarblk_bf0559e7fdf680580853a35112c665a8.bundle	-8225007080467091194	KTAR BLK	-3661740934848837633	MilkShaders/Lit-Template
charactermodmaterials_assets_ktargray_26fd23cf6c85c96fc7dbde125dc46786.bundle	8473107924145385413	KTAR GRAY	-3661740934848837633	MilkShaders/Lit-Template
charactermodmaterials_assets_ktarm81_d7cbf2265f48efcf9a080db50344b359.bundle	-8230428756087234941	KTAR M81	-3661740934848837633	MilkShaders/Lit-Template
charactermodmaterials_assets_ktarmcb_772e0df1d7450d40ab88ee3c02fe8dda.bundle	8405511559745281337	KTAR MCB	-3661740934848837633	MilkShaders/Lit-Template
charactermodmaterials_assets_ktarod_eb2aceebc56e3ec47dcf1f54c53d055b.bundle	-4086754331258161486	KTAR OD	-3661740934848837633	MilkShaders/Lit-Template
charactermodmaterials_assets_lenses1_9378a24b2fe565cc61001b0ac588bcee.bundle	-8140811987983764920	lenses 1	7322088784485553867	HDRP/Lit
charactermodmaterials_assets_lenses_d92cda333334404bdaeb830e52b53092.bundle	4283114038871381658	lenses	7322088784485553867	HDRP/Lit
charactermodmaterials_assets_loins_584e3f84c3050e4c6eaa44dc66cb89f6.bundle	8524907636289692361	Loins	7322088784485553867	HDRP/Lit
charactermodmaterials_assets_m4pmag_sdr_f5a5ccb85260ee66b75be1dfb6500685.bundle	-2292960443463617300	M4Pmag_sdr	7322088784485553867	HDRP/Lit
charactermodmaterials_assets_m81_f41bd6d0a572f19f0a9922fca89113af.bundle	21986375314498805	M81	-3661740934848837633	MilkShaders/Lit-Template
charactermodmaterials_assets_m_arms_5fbcad3bd2c34f3c4aaa47c8d179431f.bundle	6521604653885603042	M_Arms	7322088784485553867	HDRP/Lit
charactermodmaterials_assets_m_eye_5a606edc17361b43d7e678cdd51e7349.bundle	-8527225167208690690	M_Eye	7322088784485553867	HDRP/Lit
charactermodmaterials_assets_m_eyelashes_0f4119326b24f43f047b53b70e74c92c.bundle	5931590638024508230	M_EyeLashes	7322088784485553867	HDRP/Lit
charactermodmaterials_assets_m_head_b680b359fc074c55b1cc7f4e4af3e0a2.bundle	3072804646282747125	M_Head	-1911648095471704572	GoreShader
charactermodmaterials_assets_m_pantscamod_f7fdcf4a2754abba45db88579146bd9a.bundle	2847268204177352059	M_PantsCamoD	6692683703723378954	Shader Graphs/ClothWind
charactermodmaterials_assets_m_pantscamod_nowind_c5eb69288e6dd49bc3cef4c0f52cdfb2.bundle	2116018942033589615	M_PantsCamoD_nowind	7322088784485553867	HDRP/Lit
charactermodmaterials_assets_m_pantscamoi_204e123ff4a383208c61c881c12f5f5c.bundle	6697301092650748245	M_PantsCamoI	7322088784485553867	HDRP/Lit
charactermodmaterials_assets_m_pantscolora_1b69bf6626c4b175a646fd441195bf3a.bundle	1196149646563131109	M_PantsColorA	6692683703723378954	Shader Graphs/ClothWind
charactermodmaterials_assets_m_pantscolora_nowind_f2840da45cfe775b9eba7106eeac0a7a.bundle	4083556688270449707	M_PantsColorA_nowind	7322088784485553867	HDRP/Lit
charactermodmaterials_assets_m_pantscolorc_82101890ad9d605e5ec246b8bd91dafd.bundle	1721686417476089396	M_PantsColorC	7322088784485553867	HDRP/Lit
charactermodmaterials_assets_m_pantscolore_a4a0aa18aa44d02247d39bc921ae2e2a.bundle	-2593498111988953859	M_PantsColorE	7322088784485553867	HDRP/Lit
charactermodmaterials_assets_m_pouchescolori_1120dc6acac18a2364bc23c803797941.bundle	270002047572764841	M_PouchesColorI	7322088784485553867	HDRP/Lit
charactermodmaterials_assets_m_shirtaor2_a2677215316870139226ec13a1b8539e.bundle	7009478687969794055	M_ShirtAOR2	6692683703723378954	Shader Graphs/ClothWind
charactermodmaterials_assets_m_unloadingcamoa_316804cc7cafa75538b4dd635cc25841.bundle	9054257283196621406	M_UnloadingCamoA	7322088784485553867	HDRP/Lit
charactermodmaterials_assets_m_unloadingcamod_4247a7cf1a4e1154ca66ba1859aae858.bundle	-3437824347605577352	M_UnloadingCamoD	7322088784485553867	HDRP/Lit
charactermodmaterials_assets_m_unloadingcamomcb_2d006f61f7b286c3351a8aa1f0bc896f.bundle	-1464354272359946987	M_UnloadingCamo MCB	7322088784485553867	HDRP/Lit
charactermodmaterials_assets_m_unloadingcolord_3fa2b1d8741e08d553ca4259d049738d.bundle	-4970444709081094036	M_UnloadingColorD	6692683703723378954	Shader Graphs/ClothWind
charactermodmaterials_assets_m_unloadingcolore_2b894409470516b6a199763ad1f48fbd.bundle	-306236785702215265	M_UnloadingColorE	7322088784485553867	HDRP/Lit
charactermodmaterials_assets_m_unloadingcolorf_b6c962bcac885d1d781990c3cca8a960.bundle	-2585318958738449358	M_UnloadingColorF	7322088784485553867	HDRP/Lit
charactermodmaterials_assets_m_unloadingcolori1_b85233a3d445d48dc55a33e7e0deee1c.bundle	-3156756858073478149	M_UnloadingColorI 1	7322088784485553867	HDRP/Lit
charactermodmaterials_assets_m_unloadingcolori_6c96c935fc38fb410fe60757f1a77452.bundle	2823625623967643875	M_UnloadingColorI	7322088784485553867	HDRP/Lit
charactermodmaterials_assets_mechanicxgloves_left_black_sdr1_50ceef048677db0eeb69c12cc80d8338.bundle	-3568457475744852555	MechanicxGloves_Left_Black_sdr.001 1	7322088784485553867	HDRP/Lit
charactermodmaterials_assets_mechanicxgloves_left_black_sdr2_d1a0256f0bb1c20c2a342a77e6a205e3.bundle	3417561108241051055	MechanicxGloves_Left_Black_sdr.001 1	7322088784485553867	HDRP/Lit
charactermodmaterials_assets_mechanicxgloves_left_black_sdr3_68e9d3d3a0b0412996987113dfe3d95c.bundle	4335082665607143934	MechanicxGloves_Left_Black_sdr.001 2	7322088784485553867	HDRP/Lit
charactermodmaterials_assets_mechanicxgloves_left_black_sdr4_7b95aa501766ecf7969c8b32e61b29c3.bundle	4380328391652327788	MechanicxGloves_Left_Black_sdr.001 2	7322088784485553867	HDRP/Lit
charactermodmaterials_assets_mechanicxgloves_left_black_sdr5_c2bd11022c0f01448aedaf0dae54989a.bundle	-7650072923082215477	MechanicxGloves_Left_Black_sdr.001 2	7322088784485553867	HDRP/Lit
charactermodmaterials_assets_mechanicxgloves_left_black_sdr6_a462b2415f2660806bc896f25d8e3082.bundle	-2993147034533058501	MechanicxGloves_Left_Black_sdr.001 2	7322088784485553867	HDRP/Lit
charactermodmaterials_assets_mechanicxgloves_left_black_sdr7_882ee4f7c2a58b117446bc9bb64d8f15.bundle	-5144027594388847040	MechanicxGloves_Left_Black_sdr.001	7322088784485553867	HDRP/Lit
charactermodmaterials_assets_mechanicxgloves_left_black_sdr8_077949c39722018957e8cdaa53463336.bundle	4228920872238155984	MechanicxGloves_Left_Black_sdr.001 1	7322088784485553867	HDRP/Lit
charactermodmaterials_assets_mechanicxgloves_left_black_sdr9_f11d2105967a8bf44d27bf24d7ed50c1.bundle	2760587551476686162	MechanicxGloves_Left_Black_sdr.001 2	7322088784485553867	HDRP/Lit
charactermodmaterials_assets_mechanicxgloves_left_black_sdr_83888d69601ce4f63d64b53b43e185b7.bundle	-4691669125229895621	MechanicxGloves_Left_Black_sdr.001 2	7322088784485553867	HDRP/Lit
charactermodmaterials_assets_mechanicxgloves_left_coyotebrown_04ad195fddd96d6db3ecf12881a3cc3b.bundle	7003306703925773173	MechanicxGloves_Left_Coyote Brown	7322088784485553867	HDRP/Lit
charactermodmaterials_assets_mechanicxgloves_left_coyotetan_3c6a6fd4b63429bc51a09cf82195bcd5.bundle	-1709206551401845439	MechanicxGloves_Left_Coyote Tan	7322088784485553867	HDRP/Lit
charactermodmaterials_assets_mechanicxgloves_left_fde_a05dbfe79d71a8ca65fa15f2e4fd2618.bundle	-4509545250520341459	MechanicxGloves_Left_FDE	7322088784485553867	HDRP/Lit
charactermodmaterials_assets_mechanicxgloves_right_black_sdr1_535799eefeabc494e9ba855d8fde8052.bundle	-7469804059966334103	MechanicxGloves_Right_Black_sdr.001 1	7322088784485553867	HDRP/Lit
charactermodmaterials_assets_mechanicxgloves_right_black_sdr2_4c423fd1f6ea57f09f35ceb72089c8dc.bundle	7964281624219635661	MechanicxGloves_Right_Black_sdr.001 1	7322088784485553867	HDRP/Lit
charactermodmaterials_assets_mechanicxgloves_right_black_sdr3_a6f97e0556d4478066740bda76940c42.bundle	2632333015478705625	MechanicxGloves_Right_Black_sdr.001 2	7322088784485553867	HDRP/Lit
charactermodmaterials_assets_mechanicxgloves_right_black_sdr4_fe377c7ce4eebeeb8a5d686f69b9319a.bundle	1347290535545406738	MechanicxGloves_Right_Black_sdr.001	7322088784485553867	HDRP/Lit
charactermodmaterials_assets_mechanicxgloves_right_black_sdr5_ba2de6cd2c43712d54bb01933ae7cf36.bundle	2005558957896302174	MechanicxGloves_Right_Black_sdr.001 1	7322088784485553867	HDRP/Lit
charactermodmaterials_assets_mechanicxgloves_right_black_sdr6_268965dcbbdff3597faac51dc0f04e08.bundle	-798405040417749422	MechanicxGloves_Right_Black_sdr.001 1	7322088784485553867	HDRP/Lit
charactermodmaterials_assets_mechanicxgloves_right_black_sdr7_4542509fa055457f33798f9c85f0101b.bundle	4447370167154279766	MechanicxGloves_Right_Black_sdr.001 1	7322088784485553867	HDRP/Lit
charactermodmaterials_assets_mechanicxgloves_right_black_sdr8_380d93695d0986c6e5268caa25a4c4a6.bundle	-8095914042641171338	MechanicxGloves_Right_Black_sdr.001 2	7322088784485553867	HDRP/Lit
charactermodmaterials_assets_mechanicxgloves_right_black_sdr_6f26371d343d0f55878a53080ca71f31.bundle	-676471096478733794	MechanicxGloves_Right_Black_sdr.001 1	7322088784485553867	HDRP/Lit
charactermodmaterials_assets_mechanicxgloves_right_coyotebrown_f80c1836911b15795428a56032c9f040.bundle	-1335111718469379710	MechanicxGloves_Right_Coyote Brown	7322088784485553867	HDRP/Lit
charactermodmaterials_assets_mechanicxgloves_right_coyotetan_36d89f391e1d6371b67e2b857ea71237.bundle	5596551192713646283	MechanicxGloves_Right_Coyote Tan	7322088784485553867	HDRP/Lit
charactermodmaterials_assets_mechanicxgloves_right_fde_3ce1170fffbde5c2c3112df9213a04b6.bundle	-4849749492145227084	MechanicxGloves_Right_FDE	7322088784485553867	HDRP/Lit
charactermodmaterials_assets_mechanixwhiteblack1_9442ed055603dfedf80c4e238d3d20bf.bundle	-2956891192119442857	MechanixWhiteBlack 1	7322088784485553867	HDRP/Lit
charactermodmaterials_assets_mi_40mm_092add14b8606da463a435cedb362824.bundle	-6941942668178691882	MI_40mm	7322088784485553867	HDRP/Lit
charactermodmaterials_assets_mi_airframe_cover10_a3e3e22af0bce0d0d12c140cb3bd2b92.bundle	-601327590371974232	MI_Airframe_Cover 10	7322088784485553867	HDRP/Lit
charactermodmaterials_assets_mi_airframe_cover1_7e67858f69ba633903f00b34bcebd476.bundle	7987399625879642543	MI_Airframe_Cover 1	7322088784485553867	HDRP/Lit
charactermodmaterials_assets_mi_airframe_cover2_d99525b68b659c025386f102466a7113.bundle	2204732431092460939	MI_Airframe_Cover 2	7322088784485553867	HDRP/Lit
charactermodmaterials_assets_mi_airframe_cover3_0ac3ea8ae7b4bf40eb862ed76df8ad95.bundle	-7028838045477616774	MI_Airframe_Cover 3	7322088784485553867	HDRP/Lit
charactermodmaterials_assets_mi_airframe_cover4_63ecdc948570b5c6495ad925d0ca3afd.bundle	8194087587112019385	MI_Airframe_Cover 4	7322088784485553867	HDRP/Lit
charactermodmaterials_assets_mi_airframe_cover6_aa8b1817d9ebedc9d5a9fd69d4410086.bundle	1230445903043552343	MI_Airframe_Cover 6	7322088784485553867	HDRP/Lit
charactermodmaterials_assets_mi_airframe_cover7_717cc4cdcd41f9ce5d95cffa25e697bd.bundle	-281399990596178266	MI_Airframe_Cover 7	7322088784485553867	HDRP/Lit
charactermodmaterials_assets_mi_airframe_cover8_d15a44a3b0b2f9ac869d675acfd02980.bundle	9104534503168990149	MI_Airframe_Cover 8	7322088784485553867	HDRP/Lit
charactermodmaterials_assets_mi_airframe_cover9_6cc91032b149f81c25927593ce8586db.bundle	-5986172191558126427	MI_Airframe_Cover 9	7322088784485553867	HDRP/Lit
charactermodmaterials_assets_mi_airframe_cover_459d271bf6d943dbaea081372ee0979c.bundle	6687488713274429096	MI_Airframe_Cover	7322088784485553867	HDRP/Lit
charactermodmaterials_assets_mi_airframe_helmet1_8b0b4bba66500baff68c8af1258a855f.bundle	-8609999434845600402	MI_Airframe_Helmet 1	7322088784485553867	HDRP/Lit
charactermodmaterials_assets_mi_airframe_helmet_f2881625eb996a9ac8d00e508e92d43f.bundle	-1876948774357292581	MI_Airframe_Helmet	7322088784485553867	HDRP/Lit
charactermodmaterials_assets_mi_airframe_helmetaor1_83b10d2a24276e6eda21633db6ae22e1.bundle	-613979852708632327	MI_Airframe_Helmet AOR1	7322088784485553867	HDRP/Lit
charactermodmaterials_assets_mi_airframe_helmetaor2_b0206a1012035eba750ffac7f3ec3f18.bundle	9009220421362527272	MI_Airframe_Helmet AOR2	7322088784485553867	HDRP/Lit
charactermodmaterials_assets_mi_airframe_helmetblk2_e62a51bdc95500fc2ea54f7b9cc8e925.bundle	-293569125536671105	MI_Airframe_Helmet BLk 2	7322088784485553867	HDRP/Lit
charactermodmaterials_assets_mi_airframe_helmetcoyote_f2d5e488285f1accc850dba0c66dba8e.bundle	5949244675569420129	MI_Airframe_Helmet Coyote	7322088784485553867	HDRP/Lit
charactermodmaterials_assets_mi_airframe_helmetcoyoteworn_f793840a2517b46cd73e3c1399a7830a.bundle	-8648018023911193853	MI_Airframe_Helmet Coyote Worn	7322088784485553867	HDRP/Lit
charactermodmaterials_assets_mi_airframe_helmetmulticam_533b0fb0814a5685f9c6868d00c1a59d.bundle	-6630293204641274788	MI_Airframe_Helmet Multicam	7322088784485553867	HDRP/Lit
charactermodmaterials_assets_mi_airframe_helmetmulticamalpine1_6a5487059efe866136b40cf6d659fbba.bundle	-3603280720052052475	MI_Airframe_Helmet Multicam Alpine 1	7322088784485553867	HDRP/Lit
charactermodmaterials_assets_mi_airframe_helmetmulticamalpine_a99393dba5ae3cc2af91070e9fe28a12.bundle	8667734456287322494	MI_Airframe_Helmet Multicam Alpine	7322088784485553867	HDRP/Lit
charactermodmaterials_assets_mi_airframe_helmetmulticamblack1_08177e694adb5ac9f888ede7fe671181.bundle	-2473533009388999408	MI_Airframe_Helmet Multicam Black 1	7322088784485553867	HDRP/Lit
charactermodmaterials_assets_mi_airframe_helmetmulticamblack2_c39f1fa48a8b1c9f29b8aa2afac4bc35.bundle	-4869939870230595504	MI_Airframe_Helmet Multicam Black 2	7322088784485553867	HDRP/Lit
charactermodmaterials_assets_mi_airframe_helmetmulticamjungle_6be7829b66a8ad1380dd8f47649bed85.bundle	-6430265935000302279	MI_Airframe_Helmet Multicam Jungle	7322088784485553867	HDRP/Lit
charactermodmaterials_assets_mi_airframe_helmetrg1_4ba0536392010ced1f1fc8f5e3bf0d92.bundle	-4335466623851315431	MI_Airframe_Helmet RG 1	7322088784485553867	HDRP/Lit
charactermodmaterials_assets_mi_airframe_helmetrg_54d0e17aeaaea1107c77387e512d5ed2.bundle	6642729693376444894	MI_Airframe_Helmet RG	7322088784485553867	HDRP/Lit
charactermodmaterials_assets_mi_airframe_helmettan1_0811905e1f310d80df78ff8896387247.bundle	-1916252582761547343	MI_Airframe_Helmet Tan 1	7322088784485553867	HDRP/Lit
charactermodmaterials_assets_mi_airframe_helmettan_26b107a72a4e38220acdc10213fbbae6.bundle	1698466607291360088	MI_Airframe_Helmet Tan	7322088784485553867	HDRP/Lit
charactermodmaterials_assets_mi_ambdominalprocrye_deeb2f2ad70100434e42f2b88a63faaf.bundle	3014795926738259095	MI_AmbdominalProCrye	7322088784485553867	HDRP/Lit
charactermodmaterials_assets_mi_ambdominalprocryeblk_1cf8f65d8342e9c003d825784808dccf.bundle	1168352427692745104	MI_AmbdominalProCrye BLK	7322088784485553867	HDRP/Lit
charactermodmaterials_assets_mi_ambdominalprocryecoyote_e908ed91863bac42f7034dfc114ee126.bundle	7300154090038790783	MI_AmbdominalProCrye Coyote	7322088784485553867	HDRP/Lit
charactermodmaterials_assets_mi_ambdominalprocryerg_78f1b3df76bd2920c7ac464869a08849.bundle	7661795508732554783	MI_AmbdominalProCrye RG	7322088784485553867	HDRP/Lit
charactermodmaterials_assets_mi_amp_blk_e05769e5b465d17e238a3fbc97339eb3.bundle	-8747026101276999389	MI_AMP_blk	7322088784485553867	HDRP/Lit
charactermodmaterials_assets_mi_amp_tan_faf803b6555b06c86b5f80fec76fde83.bundle	-2684604710451802909	MI_AMP_Tan	7322088784485553867	HDRP/Lit
charactermodmaterials_assets_mi_anprc15211_44e1ff77b04d9c0ce269a9036442816e.bundle	8083109511837180063	MI_ANPRC152 1	7322088784485553867	HDRP/Lit
charactermodmaterials_assets_mi_anprc1521_a1f32df9401ae4609d49638b1aa5c1cc.bundle	-1610166814437799206	MI_ANPRC152 1	7322088784485553867	HDRP/Lit
charactermodmaterials_assets_mi_anprc15221_d537a05a3fb1c8b8402eb4c89354fd5e.bundle	-2061323811395931454	MI_ANPRC152 2	7322088784485553867	HDRP/Lit
charactermodmaterials_assets_mi_anprc1522_0f9819995e37d5c26e05cf64e7147b34.bundle	1920248233131373814	MI_ANPRC152	7322088784485553867	HDRP/Lit
charactermodmaterials_assets_mi_anprc1523_49e25ca9691b24bd976853f2fcbd6359.bundle	3371687762772050864	MI_ANPRC152 3	7322088784485553867	HDRP/Lit
charactermodmaterials_assets_mi_anprc152_2db0efde2749b46450e05c82eac54811.bundle	-961235257530011195	MI_ANPRC152	7322088784485553867	HDRP/Lit
charactermodmaterials_assets_mi_anprc152aor1_ba2e2c241e8383a70cdbf0038174418a.bundle	3478953563473434441	MI_ANPRC152 AOR1	7322088784485553867	HDRP/Lit
charactermodmaterials_assets_mi_anprc152coyote_da328514e293b288fd12b40a26f05ba8.bundle	899680461640922021	MI_ANPRC152 Coyote	7322088784485553867	HDRP/Lit
charactermodmaterials_assets_mi_anprc152mcb_d718cc0e54622bdc4b279225f52bc2f8.bundle	-1712086727720687845	MI_ANPRC152 MCB	7322088784485553867	HDRP/Lit
charactermodmaterials_assets_mi_anprc152rg_6cc8db9864acad5fea118ae488312434.bundle	-114047757725504077	MI_ANPRC152 RG	7322088784485553867	HDRP/Lit
charactermodmaterials_assets_mi_ate_hhv_helmet_3d79315a5657a7040374031a375dc547.bundle	-4720885503699408122	MI_ATE_HHV_Helmet	7322088784485553867	HDRP/Lit
charactermodmaterials_assets_mi_avs_aor1_f8714167dfcb6b1f429a637194400cc8.bundle	3434929097914647344	MI_AVS_AOR1	7322088784485553867	HDRP/Lit
charactermodmaterials_assets_mi_avs_atacs_0737b0d955b8848a8c372595e9584aed.bundle	-6715533499235335757	MI_AVS_ATACS	7322088784485553867	HDRP/Lit
charactermodmaterials_assets_mi_avs_blk_ca1db8430c53a338cb97a12f5185ada5.bundle	6456194014597584206	MI_AVS_BLK	7322088784485553867	HDRP/Lit
charactermodmaterials_assets_mi_avs_coyote_b72da15e044b5c52a0ceda2a3d21b963.bundle	6145191407202372862	MI_AVS_Coyote	7322088784485553867	HDRP/Lit
charactermodmaterials_assets_mi_avs_mc_6d2c325d29e171372a8a4dab6c369543.bundle	4308594460910464062	MI_AVS_MC	7322088784485553867	HDRP/Lit
charactermodmaterials_assets_mi_avs_mcb_ae538b15ed2ca0db2ba3a5b327f67092.bundle	6728863104023968878	MI_AVS_MCB	7322088784485553867	HDRP/Lit
charactermodmaterials_assets_mi_avs_rg_dd691a84aeabc0399a5b902594cf6425.bundle	4940644382376278341	MI_AVS_RG	7322088784485553867	HDRP/Lit
charactermodmaterials_assets_mi_avs_zipon_bag1_a331d4d5f2231ad7acdb5058a0b15ab9.bundle	-4871619664673676090	MI_AVS_Zipon_bag 1	-7803075278752278772	HDRP/Autodesk Interactive/AutodeskInteractive
charactermodmaterials_assets_mi_avs_zipon_bag_0073e8677e9a8036c1107061a2248f2d.bundle	5856598782443235450	MI_AVS_Zipon_bag	-7803075278752278772	HDRP/Autodesk Interactive/AutodeskInteractive
charactermodmaterials_assets_mi_avs_zipon_bagaor1_2e908e049a934d9c3c0a7fd97840592d.bundle	-5043912106328675856	MI_AVS_Zipon_bag AOR1	-7803075278752278772	HDRP/Autodesk Interactive/AutodeskInteractive
charactermodmaterials_assets_mi_avs_zipon_bagaor2_815be41a1c152a85eea5e54d44e0aeec.bundle	-2959771982749701320	MI_AVS_Zipon_bag AOR2	-7803075278752278772	HDRP/Autodesk Interactive/AutodeskInteractive
charactermodmaterials_assets_mi_avs_zipon_bagcoyote_661e03a6697b9bdb1d1c877b234b7db5.bundle	-6154806464276841775	MI_AVS_Zipon_bag Coyote	-7803075278752278772	HDRP/Autodesk Interactive/AutodeskInteractive
charactermodmaterials_assets_mi_avs_zipon_bagdeserttigerstripe_57a684d8334512e61ec418e2e0d3e762.bundle	-8845952928666911920	MI_AVS_Zipon_bag Desert Tigerstripe	-7803075278752278772	HDRP/Autodesk Interactive/AutodeskInteractive
charactermodmaterials_assets_mi_avs_zipon_baggray_f24ff2cb082104b3f130f2a698dd847e.bundle	7516177429162675266	MI_AVS_Zipon_bag Gray	-7803075278752278772	HDRP/Autodesk Interactive/AutodeskInteractive
charactermodmaterials_assets_mi_avs_zipon_bagm81_e6052f20ea37cfb17f3439e022b93cce.bundle	3072127874603085731	MI_AVS_Zipon_bag M81	-7803075278752278772	HDRP/Autodesk Interactive/AutodeskInteractive
charactermodmaterials_assets_mi_avs_zipon_bagmarpat_5a492ae3b552e6c7660abd0583325385.bundle	-1191098025615650668	MI_AVS_Zipon_bag Marpat	-7803075278752278772	HDRP/Autodesk Interactive/AutodeskInteractive
charactermodmaterials_assets_mi_avs_zipon_bagmarpatdesert_32d8b2eee716b3d99d2b3184a3466e8d.bundle	-2132858029774247076	MI_AVS_Zipon_bag Marpat Desert	-7803075278752278772	HDRP/Autodesk Interactive/AutodeskInteractive
charactermodmaterials_assets_mi_avs_zipon_bagmcarid_dea8730770cd67cb2788a931fdfdb14e.bundle	-4162172608217639080	MI_AVS_Zipon_bag MC Arid	-7803075278752278772	HDRP/Autodesk Interactive/AutodeskInteractive
charactermodmaterials_assets_mi_avs_zipon_bagmcb_be3994f6f3ffa311b328e5bf1ee04276.bundle	-427074114290286027	MI_AVS_Zipon_bag MCB	-7803075278752278772	HDRP/Autodesk Interactive/AutodeskInteractive
charactermodmaterials_assets_mi_avs_zipon_bagmulticamalpine_da1e717886a67192ee269cd2adf01059.bundle	-2769792326181797936	MI_AVS_Zipon_bag Multicam Alpine	-7803075278752278772	HDRP/Autodesk Interactive/AutodeskInteractive
charactermodmaterials_assets_mi_avs_zipon_bagmulticamtropic_360a941a2a509c3ed7884f61cde224e0.bundle	4106098044788148628	MI_AVS_Zipon_bag Multicam Tropic	-7803075278752278772	HDRP/Autodesk Interactive/AutodeskInteractive
charactermodmaterials_assets_mi_avs_zipon_bagodgreen_9762509fd919f94fcda3f86ff78e0195.bundle	-9070131063208931074	MI_AVS_Zipon_bag OD Green	-7803075278752278772	HDRP/Autodesk Interactive/AutodeskInteractive
charactermodmaterials_assets_mi_avs_zipon_bagtigerstripe_5220fa3744b74adb065410c89cd677e8.bundle	496543230643598758	MI_AVS_Zipon_bag Tigerstripe	-7803075278752278772	HDRP/Autodesk Interactive/AutodeskInteractive
charactermodmaterials_assets_mi_backpack_arcteryx_leaf_gray_f627d5b4c3055fb85b40c57c34684c52.bundle	4776101150072029047	MI_Backpack_Arcteryx_LEAF_Gray	-3661740934848837633	MilkShaders/Lit-Template
charactermodmaterials_assets_mi_backpack_arcteryx_leaf_ocp_3f636f7d4737db26f729c62a46ff6c9c.bundle	3532187542405099212	MI_Backpack_Arcteryx_LEAF_OCP	-3661740934848837633	MilkShaders/Lit-Template
charactermodmaterials_assets_mi_backpack_minimap1_7127326f3afde437f2e9c9fa301a3f13.bundle	-1174245861101350137	MI_Backpack_Minimap 1	-7803075278752278772	HDRP/Autodesk Interactive/AutodeskInteractive
charactermodmaterials_assets_mi_backpack_minimap_58c5635462039891b0a68c51e2a4ae63.bundle	-7813776722555759916	MI_Backpack_Minimap	-7803075278752278772	HDRP/Autodesk Interactive/AutodeskInteractive
charactermodmaterials_assets_mi_backpack_minimapaor1_383816a92502eedba5912a10c6a53559.bundle	-933814377450818734	MI_Backpack_Minimap AOR1	-7803075278752278772	HDRP/Autodesk Interactive/AutodeskInteractive
charactermodmaterials_assets_mi_backpack_minimapaor2_56b3b62059661fced2d479f0f1e1b662.bundle	852292994713563981	MI_Backpack_Minimap AOR2	-7803075278752278772	HDRP/Autodesk Interactive/AutodeskInteractive
charactermodmaterials_assets_mi_backpack_minimapcoyote_c6c4b6fd415f8d301ac937cc70609dbd.bundle	2195540931483112579	MI_Backpack_Minimap Coyote	-7803075278752278772	HDRP/Autodesk Interactive/AutodeskInteractive
charactermodmaterials_assets_mi_backpack_minimapdesertmarpat_a76ae0f69547256b3aaf5ac6ccf978f7.bundle	985152876135140293	MI_Backpack_Minimap Desert Marpat	-7803075278752278772	HDRP/Autodesk Interactive/AutodeskInteractive
charactermodmaterials_assets_mi_backpack_minimapdeserttigerstripe_4dee06b887b5e15a6bc93defd2647d87.bundle	7635615776451728577	MI_Backpack_Minimap Desert Tigerstripe	-7803075278752278772	HDRP/Autodesk Interactive/AutodeskInteractive
charactermodmaterials_assets_mi_backpack_minimapgray_cc451b885594758666b63e23daefbb69.bundle	6738937393560950195	MI_Backpack_Minimap Gray	-7803075278752278772	HDRP/Autodesk Interactive/AutodeskInteractive
charactermodmaterials_assets_mi_backpack_minimapm81_7ee7ababc5bc6efecd803d385f83b846.bundle	4848655966892018462	MI_Backpack_Minimap M81	-7803075278752278772	HDRP/Autodesk Interactive/AutodeskInteractive
charactermodmaterials_assets_mi_backpack_minimapmarpat_524d28822ab366e4aa9ebf818e3c48d7.bundle	335755552724259577	MI_Backpack_Minimap Marpat	-7803075278752278772	HDRP/Autodesk Interactive/AutodeskInteractive
charactermodmaterials_assets_mi_backpack_minimapmcb_5880438bbd075d226cc05dd0bf9fce5d.bundle	177898617704448265	MI_Backpack_Minimap MCB	-7803075278752278772	HDRP/Autodesk Interactive/AutodeskInteractive
charactermodmaterials_assets_mi_backpack_minimapmulticamalpine_5ce063d6b4510d1b6cbd78d7a2f441ab.bundle	3846317706598481255	MI_Backpack_Minimap Multicam Alpine	-7803075278752278772	HDRP/Autodesk Interactive/AutodeskInteractive
charactermodmaterials_assets_mi_backpack_minimapmulticamarid_19803b876a25ae15f6bf10ca04fb5132.bundle	-8842829529782322923	MI_Backpack_Minimap Multicam Arid	-7803075278752278772	HDRP/Autodesk Interactive/AutodeskInteractive
charactermodmaterials_assets_mi_backpack_minimapmulticamtropic_780f9afb6dee1975d3e773aa6dde3cc5.bundle	-4295289378397645430	MI_Backpack_Minimap Multicam Tropic	-7803075278752278772	HDRP/Autodesk Interactive/AutodeskInteractive
charactermodmaterials_assets_mi_backpack_minimapodgreen_5b680f1c0bec9ce5c87107ef4c408c70.bundle	5120795512073037571	MI_Backpack_Minimap OD Green	-7803075278752278772	HDRP/Autodesk Interactive/AutodeskInteractive
charactermodmaterials_assets_mi_backpack_minimaptigerstripe_2648a6dba8052f12650bee8580f23f02.bundle	-8294162964271687789	MI_Backpack_Minimap Tigerstripe	-7803075278752278772	HDRP/Autodesk Interactive/AutodeskInteractive
charactermodmaterials_assets_mi_backpack_satl1_aac6156856112d9b14901e314927fbf8.bundle	-98948626323152790	MI_Backpack_SATL 1	-7803075278752278772	HDRP/Autodesk Interactive/AutodeskInteractive
charactermodmaterials_assets_mi_backpack_satl_5e4b86601941d1b3ad050a047b77ba9f.bundle	-5238454715980125723	MI_Backpack_SATL	-7803075278752278772	HDRP/Autodesk Interactive/AutodeskInteractive
charactermodmaterials_assets_mi_backpack_satlaor1_7db699edc629a23ef5dbd42821cbd48f.bundle	-4321925221487986546	MI_Backpack_SATL AOR1	-7803075278752278772	HDRP/Autodesk Interactive/AutodeskInteractive
charactermodmaterials_assets_mi_backpack_satlaor2_a75ba8a48240eafaf3bfd8cc3f7fd767.bundle	-7495758055260359465	MI_Backpack_SATL AOR2	-7803075278752278772	HDRP/Autodesk Interactive/AutodeskInteractive
charactermodmaterials_assets_mi_backpack_satlcoyote_4e2817bd383ff579b69e57b97ab22f81.bundle	9166304228703059405	MI_Backpack_SATL Coyote	-7803075278752278772	HDRP/Autodesk Interactive/AutodeskInteractive
charactermodmaterials_assets_mi_backpack_satldeserttigerstripe_52c368bcf79312525017169a91f817ac.bundle	-6218472144393912309	MI_Backpack_SATL Desert Tigerstripe	-7803075278752278772	HDRP/Autodesk Interactive/AutodeskInteractive
charactermodmaterials_assets_mi_backpack_satlgray_8125528fff1be476e00925cbc1d4eb0c.bundle	-7923990860090216047	MI_Backpack_SATL Gray	-7803075278752278772	HDRP/Autodesk Interactive/AutodeskInteractive
charactermodmaterials_assets_mi_backpack_satlm81_42a7813d402a7f7b3e453740cd4cad1d.bundle	5316456462240324191	MI_Backpack_SATL M81	-7803075278752278772	HDRP/Autodesk Interactive/AutodeskInteractive
charactermodmaterials_assets_mi_backpack_satlmarpat_0344d3a3f8dd4490638b396867aa6366.bundle	1330888363664780683	MI_Backpack_SATL Marpat	-7803075278752278772	HDRP/Autodesk Interactive/AutodeskInteractive
charactermodmaterials_assets_mi_backpack_satlmarpatdesert_83271d0fadd6ebe203ee07422ac5e85f.bundle	6993797082439230475	MI_Backpack_SATL Marpat Desert	-7803075278752278772	HDRP/Autodesk Interactive/AutodeskInteractive
charactermodmaterials_assets_mi_backpack_satlmcalpine_cc0df15f9cb16347b86589620dfd200a.bundle	8651748599005161753	MI_Backpack_SATL MC Alpine	-7803075278752278772	HDRP/Autodesk Interactive/AutodeskInteractive
charactermodmaterials_assets_mi_backpack_satlmcarid_ccfd93db2aa1b061105f7e6bcb5a5c1e.bundle	-4691854853123449443	MI_Backpack_SATL MC Arid	-7803075278752278772	HDRP/Autodesk Interactive/AutodeskInteractive
charactermodmaterials_assets_mi_backpack_satlmcb_fd7b0cc0b9ee89bf198d5f66adb3d6bc.bundle	6711329132923551284	MI_Backpack_SATL MCB	-7803075278752278772	HDRP/Autodesk Interactive/AutodeskInteractive
charactermodmaterials_assets_mi_backpack_satlmctropic_187352cb138a6fa146ab0e438e72f45e.bundle	6393095842908998628	MI_Backpack_SATL MC Tropic	-7803075278752278772	HDRP/Autodesk Interactive/AutodeskInteractive
charactermodmaterials_assets_mi_backpack_satlod_1ec3596ae855dba151451479de18bf1d.bundle	5057446845032156717	MI_Backpack_SATL OD	-7803075278752278772	HDRP/Autodesk Interactive/AutodeskInteractive
charactermodmaterials_assets_mi_backpack_satltigerstripe_08fe5f1cb6143b8564917e22dd4f5567.bundle	-3801824302913870764	MI_Backpack_SATL Tigerstripe	-7803075278752278772	HDRP/Autodesk Interactive/AutodeskInteractive
charactermodmaterials_assets_mi_backpanel_spiritus11_47da4ac0bfb1aa675a4cb5947a80c18e.bundle	-209518518014724401	MI_BackPanel_Spiritus 1	7322088784485553867	HDRP/Lit
charactermodmaterials_assets_mi_backpanel_spiritus1_c247d96fb9a266693954c9cfaea04e9b.bundle	8971480376004870770	MI_BackPanel_Spiritus	7322088784485553867	HDRP/Lit
charactermodmaterials_assets_mi_backpanel_spiritus_25d3b7f0ad228dcf6f76bca7703065e2.bundle	-6599208342620119837	MI_BackPanel_Spiritus	7322088784485553867	HDRP/Lit
charactermodmaterials_assets_mi_backpanel_spiritusaor1_7fd25ac7baea49c4489ae29a46a1887b.bundle	3707298361842105351	MI_BackPanel_Spiritus AOR1	7322088784485553867	HDRP/Lit
charactermodmaterials_assets_mi_backpanel_spiritusaor2_55b98d2a2fc8835614325af3df8531c4.bundle	-1189288608570756500	MI_BackPanel_Spiritus AOR2	7322088784485553867	HDRP/Lit
charactermodmaterials_assets_mi_backpanel_spirituscoyote_721a5c574ab549f05e0af71e96af6020.bundle	-2700374498714639838	MI_BackPanel_Spiritus Coyote	7322088784485553867	HDRP/Lit
charactermodmaterials_assets_mi_backpanel_spiritusdeserttigerstripe_2a7bf0de39d0f82c6d89d97664a416ef.bundle	-9142148380761410087	MI_BackPanel_Spiritus Desert Tigerstripe	7322088784485553867	HDRP/Lit
charactermodmaterials_assets_mi_backpanel_spiritusfde_4cf51930080825c3ac2d428f01ae0b02.bundle	-8277096876653608058	MI_BackPanel_Spiritus FDE	7322088784485553867	HDRP/Lit
charactermodmaterials_assets_mi_backpanel_spiritusgray_af6fb9c5696ee73d54b3708c17879424.bundle	-8819094330756393106	MI_BackPanel_Spiritus Gray	7322088784485553867	HDRP/Lit
charactermodmaterials_assets_mi_backpanel_spiritusm81_1256dac4a2fc549d613aca6adc6680b3.bundle	-2859462771472792156	MI_BackPanel_Spiritus M81	7322088784485553867	HDRP/Lit
charactermodmaterials_assets_mi_backpanel_spiritusmarpat_18dc7f95cd7921fdf8e5f464dff49766.bundle	4311200823626334824	MI_BackPanel_Spiritus Marpat	7322088784485553867	HDRP/Lit
charactermodmaterials_assets_mi_backpanel_spiritusmarpatdesert_63f0706ef07a2406fc07c0ecd2ebddff.bundle	7015122958527384810	MI_BackPanel_Spiritus Marpat Desert	7322088784485553867	HDRP/Lit
charactermodmaterials_assets_mi_backpanel_spiritusmcalpine_b9af3632199f1ad56587983dcf79e1b4.bundle	-1437627606085830144	MI_BackPanel_Spiritus MC Alpine	7322088784485553867	HDRP/Lit
charactermodmaterials_assets_mi_backpanel_spiritusmcarid_3c6f406d8f9bd9f45e01fe76bcd1dbb0.bundle	-1212775868109940072	MI_BackPanel_Spiritus MC Arid	7322088784485553867	HDRP/Lit
charactermodmaterials_assets_mi_backpanel_spiritusmcb_be60f98451a915b2c4456eee8d901d3b.bundle	-204665420568231920	MI_BackPanel_Spiritus MCB	7322088784485553867	HDRP/Lit
charactermodmaterials_assets_mi_backpanel_spiritusmctropic_8ca2a7c1d5348a8a8276ff4a8780d67f.bundle	-6947362110111011937	MI_BackPanel_Spiritus MC Tropic	7322088784485553867	HDRP/Lit
charactermodmaterials_assets_mi_backpanel_spiritusodgreen_8723228777989875452c268b109649e6.bundle	-2953554681335534625	MI_BackPanel_Spiritus OD Green	7322088784485553867	HDRP/Lit
charactermodmaterials_assets_mi_backpanel_spiritustigerstripe_8c2bb2d74eedb1ff3598c52ce02754a6.bundle	8135433778172456630	MI_BackPanel_Spiritus Tigerstripe	7322088784485553867	HDRP/Lit
charactermodmaterials_assets_mi_bakcpack_delta1_b9029fc67ee5d8d0c4e2de980ea1d8dc.bundle	-1059473453776482413	MI_Bakcpack_Delta 1	-7803075278752278772	HDRP/Autodesk Interactive/AutodeskInteractive
charactermodmaterials_assets_mi_bakcpack_delta_1fdde5a3d272fe801d7b02e6463f807e.bundle	-935388053828120341	MI_Bakcpack_Delta	-7803075278752278772	HDRP/Autodesk Interactive/AutodeskInteractive
charactermodmaterials_assets_mi_bakcpack_deltaaor1_4d4b5ea352f7a60ddda07b989ea9779f.bundle	-8583100397928824789	MI_Bakcpack_Delta AOR 1	-7803075278752278772	HDRP/Autodesk Interactive/AutodeskInteractive
charactermodmaterials_assets_mi_bakcpack_deltaaor2_f9b8e4733b8c78c46a6588cb523ff75c.bundle	5026134696197644150	MI_Bakcpack_Delta AOR2	-7803075278752278772	HDRP/Autodesk Interactive/AutodeskInteractive
charactermodmaterials_assets_mi_bakcpack_deltacoyote_8f267a77109428d14ee20f96ce4a06f5.bundle	4293192448028158522	MI_Bakcpack_Delta Coyote	-7803075278752278772	HDRP/Autodesk Interactive/AutodeskInteractive
charactermodmaterials_assets_mi_bakcpack_deltadeserttigerstripe_4dfd84f898eb0e781575f2bd984fc727.bundle	5953956343255830301	MI_Bakcpack_Delta Desert Tigerstripe	-7803075278752278772	HDRP/Autodesk Interactive/AutodeskInteractive
charactermodmaterials_assets_mi_bakcpack_deltagray_8bbb19e645e25d5f4ff3f7955d3979df.bundle	6908455126518640101	MI_Bakcpack_Delta Gray	-7803075278752278772	HDRP/Autodesk Interactive/AutodeskInteractive
charactermodmaterials_assets_mi_bakcpack_deltam81_3f2e0c9456e589a9873f4b417b643384.bundle	-5379799544678264030	MI_Bakcpack_Delta M81	-7803075278752278772	HDRP/Autodesk Interactive/AutodeskInteractive
charactermodmaterials_assets_mi_bakcpack_deltamarpat_fd8e158f0e361c94bc02b7ecc37b9ffd.bundle	1440858846762924662	MI_Bakcpack_Delta Marpat	-7803075278752278772	HDRP/Autodesk Interactive/AutodeskInteractive
charactermodmaterials_assets_mi_bakcpack_deltamarpatdesert_2363001d70d8ed71c76bb15743b5ba8d.bundle	-2135610500560895474	MI_Bakcpack_Delta Marpat Desert	-7803075278752278772	HDRP/Autodesk Interactive/AutodeskInteractive
charactermodmaterials_assets_mi_bakcpack_deltamcalpine_defa9db2f5c64e2e47843560bfa5ee0c.bundle	5584672962189467905	MI_Bakcpack_Delta MC Alpine	-7803075278752278772	HDRP/Autodesk Interactive/AutodeskInteractive
charactermodmaterials_assets_mi_bakcpack_deltamcarid_6b4e469a13fa43c887e375b514cdd69b.bundle	3784179743553496890	MI_Bakcpack_Delta MC Arid	-7803075278752278772	HDRP/Autodesk Interactive/AutodeskInteractive
charactermodmaterials_assets_mi_bakcpack_deltamcb_6a4d0d36bfafd71280a1f1243e2349bb.bundle	7963446624056108810	MI_Bakcpack_Delta MCB	-7803075278752278772	HDRP/Autodesk Interactive/AutodeskInteractive
charactermodmaterials_assets_mi_bakcpack_deltamctropic_fbb60f524462f28188a8819794800cb4.bundle	-4084472801618633984	MI_Bakcpack_Delta MC Tropic	-7803075278752278772	HDRP/Autodesk Interactive/AutodeskInteractive
charactermodmaterials_assets_mi_bakcpack_deltaodgreen_4526711f267b39c6945b00b0c673a13b.bundle	324074432084755594	MI_Bakcpack_Delta OD Green	-7803075278752278772	HDRP/Autodesk Interactive/AutodeskInteractive
charactermodmaterials_assets_mi_bakcpack_deltatigerstripe_397437a6c2b08446c85171a93bfae751.bundle	6546287148099435197	MI_Bakcpack_Delta Tigerstripe	-7803075278752278772	HDRP/Autodesk Interactive/AutodeskInteractive
charactermodmaterials_assets_mi_balaclava_coyote_b106cc2d109381587a69318a754f1ba6.bundle	-7095401246918984340	MI_Balaclava_Coyote	7322088784485553867	HDRP/Lit
charactermodmaterials_assets_mi_balaclava_mc_9d97471849507150b94475b19ed8bd30.bundle	5214257014167048012	MI_Balaclava_MC	7322088784485553867	HDRP/Lit
charactermodmaterials_assets_mi_balaclava_mcb1_e54aad29518bc90155d854fc0bbca832.bundle	-6980024476993985353	MI_Balaclava_MCB 1	7322088784485553867	HDRP/Lit
charactermodmaterials_assets_mi_balaclava_phantom_blk_1472942299522ee61df21009547badc8.bundle	-8897342410606710547	MI_Balaclava_Phantom_BLK	7322088784485553867	HDRP/Lit
charactermodmaterials_assets_mi_balaclava_phantom_tan_0c91106d894ab1392910fbe0d0e6d5c1.bundle	1466606965856763674	MI_Balaclava_Phantom_Tan	7322088784485553867	HDRP/Lit
charactermodmaterials_assets_mi_balaclava_rg_255823a01a58805529c2f62e3dfb80bd.bundle	-4335351122463081076	MI_Balaclava_RG	7322088784485553867	HDRP/Lit
charactermodmaterials_assets_mi_balaclava_skull_c2661a0df2598a40cd8d081e5a10ad58.bundle	6427877532075765863	MI_Balaclava_Skull	7322088784485553867	HDRP/Lit
charactermodmaterials_assets_mi_balaclava_tan1_d653415486c8e463698b2d475023212d.bundle	-2738105268380667274	MI_Balaclava_Tan 1	7322088784485553867	HDRP/Lit
charactermodmaterials_assets_mi_balaclava_tan_6f0bbdaa45587ef7e63b868bfc1763cf.bundle	-8809437516224991232	MI_Balaclava_Tan	7322088784485553867	HDRP/Lit
charactermodmaterials_assets_mi_balaclava_wh_c0f18587d3101a965dcdd4b8e3780d00.bundle	-4353603872059697793	MI_Balaclava_WH	7322088784485553867	HDRP/Lit
charactermodmaterials_assets_mi_belt_bison_aor1_4b7bde9ae00187220b5ebee0e4bb8124.bundle	-1629511062226778744	MI_Belt_Bison_AOR1	7322088784485553867	HDRP/Lit
charactermodmaterials_assets_mi_belt_bison_aor2_40ff0ce88a7da11fb0027b9cd41f3fca.bundle	2160371330236993206	MI_Belt_Bison_AOR2	7322088784485553867	HDRP/Lit
charactermodmaterials_assets_mi_belt_bison_coyote_14b6be50dd60987e29348f924eeef6fc.bundle	-260690053785825778	MI_Belt_Bison_Coyote	7322088784485553867	HDRP/Lit
charactermodmaterials_assets_mi_belt_bison_mc1_36740d083fa5ef8f042d71bced4c780d.bundle	-1112252023392884495	MI_Belt_Bison_MC 1	7322088784485553867	HDRP/Lit
charactermodmaterials_assets_mi_belt_bison_mc_2d48b2f6edf97250409ca6a1c8c978b3.bundle	1831363031322230786	MI_Belt_Bison_MC	7322088784485553867	HDRP/Lit
charactermodmaterials_assets_mi_belt_bison_mcb_fb0379c2d0179724eb7525a4b7d4da0e.bundle	2958408848022295819	MI_Belt_Bison_MCB	7322088784485553867	HDRP/Lit
charactermodmaterials_assets_mi_belt_bison_rg_4b31296db3f0075978a5594b6af57bfc.bundle	-5639908993001319152	MI_Belt_Bison_RG	7322088784485553867	HDRP/Lit
charactermodmaterials_assets_mi_belt_tyr1_58c56a0f15a821f2029584c6d6066eca.bundle	-5253544126517930506	MI_Belt_TYR 1	7322088784485553867	HDRP/Lit
charactermodmaterials_assets_mi_belt_tyr_322293f15f35a92789114f74d84e431d.bundle	1074056279727631013	MI_Belt_TYR	7322088784485553867	HDRP/Lit
charactermodmaterials_assets_mi_belt_tyr_gunfighter_mab_coyote_6cfb41067387f4f191e268ef98740cfd.bundle	7910907316882691948	MI_Belt_TYR_Gunfighter_MAB_Coyote	-3661740934848837633	MilkShaders/Lit-Template
charactermodmaterials_assets_mi_belt_tyr_gunfighter_mab_ocp_0744a9cb0ecf7c8c7c4d53ef522c649a.bundle	-7577472628000786748	MI_Belt_TYR_Gunfighter_MAB_OCP	-3661740934848837633	MilkShaders/Lit-Template
charactermodmaterials_assets_mi_belt_tyraor1_742c6fdebd3b228060c31fd09ba03000.bundle	-4957727632158094412	MI_Belt_TYR AOR1	7322088784485553867	HDRP/Lit
charactermodmaterials_assets_mi_belt_tyraor2_2ed3c9984fcf8a831fdcfc234f7e9cdf.bundle	2918657100175603237	MI_Belt_TYR AOR2	7322088784485553867	HDRP/Lit
charactermodmaterials_assets_mi_belt_tyrcoyote_53a6a861d2cad3a20c6d713301f10cd9.bundle	1057040088836116356	MI_Belt_TYR Coyote	7322088784485553867	HDRP/Lit
charactermodmaterials_assets_mi_belt_tyrmcb_89846f0658374e3ee6e934a86bd61541.bundle	6201165891864173548	MI_Belt_TYR MCB	7322088784485553867	HDRP/Lit
charactermodmaterials_assets_mi_belt_tyrrg_07cc2a3180d3dc2d2bf3fa719f393575.bundle	-3847828267063722015	MI_Belt_TYR RG	7322088784485553867	HDRP/Lit
charactermodmaterials_assets_mi_bolt_cutters_232d5bfc16d1b6415be3c2f0877338f7.bundle	-8062192472509720289	MI_Bolt_Cutters	7322088784485553867	HDRP/Lit
charactermodmaterials_assets_mi_boots1_eba44896bf8218914d222afe0040be4c.bundle	381147435132533083	MI_Boots 1	-7803075278752278772	HDRP/Autodesk Interactive/AutodeskInteractive
charactermodmaterials_assets_mi_boots2_0535de684d0de88f742d398bc245a015.bundle	6625052281470066557	MI_Boots 2	-7803075278752278772	HDRP/Autodesk Interactive/AutodeskInteractive
charactermodmaterials_assets_mi_boots3_8b4b6299cb83d03da0d514a73ee38267.bundle	-5462267150439019744	MI_Boots 3	-7803075278752278772	HDRP/Autodesk Interactive/AutodeskInteractive
charactermodmaterials_assets_mi_boots_ee1d5f47fc3d023067732c4d42331432.bundle	-7253583487663901352	MI_Boots	-7803075278752278772	HDRP/Autodesk Interactive/AutodeskInteractive
charactermodmaterials_assets_mi_br_knive_14c2a4d9cae21e4b0a58e3de320195ac.bundle	2962227215789208422	MI_BR_Knive	7322088784485553867	HDRP/Lit
charactermodmaterials_assets_mi_btv_11_f614e200934467dc101868e6c317ef69.bundle	7428890959325951703	MI_BTV_1	7322088784485553867	HDRP/Lit
charactermodmaterials_assets_mi_btv_1_a62b83112e4c5ce82b5c08bfc29854c6.bundle	-4522745591668907856	MI_BTV_1	-3661740934848837633	MilkShaders/Lit-Template
charactermodmaterials_assets_mi_bullet_556_aa945e7eaebfafeebbf80a09608c7a2d.bundle	-8005995304771765879	MI_Bullet_556	-3661740934848837633	MilkShaders/Lit-Template
charactermodmaterials_assets_mi_carabiners_ferro_dmm_xsre_03_67673b2c4d604cefc7f8a6b6e3fde280.bundle	4695604122107370881	MI_Carabiners_Ferro_DMM_XSRE_03	-3661740934848837633	MilkShaders/Lit-Template
charactermodmaterials_assets_mi_chris_ea0acef2d377a808123708c53fe046ed.bundle	4978361605168317815	MI_Chris	7322088784485553867	HDRP/Lit
charactermodmaterials_assets_mi_comntacts_479ce7abe569a5bcd9e9e18d047a6433.bundle	-8967942855012493001	MI_Comntacts	7322088784485553867	HDRP/Lit
charactermodmaterials_assets_mi_comtac_6_0e6f894ce266de30fd68fa667df74fc9.bundle	-8874819249346136303	MI_Comtac_6	7322088784485553867	HDRP/Lit
charactermodmaterials_assets_mi_comtac_6mc1_8db875702db7abb8b51dd1ffde2521ee.bundle	1609528859337183221	MI_Comtac_6 MC	7322088784485553867	HDRP/Lit
charactermodmaterials_assets_mi_comtac_6mc2_f3f70490502d80f22df1aca7f70d921d.bundle	1243053432265921358	MI_Comtac_6 MC	7322088784485553867	HDRP/Lit
charactermodmaterials_assets_mi_comtac_6mc3_9e6637bbb8cfacff6d21ba99ced7fbc1.bundle	-4225147225794816693	MI_Comtac_6 MC	7322088784485553867	HDRP/Lit
charactermodmaterials_assets_mi_comtac_6mc4_2efdc308422f456ed253d22ca158af7e.bundle	308040099775036956	MI_Comtac_6 MC	7322088784485553867	HDRP/Lit
charactermodmaterials_assets_mi_comtac_6mc_c6633817694fc3dea6da336ebe26ea12.bundle	4987346816217806614	MI_Comtac_6 MC	7322088784485553867	HDRP/Lit
charactermodmaterials_assets_mi_crye_ls1_1046af8795939e65669728c507352693.bundle	-3972414344815975056	MI_CRYE_LS 1	6692683703723378954	Shader Graphs/ClothWind
charactermodmaterials_assets_mi_crye_ls_33c5f57f1765e488b690f78ff62e54e0.bundle	-4074366230822121488	MI_CRYE_LS	6692683703723378954	Shader Graphs/ClothWind
charactermodmaterials_assets_mi_crye_ls_aor1worn_1031ad0944cb4b22ae43f5aba0c61132.bundle	3484151979013764819	MI_CRYE_LS_AOR1WORN	6692683703723378954	Shader Graphs/ClothWind
charactermodmaterials_assets_mi_crye_ls_dts_d729288d0d695495d2f8b55520d80bd6.bundle	-8276809025378164183	MI_CRYE_LS_DTS	6692683703723378954	Shader Graphs/ClothWind
charactermodmaterials_assets_mi_crye_ls_flecktarn_57e765dc65add7cbdbd57c7130eea8a3.bundle	-780512666051747318	MI_CRYE_LS_Flecktarn	6692683703723378954	Shader Graphs/ClothWind
charactermodmaterials_assets_mi_crye_ls_gray_aab6258582cc67a309c917c44debae8c.bundle	-3123253596596218298	MI_CRYE_LS_Gray	6692683703723378954	Shader Graphs/ClothWind
charactermodmaterials_assets_mi_crye_ls_khaki_afcaa2d67a4df0a1f04bf058aa4d5d3d.bundle	5647591220590323422	MI_CRYE_LS_Khaki	6692683703723378954	Shader Graphs/ClothWind
charactermodmaterials_assets_mi_crye_ls_m81_53bbebe12a2d3e51d027ddf572632290.bundle	978008598715255572	MI_CRYE_LS_M81	6692683703723378954	Shader Graphs/ClothWind
charactermodmaterials_assets_mi_crye_ls_marpat1_bd593c299bcade78bf9759fd578e8a5a.bundle	-2307417917088083331	MI_CRYE_LS_Marpat 1	6692683703723378954	Shader Graphs/ClothWind
charactermodmaterials_assets_mi_crye_ls_marpat_2a7933836e364a9598ca383fe63eaa52.bundle	-2513556524295132550	MI_CRYE_LS_Marpat	6692683703723378954	Shader Graphs/ClothWind
charactermodmaterials_assets_mi_crye_ls_mcbworn_50f4fe8635d7d4bdc9e67272bb6178a3.bundle	919179279429877809	MI_CRYE_LS_MCBWORN	6692683703723378954	Shader Graphs/ClothWind
charactermodmaterials_assets_mi_crye_ls_mcworn_c40fa95cf38eb678d1b8be3d800bed0b.bundle	7300171351939143197	MI_CRYE_LS_MCWORN	6692683703723378954	Shader Graphs/ClothWind
charactermodmaterials_assets_mi_crye_ls_rg_74ff6ffec2d863e1ea42c30ba10ee8e0.bundle	-9083957431719286179	MI_CRYE_LS_RG	6692683703723378954	Shader Graphs/ClothWind
charactermodmaterials_assets_mi_crye_ls_tropic_6644ecc8c23835a68c55064bb16ddccc.bundle	6423087496549892833	MI_CRYE_LS_Tropic	6692683703723378954	Shader Graphs/ClothWind
charactermodmaterials_assets_mi_crye_lsmca_4469fa1b491fc770ba05a0ea18998aa1.bundle	4535070654685264021	MI_CRYE_LS MCA	6692683703723378954	Shader Graphs/ClothWind
charactermodmaterials_assets_mi_crye_lsmcb_900d0bb1f00bef10f13863ca3309b5f2.bundle	-9216930032783512378	MI_CRYE_LS MCB	6692683703723378954	Shader Graphs/ClothWind
charactermodmaterials_assets_mi_crye_pants_aor1worn_95b045944982978f06b649b80c5ddb14.bundle	401336984395964381	MI_CRYE_Pants_AOR1WORN	6692683703723378954	Shader Graphs/ClothWind
charactermodmaterials_assets_mi_crye_pants_dts_507de5bdb815452d28f1bccdd683348d.bundle	8016725574169605484	MI_CRYE_Pants_DTS	6692683703723378954	Shader Graphs/ClothWind
charactermodmaterials_assets_mi_crye_pants_flecktarn_80639287f39bc300927905143aab1046.bundle	-4861953031280235762	MI_CRYE_Pants_Flecktarn	6692683703723378954	Shader Graphs/ClothWind
charactermodmaterials_assets_mi_crye_pants_gray_fc1703c90b6ab2a4dfce13e2276a5190.bundle	-2622717649881722093	MI_CRYE_Pants_Gray	6692683703723378954	Shader Graphs/ClothWind
charactermodmaterials_assets_mi_crye_pants_khaki_3b2b110d95d5817ae84df920ef2e610d.bundle	7396042025723527319	MI_CRYE_Pants_Khaki	6692683703723378954	Shader Graphs/ClothWind
charactermodmaterials_assets_mi_crye_pants_m81_cb3ba44b14c5ac99e5a250a06c058387.bundle	-901811772518939072	MI_CRYE_Pants_M81	6692683703723378954	Shader Graphs/ClothWind
charactermodmaterials_assets_mi_crye_pants_marpat1_b35b55276e8f96e9a806f2d00d468a1a.bundle	7059675668363028665	MI_CRYE_Pants_Marpat 1	6692683703723378954	Shader Graphs/ClothWind
charactermodmaterials_assets_mi_crye_pants_marpat_95678cb7ac0a63d4265d3fdc7a5a8a17.bundle	6101807598617946220	MI_CRYE_Pants_Marpat	6692683703723378954	Shader Graphs/ClothWind
charactermodmaterials_assets_mi_crye_pants_mc1_fa2b5773d0cc42b2062f1f33f28c335e.bundle	4341205500178547254	MI_CRYE_Pants_MC 1	6692683703723378954	Shader Graphs/ClothWind
charactermodmaterials_assets_mi_crye_pants_mc_c5fc13f8998bfe81afbd13fc7cd3f40e.bundle	-3822402846259549365	MI_CRYE_Pants_MC	6692683703723378954	Shader Graphs/ClothWind
charactermodmaterials_assets_mi_crye_pants_mca_53d492a4e4a9a417560ce4840a7a57d0.bundle	5432869178682865030	MI_CRYE_Pants_MCA	6692683703723378954	Shader Graphs/ClothWind
charactermodmaterials_assets_mi_crye_pants_mcb_9b601a14e17036584303349094f40a64.bundle	-2374095550625887243	MI_CRYE_Pants_MCB	6692683703723378954	Shader Graphs/ClothWind
charactermodmaterials_assets_mi_crye_pants_mcbworn_82cbd4d744d156d73fd3af2654bf8bd8.bundle	5421799062277514563	MI_CRYE_Pants_MCBWORN	6692683703723378954	Shader Graphs/ClothWind
charactermodmaterials_assets_mi_crye_pants_mcworn_411dba8419cbbb20a38b2ae4f5c00275.bundle	-2584865630662081710	MI_CRYE_Pants_MCWORN	6692683703723378954	Shader Graphs/ClothWind
charactermodmaterials_assets_mi_crye_pants_rg_b7d67adcf1719f0f316c7863a609eab3.bundle	-4563884705012433053	MI_CRYE_Pants_RG	6692683703723378954	Shader Graphs/ClothWind
charactermodmaterials_assets_mi_crye_pants_tropic_ade207736fc342be0d56b3ce62de881a.bundle	6800040436813813786	MI_CRYE_Pants_Tropic	6692683703723378954	Shader Graphs/ClothWind
charactermodmaterials_assets_mi_d3crx_v1_od1_4b1b3139da4d5d713b5436da1de69d19.bundle	-2152560655556602820	MI_D3CRX_V1_OD 1	7322088784485553867	HDRP/Lit
charactermodmaterials_assets_mi_d3crx_v1_od2_78cc3211cdc02fb559fbc26b6390bc96.bundle	-4026607600249716726	MI_D3CRX_V1_BLK	7322088784485553867	HDRP/Lit
charactermodmaterials_assets_mi_d3crx_v1_od3_936fed76a9704f43e31f65e2bbdea0bf.bundle	-3269309390639115955	MI_D3CRX_V1_AOR1	7322088784485553867	HDRP/Lit
charactermodmaterials_assets_mi_d3crx_v1_od_f9604aa2afc7b42cc4dd833a216d4751.bundle	1313261183026948038	MI_D3CRX_V1_OD	7322088784485553867	HDRP/Lit
charactermodmaterials_assets_mi_d3crx_v2_black1_e1d9c2df4df64b78421fd3b6414a213c.bundle	-2251807047028315205	MI_D3CRX_V2_OD	7322088784485553867	HDRP/Lit
charactermodmaterials_assets_mi_d3crx_v2_black2_1cae74f432476829c2ca229e66db30ae.bundle	4011812791727141321	MI_D3CRX_V2_Black.001 2	7322088784485553867	HDRP/Lit
charactermodmaterials_assets_mi_d3crx_v2_black3_d8577238b4a2fe2184f868c01ad52038.bundle	-6365301301244013769	MI_D3CRX_V2_AOR1	7322088784485553867	HDRP/Lit
charactermodmaterials_assets_mi_d3crx_v2_black_093ad693964455a2f5ec6c787df4530d.bundle	9165984694919423915	MI_D3CRX_V2_MC	7322088784485553867	HDRP/Lit
charactermodmaterials_assets_mi_d3crx_v2_blk_2e55d837e0ad56a11b8447556fbd4726.bundle	2432290790117039651	MI_D3CRX_V2_BLK	7322088784485553867	HDRP/Lit
charactermodmaterials_assets_mi_d3crx_v2_mc_cdca3c7a5974720ff00435def1d2b9f9.bundle	-7094741132558621107	MI_D3CRX_V2_MC	7322088784485553867	HDRP/Lit
charactermodmaterials_assets_mi_dumppouch1_ac3c1b95f0577fd28af7eb12dbe7f4cf.bundle	-6699222910136879980	MI_DumpPouch 1	7322088784485553867	HDRP/Lit
charactermodmaterials_assets_mi_dumppouch_bae899eb74e11a76aa23234136387598.bundle	-4644424139754272054	MI_DumpPouch	7322088784485553867	HDRP/Lit
charactermodmaterials_assets_mi_dumppouchaor1_21ef4df067789f9a54a65da1f56701e6.bundle	895566506685229261	MI_DumpPouch AOR1	7322088784485553867	HDRP/Lit
charactermodmaterials_assets_mi_dumppouchaor2_c9b27479128bd509290ab57d1da39b96.bundle	-5921701928672189037	MI_DumpPouch AOR2	7322088784485553867	HDRP/Lit
charactermodmaterials_assets_mi_dumppouchcoyote_1fe8847a486a42b1b482356222d66b12.bundle	6290132354875159963	MI_DumpPouch Coyote	7322088784485553867	HDRP/Lit
charactermodmaterials_assets_mi_dumppouchmcb_ed30a68af0d12b3f568d7b5b08a56a70.bundle	4081746915567735032	MI_DumpPouch MCB	7322088784485553867	HDRP/Lit
charactermodmaterials_assets_mi_dumppouchrg_082699711a18c87cf550fed0b9a29aee.bundle	7361721531796281518	MI_DumpPouch RG	7322088784485553867	HDRP/Lit
charactermodmaterials_assets_mi_earpro_comtac_vi_de_27bab133a04f6df22cdaf7e90ae33fb8.bundle	-120236456399482933	MI_EarPro_Comtac_VI_DE	-3661740934848837633	MilkShaders/Lit-Template
charactermodmaterials_assets_mi_ess_crossbow_black_01b7e3d1d8b1a6b9b599adeba86ce850.bundle	6546376144040811815	MI_ESS_Crossbow_Black	7322088784485553867	HDRP/Lit
charactermodmaterials_assets_mi_ess_crossbow_fde_d111d5c22c8ec6aea855eb6ec017934c.bundle	-5192769921292932241	MI_ESS_Crossbow_FDE	7322088784485553867	HDRP/Lit
charactermodmaterials_assets_mi_ess_crossbow_lens_black_aa21580b149ac17b872eb39c4f0d069b.bundle	1591701454420989401	MI_ESS_Crossbow_Lens_Black	7322088784485553867	HDRP/Lit
charactermodmaterials_assets_mi_ess_crossbow_lens_blackdark_be92f9c216f2607e56de483e51a3c98a.bundle	-6876164850582691600	MI_ESS_Crossbow_Lens_Black Dark	7322088784485553867	HDRP/Lit
charactermodmaterials_assets_mi_ess_crossbow_lens_orange_e7bd4999b0e1d108200a531cb93a3298.bundle	5833437196163005011	MI_ESS_Crossbow_Lens_Orange	7322088784485553867	HDRP/Lit
charactermodmaterials_assets_mi_eyelashes_659884d897b859696ea7a39b451af41d.bundle	-6497339227066113508	MI_Eyelashes	-8603950788525925452	HDRP/Hair
charactermodmaterials_assets_mi_fcarabiners_ferro_dmm_xsre_01_e4fac6d12d0645a1837dd721ff92b02a.bundle	-513829675199089598	MI_FCarabiners_Ferro_DMM_XSRE_01	-3661740934848837633	MilkShaders/Lit-Template
charactermodmaterials_assets_mi_fcarabiners_ferro_dmm_xsre_03_0e9292b61665b5583b751482e18c1c08.bundle	4317328363658324298	MI_FCarabiners_Ferro_DMM_XSRE_03	-3661740934848837633	MilkShaders/Lit-Template
charactermodmaterials_assets_mi_ferro_dangler_blk_5055c227b95cb0af6643f8f310e7588f.bundle	4216109479061355707	MI_Ferro_Dangler_BLK	7322088784485553867	HDRP/Lit
charactermodmaterials_assets_mi_ferro_dangler_mc1_d6a7074d7fe8c1313935a35280f1b4af.bundle	5802258754808737479	MI_Ferro_Dangler_MC 1	7322088784485553867	HDRP/Lit
charactermodmaterials_assets_mi_ferro_dangler_mc_c9bf7110c834d2549ed129bcf41282ce.bundle	-6979952168567256106	MI_Ferro_Dangler_MC	7322088784485553867	HDRP/Lit
charactermodmaterials_assets_mi_ferro_dangler_od_f6b9ebb91eff7250c07b4fa6c2fd7985.bundle	-6654835577876487465	MI_Ferro_Dangler_OD	7322088784485553867	HDRP/Lit
charactermodmaterials_assets_mi_ferro_minidangler_aor1_a686f49fd42f85f6aa0e972ae08ac21d.bundle	972172836787548963	MI_Ferro_MiniDangler_AOR1	-3661740934848837633	MilkShaders/Lit-Template
charactermodmaterials_assets_mi_ferro_minidangler_coyote_fd6852f25cce1a1c3c802c2ceab68239.bundle	-6914922797678780367	MI_Ferro_MiniDangler_Coyote	-3661740934848837633	MilkShaders/Lit-Template
charactermodmaterials_assets_mi_ferro_minidangler_ocp_d71736236d30b5c2e4a8ef38c6b47f2e.bundle	-4425817192132147912	MI_Ferro_MiniDangler_OCP	-3661740934848837633	MilkShaders/Lit-Template
charactermodmaterials_assets_mi_ferro_slickster_mc_85e6270b1bfa4724cebe4b3179b5ad98.bundle	8146087185807815437	MI_Ferro_Slickster_MC	7322088784485553867	HDRP/Lit
charactermodmaterials_assets_mi_fuel_modlite_rifle_light_38055e587ab879cd0b59eb350c602ed6.bundle	6706617825515091740	MI_Fuel_Modlite_Rifle_Light	-3661740934848837633	MilkShaders/Lit-Template
charactermodmaterials_assets_mi_g171_7071cd155d397c392d169cf580468ac2.bundle	-7015109430884075266	MI_G17	7322088784485553867	HDRP/Lit
charactermodmaterials_assets_mi_g17_0d8f365b8672765d9f492c5e0fff8520.bundle	1126583004772264171	MI_G17	7322088784485553867	HDRP/Lit
charactermodmaterials_assets_mi_gasmask_airboss_lbm_7b21cd6d66734c6170e83a7005f217d5.bundle	-7099598620189474484	MI_GasMask_Airboss_LBM	7322088784485553867	HDRP/Lit
charactermodmaterials_assets_mi_gloves_petzl_cordex_folded_73675831d6b5a6b93df6f179f93e51ca.bundle	-3419411377690878559	MI_Gloves_PETZL_CORDEX_Folded	-3661740934848837633	MilkShaders/Lit-Template
charactermodmaterials_assets_mi_gp_v1_aor1_bd2181c38a0fe82d696c65280c7283fe.bundle	-1890744045645773853	MI_GP_v1_AOR1	7322088784485553867	HDRP/Lit
charactermodmaterials_assets_mi_gp_v1_aor2_645c785cd47562b80231c4a9d2b4e615.bundle	-8361056270554784269	MI_GP_v1_AOR2	7322088784485553867	HDRP/Lit
charactermodmaterials_assets_mi_gp_v1_aor_48292457af51b1d7fa657c65eb7c893c.bundle	-1942144255632516074	MI_GP_v1_AOR	7322088784485553867	HDRP/Lit
charactermodmaterials_assets_mi_gp_v1_blk_699835f497e7bbdc749c4af9a67c6dc2.bundle	527876286997704770	MI_GP_v1_BLK	7322088784485553867	HDRP/Lit
charactermodmaterials_assets_mi_gp_v1_coyote2_75dd293ceae11c663da27d68666cdb9d.bundle	5476168779046791055	MI_GP_v1_Coyote 2	7322088784485553867	HDRP/Lit
charactermodmaterials_assets_mi_gp_v1_coyote_8ca05ed5c9351273478342ae13592c1a.bundle	5726182519137042312	MI_GP_v1_Coyote	7322088784485553867	HDRP/Lit
charactermodmaterials_assets_mi_gp_v1_mc1_f1595c1496fc08c0b8a4db2e9f1718f6.bundle	-4855558280707719889	MI_GP_v1_MC 1	7322088784485553867	HDRP/Lit
charactermodmaterials_assets_mi_gp_v1_mcb_cd061aa1deb396d6ba6666f6b596a15e.bundle	-8485504973472280910	MI_GP_v1_MCB	7322088784485553867	HDRP/Lit
charactermodmaterials_assets_mi_gp_v1_od_5fdfd56540da31400665b855b501e860.bundle	9222854963528208372	MI_GP_v1_OD	7322088784485553867	HDRP/Lit
charactermodmaterials_assets_mi_gpnvg18_tan1_2236750cd3c14a48f25858fac94d1016.bundle	-5374202626521468051	MI_GPNVG18_Tan 1	7322088784485553867	HDRP/Lit
charactermodmaterials_assets_mi_gpnvg18_tan_8eeeba8d74eb8f1685f714a7a1eca3e1.bundle	8169054373833151884	MI_GPNVG18_Tan	7322088784485553867	HDRP/Lit
charactermodmaterials_assets_mi_gpnvg18_tanlenso_dfe09ed76aa2fafda8bbaa0ad0beb500.bundle	6997223283936579179	MI_GPNVG18_Tan Lens O	7322088784485553867	HDRP/Lit
charactermodmaterials_assets_mi_gpnvg18_tanlensogp_6ce1ea94f8f01c6d40e235c3c22a3e76.bundle	-6361760008051917711	MI_GPNVG18_Tan Lens O GP	7322088784485553867	HDRP/Lit
charactermodmaterials_assets_mi_heli_tether1_c2219a907cce917ac360d220cf143231.bundle	5613845241952506839	MI_Heli_Tether 1	7322088784485553867	HDRP/Lit
charactermodmaterials_assets_mi_heli_tether_f49673323184c4230917b0e4fb05ede0.bundle	5761302714175625051	MI_Heli_Tether	7322088784485553867	HDRP/Lit
charactermodmaterials_assets_mi_helmet_ihps_blk_51022f3ee56ecad81a99e575c03b5bc6.bundle	-1207985904211103944	MI_Helmet_IHPS_BLK	7322088784485553867	HDRP/Lit
charactermodmaterials_assets_mi_helmet_ihps_coverblk_2f35927b93748e1181e0d194e31901b5.bundle	8200489312966204570	MI_Helmet_IHPS_Cover BLK	7322088784485553867	HDRP/Lit
charactermodmaterials_assets_mi_helmet_ihps_covermc_7885494d8b92517c4779ca85a3b728bb.bundle	-4239606250016994298	MI_Helmet_IHPS_Cover MC	7322088784485553867	HDRP/Lit
charactermodmaterials_assets_mi_helmet_ihps_covertan_83cfa330f4219417c33027caa2d77dc4.bundle	2750641017614481429	MI_Helmet_IHPS_Cover TAN	7322088784485553867	HDRP/Lit
charactermodmaterials_assets_mi_helmet_ihps_tan_2db64b510fdb65a3e2162af54c5930f6.bundle	4359365961631008248	MI_Helmet_IHPS_TAN	7322088784485553867	HDRP/Lit
charactermodmaterials_assets_mi_holster_63540do1_b6e964da1f00a6942de333e3de12286b.bundle	-3208302833675692515	MI_Holster_63540DO 1	7322088784485553867	HDRP/Lit
charactermodmaterials_assets_mi_holster_63540do2_2bbc05496af122e76b812cfc821880af.bundle	7273639807645290783	MI_Holster_63540DO 2	7322088784485553867	HDRP/Lit
charactermodmaterials_assets_mi_holster_63540do_7828312836bfe3d510b73489be66ab84.bundle	8833398566258090245	MI_Holster_63540DO	7322088784485553867	HDRP/Lit
charactermodmaterials_assets_mi_holster_63540do_strap1_1732c809b1bf2a24fb949eb3332860a6.bundle	-336277390300051954	MI_Holster_63540DO_Strap 1	7322088784485553867	HDRP/Lit
charactermodmaterials_assets_mi_holster_63540do_strap_d8fe7db5dea285c04c72833021cddf10.bundle	3031485605720760844	MI_Holster_63540DO_Strap	7322088784485553867	HDRP/Lit
charactermodmaterials_assets_mi_holster_63540do_straprg_48322b85a58c96ca20285cb67997198c.bundle	4412491450319675438	MI_Holster_63540DO_Strap RG	7322088784485553867	HDRP/Lit
charactermodmaterials_assets_mi_holster_63540doaor1_49e0345ddd0d76aef07b107b3a25f680.bundle	-7127083631838625236	MI_Holster_63540DO AOR1	7322088784485553867	HDRP/Lit
charactermodmaterials_assets_mi_holster_63540doaor2_1baa0df8b8cce9e29efdcc93e292770d.bundle	-6640552813657930734	MI_Holster_63540DO AOR2	7322088784485553867	HDRP/Lit
charactermodmaterials_assets_mi_holster_63540dorg_d295bf8fb3aa9ed7c4a4cf452d91c7e6.bundle	7779015389846918799	MI_Holster_63540DO RG	7322088784485553867	HDRP/Lit
charactermodmaterials_assets_mi_holster_safariland_63540do_coyote_d0b9b634dae814448c7c111103c7e603.bundle	-2366597180716770096	MI_Holster_Safariland_63540DO_Coyote	-3661740934848837633	MilkShaders/Lit-Template
charactermodmaterials_assets_mi_holster_safariland_63540do_ocp_57b53deb8bb082ffb2b94b4ce6ff34cf.bundle	-2495067192886389038	MI_Holster_Safariland_63540DO_OCP	-3661740934848837633	MilkShaders/Lit-Template
charactermodmaterials_assets_mi_holster_safariland_63540do_strap_df584b6a83d3df72128e6d047bb619de.bundle	2550995626840436427	MI_Holster_Safariland_63540DO_Strap	-3661740934848837633	MilkShaders/Lit-Template
charactermodmaterials_assets_mi_ifak_v21_51af3afe06c7d59d280208273616c8d9.bundle	-685090595754525514	MI_IFAK_V2 1	7322088784485553867	HDRP/Lit
charactermodmaterials_assets_mi_ifak_v2_74469da7f53bd555063b03681a3bb621.bundle	-11077413579907136	MI_IFAK_V2	7322088784485553867	HDRP/Lit
charactermodmaterials_assets_mi_ifak_v2aor11_ede113e9a288735eb6e2af9d34fda406.bundle	1513334264876741193	MI_IFAK_V2 AOR1 1	7322088784485553867	HDRP/Lit
charactermodmaterials_assets_mi_ifak_v2aor1_e2970922dece7c7b4a65f3dbac60f1c7.bundle	360939802829551638	MI_IFAK_V2 AOR1	7322088784485553867	HDRP/Lit
charactermodmaterials_assets_mi_ifak_v2aor2_247cf792af94eb7fdcfbb66879dc0e01.bundle	614628184730194625	MI_IFAK_V2 AOR2	7322088784485553867	HDRP/Lit
charactermodmaterials_assets_mi_ifak_v2coyote_fc99b938e71e633a76883519ffe8eca8.bundle	-3002222736075959357	MI_IFAK_V2 Coyote	7322088784485553867	HDRP/Lit
charactermodmaterials_assets_mi_ifak_v2mcb_ff68e68030a143835f25b447d7495697.bundle	-7918151598848974921	MI_IFAK_V2 MCB	7322088784485553867	HDRP/Lit
charactermodmaterials_assets_mi_ifak_v2mcbvet1_16233ef125ed9fac1585a79ade93e3e0.bundle	-5172059981720828081	MI_IFAK_V2 MCB VET 1	7322088784485553867	HDRP/Lit
charactermodmaterials_assets_mi_ifak_v2mcvet_46190b94bc07854998046dc51711fe5d.bundle	6086685165138430362	MI_IFAK_V2 MC VET	7322088784485553867	HDRP/Lit
charactermodmaterials_assets_mi_ifak_v2rg_7ea1718685f758e6443b199a6e54558e.bundle	-7385574014598545937	MI_IFAK_V2 RG	7322088784485553867	HDRP/Lit
charactermodmaterials_assets_mi_ifak_v31_05c354e2cd560798242a8377456ce6ce.bundle	2179582088425452012	MI_IFAK_V3 1	7322088784485553867	HDRP/Lit
charactermodmaterials_assets_mi_ifak_v32_7fd0b9f38e2f8beea8b7697d3a64fbad.bundle	-4702999293023696002	MI_IFAK_V3 2	7322088784485553867	HDRP/Lit
charactermodmaterials_assets_mi_ifak_v3_f6bf7fd36d18374ed5a5cfb7631985a4.bundle	3294504655406041748	MI_IFAK_V3	7322088784485553867	HDRP/Lit
charactermodmaterials_assets_mi_ifak_v3aor1_dc29a886e9e4f353439e56ebae559795.bundle	-1163063689830172635	MI_IFAK_V3 AOR1	7322088784485553867	HDRP/Lit
charactermodmaterials_assets_mi_ifak_v3aor2_453922ebe8ee2cf8f05b0796b3edbec1.bundle	-2627160266150081214	MI_IFAK_V3 AOR2	7322088784485553867	HDRP/Lit
charactermodmaterials_assets_mi_ifak_v3mcb_5171fd874ffcb8b05564ca4ad454746b.bundle	2038623979458358345	MI_IFAK_V3 MCB	7322088784485553867	HDRP/Lit
charactermodmaterials_assets_mi_ifak_v3rg_ef5b05a4f82571b60c60c503a0655be3.bundle	431708656373978708	MI_IFAK_V3 RG	7322088784485553867	HDRP/Lit
charactermodmaterials_assets_mi_jacket_patagonia10_a6ddb48d1fcbfacb42cf8f76d07d5a52.bundle	-1833340358640079779	MI_Jacket_Patagonia 10	6692683703723378954	Shader Graphs/ClothWind
charactermodmaterials_assets_mi_jacket_patagonia1_ea45148fcf197aa6ef7e48a0b023add2.bundle	1866734289946549045	MI_Jacket_Patagonia 1	6692683703723378954	Shader Graphs/ClothWind
charactermodmaterials_assets_mi_jacket_patagonia2_8bb352f2fdc92e7e0876150b2fda9f03.bundle	-7257523510290398699	MI_Jacket_Patagonia 2	6692683703723378954	Shader Graphs/ClothWind
charactermodmaterials_assets_mi_jacket_patagonia3_fa72eb98a8bb7947584319893f246fb8.bundle	-6966123762294617646	MI_Jacket_Patagonia 3	6692683703723378954	Shader Graphs/ClothWind
charactermodmaterials_assets_mi_jacket_patagonia4_06d06192748b2664e192ec3c09a147cf.bundle	1411409849102565370	MI_Jacket_Patagonia 4	6692683703723378954	Shader Graphs/ClothWind
charactermodmaterials_assets_mi_jacket_patagonia5_0e92d8aae0a997c68a0a9847cd634414.bundle	-5244265689881207179	MI_Jacket_Patagonia 5	6692683703723378954	Shader Graphs/ClothWind
charactermodmaterials_assets_mi_jacket_patagonia6_e8dc379bf16f71842f387b329806c029.bundle	8398498215614525225	MI_Jacket_Patagonia 6	6692683703723378954	Shader Graphs/ClothWind
charactermodmaterials_assets_mi_jacket_patagonia7_9b14df59d63764ba3f249a842b8b1dde.bundle	-8573400723076843930	MI_Jacket_Patagonia 7	6692683703723378954	Shader Graphs/ClothWind
charactermodmaterials_assets_mi_jacket_patagonia8_37cda910f34624f5ad7c7f7b62402c37.bundle	-2938197344012114175	MI_Jacket_Patagonia 8	6692683703723378954	Shader Graphs/ClothWind
charactermodmaterials_assets_mi_jacket_patagonia9_3f7ca371e67e04b777cf917fcc3fc6b2.bundle	-6224549639191914366	MI_Jacket_Patagonia 9	6692683703723378954	Shader Graphs/ClothWind
charactermodmaterials_assets_mi_jacket_patagonia_8e5e4d0bf5ce2eb916b526d42b1e00d2.bundle	6438945631056841187	MI_Jacket_Patagonia	6692683703723378954	Shader Graphs/ClothWind
charactermodmaterials_assets_mi_jeans_levis11_450917436097f96a7d183def833c5e92.bundle	2969265232145864463	MI_Jeans_LEVIS 1	6692683703723378954	Shader Graphs/ClothWind
charactermodmaterials_assets_mi_jeans_levis12_28bc2b1553158b6c7f1ca9401c83ad79.bundle	-2760287351688916739	MI_Jeans_LEVIS 1	6692683703723378954	Shader Graphs/ClothWind
charactermodmaterials_assets_mi_jeans_levis1_a03763177c95b5cabc2c029ba0fbadb0.bundle	-6126637770164623913	MI_Jeans_LEVIS 1	6692683703723378954	Shader Graphs/ClothWind
charactermodmaterials_assets_mi_jeans_levis21_702f4e14fd871a8a1c4a2890315cda5b.bundle	-6157129327220725861	MI_Jeans_LEVIS 2	6692683703723378954	Shader Graphs/ClothWind
charactermodmaterials_assets_mi_jeans_levis2_da2d851613d6cd6fd766b96831bd1a49.bundle	2194483693982954544	MI_Jeans_LEVIS 2	6692683703723378954	Shader Graphs/ClothWind
charactermodmaterials_assets_mi_jeans_levis3_753936522a1bb1fdadd560252b567fa2.bundle	-2194494322956115934	MI_Jeans_LEVIS 3	6692683703723378954	Shader Graphs/ClothWind
charactermodmaterials_assets_mi_jeans_levis4_da714f310d2e219b1ea29eeb994409f0.bundle	741707059759808310	MI_Jeans_LEVIS	6692683703723378954	Shader Graphs/ClothWind
charactermodmaterials_assets_mi_jeans_levis_6dd4ee5b618631f8f83a1794b66039c4.bundle	3033971385166295951	MI_Jeans_LEVIS	6692683703723378954	Shader Graphs/ClothWind
charactermodmaterials_assets_mi_jeans_levisgray_3f7008b3df6f72f86fd890574cfa6704.bundle	-1782489061261366478	MI_Jeans_LEVIS Gray	6692683703723378954	Shader Graphs/ClothWind
charactermodmaterials_assets_mi_kagweks_s7_47bed3ed22d360bdc221851f1500daba.bundle	1033942937197025997	MI_KAGWEKS_S7	7322088784485553867	HDRP/Lit
charactermodmaterials_assets_mi_knife_swk_guardian_b5089cd7fc2dc1f112b438a81b613846.bundle	-6742391582066854683	MI_Knife_SWK_Guardian	-3661740934848837633	MilkShaders/Lit-Template
charactermodmaterials_assets_mi_m4pmagfde_ba8c37c74fe84872a4b7201f936f8919.bundle	9103896300079201071	MI_M4Pmag FDE	7322088784485553867	HDRP/Lit
charactermodmaterials_assets_mi_mag_20r_46cb41ae2f53fdd266c31120a820e78b.bundle	-1344276025111262411	MI_Mag_20R	-3661740934848837633	MilkShaders/Lit-Template
charactermodmaterials_assets_mi_mag_magpul_emag_blk_b74c82d7fed96f7c48177927b9dbfe0a.bundle	-6409837447219518502	MI_Mag_Magpul_Emag_BLK	7322088784485553867	HDRP/Lit
charactermodmaterials_assets_mi_mag_magpul_pmag_gen3_m3_556_30_blk_4b0e19479cacdf4a1968edd91e61c928.bundle	-993960690063699741	MI_Mag_Magpul_PMAG_GEN3_M3_556_30_BLK	-3661740934848837633	MilkShaders/Lit-Template
charactermodmaterials_assets_mi_mag_magpul_pmag_gen3_m3_556_30_tan_f184a21fb845c1018b0c207f098e944c.bundle	2767463247659980043	MI_Mag_Magpul_PMAG_GEN3_M3_556_30_Tan	-3661740934848837633	MilkShaders/Lit-Template
charactermodmaterials_assets_mi_mag_magpul_pmag_gen3_m3_glass_cebedf12f418067b452f8be26eb722fb.bundle	-8253063136106764094	MI_Mag_Magpul_PMAG_GEN3_M3_Glass	-3661740934848837633	MilkShaders/Lit-Template
charactermodmaterials_assets_mi_magpul_emag_a585475529dc98d0d2ddb05a061ad204.bundle	-4409892610401686320	MI_Magpul_Emag	7322088784485553867	HDRP/Lit
charactermodmaterials_assets_mi_mechanicxgloves_left_black_036c873eb413990d5497be663969926d.bundle	3992308178430154561	MI_MechanicxGloves_Left_Black	7322088784485553867	HDRP/Lit
charactermodmaterials_assets_mi_med_tq_cat_g7_d97b15745d258cbb8256abd8f11162e0.bundle	-6325018483676428427	MI_Med_TQ_Cat_G7	-3661740934848837633	MilkShaders/Lit-Template
charactermodmaterials_assets_mi_mich_lc_ac_6d40e492ae405859cdc3714dd203b8b0.bundle	-3699647965405122461	MI_MICH_LC_AC	7322088784485553867	HDRP/Lit
charactermodmaterials_assets_mi_mich_lc_painted1_1e19b85f4e3ab4818d028b957aeb7d63.bundle	5955937572102107090	MI_MICH_LC_Painted 1	7322088784485553867	HDRP/Lit
charactermodmaterials_assets_mi_mich_lc_painted2_9147b28e6030ff012bb623ef366b4401.bundle	5880710859473169200	MI_MICH_LC_Painted 2	7322088784485553867	HDRP/Lit
charactermodmaterials_assets_mi_mich_lc_painted3_9faec603f082ed87e390e60526923b46.bundle	6269360036048346270	MI_MICH_LC_Painted 3	7322088784485553867	HDRP/Lit
charactermodmaterials_assets_mi_mich_lc_painted_a2cf6eff5607332da8271d7881eb5fdb.bundle	-6906127500945499007	MI_MICH_LC_Painted	7322088784485553867	HDRP/Lit
charactermodmaterials_assets_mi_mike_watch1_4c060a4c0313739bd60ad18f1a336577.bundle	7727491690902259833	MI_Mike_Watch 1	-3661740934848837633	MilkShaders/Lit-Template
charactermodmaterials_assets_mi_miscellaneous_011_1f3245501e8df8471ab04b67e0c11580.bundle	9123236949989485125	MI_Miscellaneous_01 1	7322088784485553867	HDRP/Lit
charactermodmaterials_assets_mi_miscellaneous_012_cd2f2330f5c3187cfa6586cc71e2d2bd.bundle	3541351160969181460	MI_Miscellaneous_01 2	7322088784485553867	HDRP/Lit
charactermodmaterials_assets_mi_miscellaneous_013_9d6be3cc273b145d001f8106ccfefb19.bundle	1328501526208321182	MI_Miscellaneous_01 3	7322088784485553867	HDRP/Lit
charactermodmaterials_assets_mi_miscellaneous_014_f9d394ee89bb2d6822b0eb5d9cafe724.bundle	5014644954205347737	MI_Miscellaneous_01 4	7322088784485553867	HDRP/Lit
charactermodmaterials_assets_mi_miscellaneous_01_a99d7c11c5c84afd9f36750a043f3e25.bundle	-4700482061020762725	MI_Miscellaneous_01	7322088784485553867	HDRP/Lit
charactermodmaterials_assets_mi_miscellaneous_01aor1_88dbe7373c76d53a3e2be95df0560390.bundle	3506944627667625748	MI_Miscellaneous_01 AOR1	7322088784485553867	HDRP/Lit
charactermodmaterials_assets_mi_miscellaneous_01aor2_0a5c72fc68c87871a679afff68dfa20d.bundle	6880701793096080939	MI_Miscellaneous_01 AOR2	7322088784485553867	HDRP/Lit
charactermodmaterials_assets_mi_miscellaneous_01coyote_e9692ea65647db83ae7f6666fb56e3ee.bundle	-8644137423444230837	MI_Miscellaneous_01 Coyote	7322088784485553867	HDRP/Lit
charactermodmaterials_assets_mi_miscellaneous_01mcb_a1a772ee0f33c0abb3c04dfcee840b1b.bundle	6049472419723319224	MI_Miscellaneous_01 MCB	7322088784485553867	HDRP/Lit
charactermodmaterials_assets_mi_miscellaneous_01od_dfd1c8d2bf82a66c36fc29ae60c4aa0f.bundle	-2755472406768373626	MI_Miscellaneous_01 OD	7322088784485553867	HDRP/Lit
charactermodmaterials_assets_mi_miscellaneous_01rg_c603861db188a5301d93737c12647367.bundle	-8044503820526690932	MI_Miscellaneous_01 RG	7322088784485553867	HDRP/Lit
charactermodmaterials_assets_mi_miscellaneous_021_83fce6a2de05e315be1ae7317577154d.bundle	328610353820378150	MI_Miscellaneous_02	7322088784485553867	HDRP/Lit
charactermodmaterials_assets_mi_miscellaneous_022_bb9cd42fbf5408a93ee40921974657d7.bundle	-1125623467223743643	MI_Miscellaneous_02	7322088784485553867	HDRP/Lit
charactermodmaterials_assets_mi_miscellaneous_02_41951856163fae547ee0de06bd34e746.bundle	8966841386035774899	MI_Miscellaneous_02	7322088784485553867	HDRP/Lit
charactermodmaterials_assets_mi_miscellaneous_9ad59e75dbc0bdd675ab13487019e437.bundle	-6338172846711059853	MI_Miscellaneous	7322088784485553867	HDRP/Lit
charactermodmaterials_assets_mi_mount_g24_wilcox_tan1_d97a8f5d6c46a93b0656ff9786dc469e.bundle	-4825795220283926922	MI_Mount_G24_Wilcox_Tan 1	7322088784485553867	HDRP/Lit
charactermodmaterials_assets_mi_mount_g24_wilcox_tan_7cedcc579561116d40906459ca6e060e.bundle	-1089702754168018754	MI_Mount_G24_Wilcox_Tan	7322088784485553867	HDRP/Lit
charactermodmaterials_assets_mi_mpu5_blk_65253e0568f02281aebb1b9a72709057.bundle	1839282261458378610	MI_MPU5_BLK	7322088784485553867	HDRP/Lit
charactermodmaterials_assets_mi_mpu5_coyote_e9af6ad46a8bde152131a6a57161f6db.bundle	3553836290044588751	MI_MPU5_Coyote	7322088784485553867	HDRP/Lit
charactermodmaterials_assets_mi_mpu5_d0502fb03626a51f71b633606ea4d33e.bundle	2795805910781882944	MI_MPU5	-7803075278752278772	HDRP/Autodesk Interactive/AutodeskInteractive
charactermodmaterials_assets_mi_mpu5_mc_66e6560a12361761b041f2daaac3828d.bundle	-2710373768965443177	MI_MPU5_MC	7322088784485553867	HDRP/Lit
charactermodmaterials_assets_mi_multitool_8e7c9d0a73b578f6df3a36b2e2ee753e.bundle	8428841083817541309	MI_Multitool	-3661740934848837633	MilkShaders/Lit-Template
charactermodmaterials_assets_mi_nvg_l3harris_fpgpnvg_fde_3179a00c1c88170ff0a5669d83592ecd.bundle	-7997177821780701564	MI_NVG_L3Harris_FPGPNVG_FDE	-3661740934848837633	MilkShaders/Lit-Template
charactermodmaterials_assets_mi_nvg_mount_l3harris_fpg_21_fde_77b90a4bef6eda5c8b552641a48b8c71.bundle	-3186975470257460788	MI_NVG_Mount_L3Harris_FPG_21_FDE	-3661740934848837633	MilkShaders/Lit-Template
charactermodmaterials_assets_mi_oakleys_83b72e19ff190c3cbae5a9ae9ae8abb0.bundle	-4764339661051626307	MI_Oakleys	-3661740934848837633	MilkShaders/Lit-Template
charactermodmaterials_assets_mi_opscore_fast_mt_cover_amcu_709e5ad3630769a6ed9d5ea177ad6f8e.bundle	-2245663209606329920	MI_Opscore_FAST_MT_Cover_AMCU	7322088784485553867	HDRP/Lit
charactermodmaterials_assets_mi_opscore_fast_mt_cover_aor1_402bf1a17034382cdb3a07b4e0f2988e.bundle	737199176703825352	MI_Opscore_FAST_MT_Cover_AOR1	7322088784485553867	HDRP/Lit
charactermodmaterials_assets_mi_opscore_fast_mt_cover_aor2_d97c510ddc90dac7365822d27e61c8d0.bundle	-8414637788593937452	MI_Opscore_FAST_MT_Cover_AOR2	7322088784485553867	HDRP/Lit
charactermodmaterials_assets_mi_opscore_fast_mt_cover_blk_b779b95ef8f2895d7b87a5b0b24c4593.bundle	-6724843324431290181	MI_Opscore_FAST_MT_Cover_BLK	7322088784485553867	HDRP/Lit
charactermodmaterials_assets_mi_opscore_fast_mt_cover_coyotebrown_added659e158a1f9b29decb7c5be042f.bundle	4030390444398204841	MI_Opscore_FAST_MT_Cover_CoyoteBrown	7322088784485553867	HDRP/Lit
charactermodmaterials_assets_mi_opscore_fast_mt_cover_m81_47b81087e8f3df3fa97e13a23def2797.bundle	7007288875699743470	MI_Opscore_FAST_MT_Cover_M81	7322088784485553867	HDRP/Lit
charactermodmaterials_assets_mi_opscore_fast_mt_cover_mc1_6eae967318adde120370b1872314cec4.bundle	6762936874589895448	MI_Opscore_FAST_MT_Cover_MC 1	7322088784485553867	HDRP/Lit
charactermodmaterials_assets_mi_opscore_fast_mt_cover_mc2_38df058145f1881e093e45f5bddcd4c1.bundle	897236382034618457	MI_Opscore_FAST_MT_Cover_MC 2	7322088784485553867	HDRP/Lit
charactermodmaterials_assets_mi_opscore_fast_mt_cover_mc_6d03cd164170515f161d9ff969d1fba4.bundle	4251292742335045315	MI_Opscore_FAST_MT_Cover_MC	7322088784485553867	HDRP/Lit
charactermodmaterials_assets_mi_opscore_fast_mt_cover_mcalpine_83c987b12a41c610771abfa84340aa73.bundle	-1190550676194811647	MI_Opscore_FAST_MT_Cover_MCAlpine	7322088784485553867	HDRP/Lit
charactermodmaterials_assets_mi_opscore_fast_mt_cover_mcarid_1781eb20c574f5de5b04b728fff1c5c4.bundle	7454525849127512345	MI_Opscore_FAST_MT_Cover_MCArid	7322088784485553867	HDRP/Lit
charactermodmaterials_assets_mi_opscore_fast_mt_cover_mcb_10b6edfabc8d8e9fb9d4fe14b0a9205d.bundle	-128292994639359294	MI_Opscore_FAST_MT_Cover_MCB	7322088784485553867	HDRP/Lit
charactermodmaterials_assets_mi_opscore_fast_mt_cover_mcjungle_22dc62aef39360b7019b56d34444ed17.bundle	-3350531408813516914	MI_Opscore_FAST_MT_Cover_MCJungle	7322088784485553867	HDRP/Lit
charactermodmaterials_assets_mi_opscore_fast_mt_cover_mtp_d1f4c5c1f162adea275fe2187ff4f0ec.bundle	3765268335507719807	MI_Opscore_FAST_MT_Cover_MTP	7322088784485553867	HDRP/Lit
charactermodmaterials_assets_mi_opscore_fast_mt_cover_rg_c97e6acc113fe12500ed152e3354eac1.bundle	4730204163918945095	MI_Opscore_FAST_MT_Cover_RG	7322088784485553867	HDRP/Lit
charactermodmaterials_assets_mi_opscore_fast_mt_cover_tan_7f0ee2d0f6ec98ea8e1134da5ae9d84b.bundle	-6558834347965670796	MI_Opscore_FAST_MT_Cover_TAN	7322088784485553867	HDRP/Lit
charactermodmaterials_assets_mi_opscore_fast_mt_cover_ts_9756e2c87eec78b6ee2c911af915367e.bundle	-6007980510098627294	MI_Opscore_FAST_MT_Cover_TS	7322088784485553867	HDRP/Lit
charactermodmaterials_assets_mi_opscore_fast_mt_cover_tsd_43fbd160cf00a4f28a5de981ef64229a.bundle	-2959208296728423877	MI_Opscore_FAST_MT_Cover_TSD	7322088784485553867	HDRP/Lit
charactermodmaterials_assets_mi_opscore_fast_mt_helmet_blk2_7a6031c1c99d228047b0dad9cfb34175.bundle	8716767915795935379	MI_Opscore_FAST_MT_Helmet_BLK2	7322088784485553867	HDRP/Lit
charactermodmaterials_assets_mi_opscore_fast_mt_helmet_coyotebrown_30e46987607d32a3bd5f3784f3ec3cc6.bundle	-7292027738684983461	MI_Opscore_FAST_MT_Helmet_CoyoteBrown	7322088784485553867	HDRP/Lit
charactermodmaterials_assets_mi_opscore_fast_mt_helmet_fde1_25d8d90d9a349cb868093e409da72970.bundle	3830166552798835634	MI_Opscore_FAST_MT_Helmet_FDE 1	7322088784485553867	HDRP/Lit
charactermodmaterials_assets_mi_opscore_fast_mt_helmet_fde2_22cf88ebf22f86255c432cb3c11cf4d9.bundle	3627466013212662555	MI_Opscore_FAST_MT_Helmet_FDE 2	7322088784485553867	HDRP/Lit
charactermodmaterials_assets_mi_opscore_fast_mt_helmet_fde_8a9a14291750eb4e8815bb8888dd186c.bundle	7830306950164167135	MI_Opscore_FAST_MT_Helmet_FDE	7322088784485553867	HDRP/Lit
charactermodmaterials_assets_mi_opscore_fast_mt_helmet_fdert_d79aa2e963034c6c1ee8b459ef338fc8.bundle	4090477244724365533	MI_Opscore_FAST_MT_Helmet_FDErt	7322088784485553867	HDRP/Lit
charactermodmaterials_assets_mi_opscore_fast_mt_helmet_rg_f4b6eddaabcf772c0bc3d9e66e165fd2.bundle	-1331301183496596865	MI_Opscore_FAST_MT_Helmet_RG	7322088784485553867	HDRP/Lit
charactermodmaterials_assets_mi_opscore_fast_mt_helmet_tan_11e5a5842c91036f28f2a6b94ec7d76d.bundle	5535744336850189913	MI_Opscore_FAST_MT_Helmet_Tan	7322088784485553867	HDRP/Lit
charactermodmaterials_assets_mi_opscore_fast_mt_helmet_worn_e4b240195d7da21b3136e822e20376d9.bundle	-2896215866856182992	MI_Opscore_FAST_MT_Helmet_WORN	7322088784485553867	HDRP/Lit
charactermodmaterials_assets_mi_patch_3dma_us_co_7f13368403faa3f12e6ab3c37d3b2fd3.bundle	1264199305795331482	MI_Patch_3DMA_US_CO	-3661740934848837633	MilkShaders/Lit-Template
charactermodmaterials_assets_mi_patch_3dma_us_ir_1b05fefd4e9408357156bc56c513c633.bundle	2685879855777876144	MI_Patch_3DMA_US_IR	7322088784485553867	HDRP/Lit
charactermodmaterials_assets_mi_patch_jtac_f0e978d67142c5381a3e67057da29b62.bundle	4207854808138141868	MI_Patch_JTAC	7322088784485553867	HDRP/Lit
charactermodmaterials_assets_mi_patch_us_bw1_8dc7e17c9336b3839a853c8d7c6ac4d8.bundle	-6221214859753319429	MI_Patch_US_BW 1	7322088784485553867	HDRP/Lit
charactermodmaterials_assets_mi_patch_us_bw_2720380ac7414b8271983117f415cae3.bundle	2606198522223198988	MI_Patch_US_BW	7322088784485553867	HDRP/Lit
charactermodmaterials_assets_mi_patch_us_ir_0cd1d0dac4be0e47c8d4c511d63e2a1c.bundle	7135134578708893175	MI_Patch_US_IR	7322088784485553867	HDRP/Lit
charactermodmaterials_assets_mi_patch_us_snake_02_c69ac7236664134d0d8b62ae875f78b5.bundle	-5103788868142056478	MI_Patch_US_Snake_02	7322088784485553867	HDRP/Lit
charactermodmaterials_assets_mi_pcu_coyote_2d76df285c2af889b7eea6dfc412b822.bundle	-7891665790214004517	MI_PCU_Coyote	6692683703723378954	Shader Graphs/ClothWind
charactermodmaterials_assets_mi_pcu_fde_4b5723461b6c5402a146ed1a14045c3d.bundle	524272741815520018	MI_PCU_FDE	6692683703723378954	Shader Graphs/ClothWind
charactermodmaterials_assets_mi_pcu_grey11_778a38092aecc278a4f0f2b3be60c01f.bundle	368755010372467526	MI_PCU_Grey 1	6692683703723378954	Shader Graphs/ClothWind
charactermodmaterials_assets_mi_pcu_grey1_af2029e990852c2940a929f87975425a.bundle	-7328636212119574511	MI_PCU_Grey 1	6692683703723378954	Shader Graphs/ClothWind
charactermodmaterials_assets_mi_pcu_grey21_68197253e45f17a003c9514a4c54c016.bundle	1733599609052208272	MI_PCU_Grey 2	6692683703723378954	Shader Graphs/ClothWind
charactermodmaterials_assets_mi_pcu_grey2_f1a57475b7c605515e0c5df1654dc21e.bundle	-6991692016644389071	MI_PCU_Grey 2	6692683703723378954	Shader Graphs/ClothWind
charactermodmaterials_assets_mi_pcu_grey_77871888ee7cdec74219484a89c35696.bundle	-9077150973090172554	MI_PCU_Grey	6692683703723378954	Shader Graphs/ClothWind
charactermodmaterials_assets_mi_pcu_od_0f6ef6fe4ac0316e0a8ea63982d4c398.bundle	-1277648724342564611	MI_PCU_OD	6692683703723378954	Shader Graphs/ClothWind
charactermodmaterials_assets_mi_pcu_tigerstripe_0a18026b0157ac3d1db6d869170e6271.bundle	-2725632781710871692	MI_PCU_Tigerstripe	6692683703723378954	Shader Graphs/ClothWind
charactermodmaterials_assets_mi_pincer_pistol_single_pouch_coyote_27958455cc5b97ea5d2b5962e9882bb2.bundle	3447904487630803430	MI_Pincer_Pistol_Single_Pouch_Coyote	-3661740934848837633	MilkShaders/Lit-Template
charactermodmaterials_assets_mi_pincer_pistol_single_pouch_ocp_67d5cb27046133da8c2ca06104683cbe.bundle	-4830832022564973287	MI_Pincer_Pistol_Single_Pouch_OCP	-3661740934848837633	MilkShaders/Lit-Template
charactermodmaterials_assets_mi_pistoldouble1_2c8b04fb95bcc7a216737d63af123067.bundle	2647210672298245188	MI_PistolDouble 1	7322088784485553867	HDRP/Lit
charactermodmaterials_assets_mi_pistoldouble2_9c1b0002ed5e3c0fa0dcb51349c6776b.bundle	-8623254357709427461	MI_PistolDouble 2	7322088784485553867	HDRP/Lit
charactermodmaterials_assets_mi_pistoldouble_eeafc600c93c0e9cc3523eca02d67590.bundle	8696502086328284185	MI_PistolDouble	7322088784485553867	HDRP/Lit
charactermodmaterials_assets_mi_pistoldoubleaor1_b15e978d4cace85832c18b0b17b4858e.bundle	-2419430904151322258	MI_PistolDouble AOR1	7322088784485553867	HDRP/Lit
charactermodmaterials_assets_mi_pistoldoubleaor2_2790418b14fe84e6ed691078644a1a9e.bundle	-8524995462991811339	MI_PistolDouble AOR2	7322088784485553867	HDRP/Lit
charactermodmaterials_assets_mi_pistoldoublemcb_70800bdddbd027cf5eb0fa6f5ecaeda7.bundle	1237195133561258713	MI_PistolDouble MCB	7322088784485553867	HDRP/Lit
charactermodmaterials_assets_mi_pistoldoublerg_f09ed71399b9dadd8acd73872ebdd91d.bundle	5532780672773808753	MI_PistolDouble RG	7322088784485553867	HDRP/Lit
charactermodmaterials_assets_mi_pmag_556_e6388d7446e5ff293e3a55fcdeea5258.bundle	1716118588465899754	MI_PMAG_556	7322088784485553867	HDRP/Lit
charactermodmaterials_assets_mi_pouch_40mm1_85ed9111242bbcc34e82b6dae68f40f3.bundle	3327431223754351920	MI_Pouch_40mm 1	7322088784485553867	HDRP/Lit
charactermodmaterials_assets_mi_pouch_40mm_6e7a3ad66170962713f327aff64132e2.bundle	1355645321837448401	MI_Pouch_40mm	7322088784485553867	HDRP/Lit
charactermodmaterials_assets_mi_pouch_40mmcoyote_04f526c9fd8d1db0f95ec2a326fcab99.bundle	-8445279874163685225	MI_Pouch_40mm Coyote	7322088784485553867	HDRP/Lit
charactermodmaterials_assets_mi_pouch_40mmrg_48477c5afac0bfefeefc6e457e31baab.bundle	929129834238032534	MI_Pouch_40mm RG	7322088784485553867	HDRP/Lit
charactermodmaterials_assets_mi_pouch_ada_shingle_single_m4_coyote_92fc27c793286d2d4602843bac7ea104.bundle	4909478496856983221	MI_Pouch_ADA_Shingle_Single_M4_Coyote	-3661740934848837633	MilkShaders/Lit-Template
charactermodmaterials_assets_mi_pouch_ada_shingle_single_m4_ocp_01_20c6fb21f0bd9c64353297fd5ca850c5.bundle	7711756025263531788	MI_Pouch_ADA_Shingle_Single_M4_OCP_01	-3661740934848837633	MilkShaders/Lit-Template
charactermodmaterials_assets_mi_pouch_ada_shingle_single_m4_ocp_cbe24cd7094c5b18e10811464fec88bb.bundle	-2593589229681668111	MI_Pouch_ADA_Shingle_Single_M4_OCP	-3661740934848837633	MilkShaders/Lit-Template
charactermodmaterials_assets_mi_pouch_agilite_admin_2ndlayer_coyote_32df2f1939836136c389b12dc0586227.bundle	-9222562788694968522	MI_Pouch_Agilite_Admin_2ndLayer_Coyote	-3661740934848837633	MilkShaders/Lit-Template
charactermodmaterials_assets_mi_pouch_agilite_admin_2ndlayer_ocp_709afc1696bd59a462725883a80353ba.bundle	-8995375965205200473	MI_Pouch_Agilite_Admin_2ndLayer_OCP	-3661740934848837633	MilkShaders/Lit-Template
charactermodmaterials_assets_mi_pouch_agilite_placard_pincer_triple_coyote_df87f219931f66670820b78befded3b2.bundle	591767194013325594	MI_Pouch_Agilite_Placard_Pincer_Triple_Coyote	-3661740934848837633	MilkShaders/Lit-Template
charactermodmaterials_assets_mi_pouch_agilite_placard_pincer_triple_ocp_b9b5dc9e38177fc7de71f21661430c06.bundle	-3847729282939650636	MI_Pouch_Agilite_Placard_Pincer_Triple_OCP	-3661740934848837633	MilkShaders/Lit-Template
charactermodmaterials_assets_mi_pouch_avs1_75ff98fd38f2db47ae73ae491babf115.bundle	-8975423076054775004	MI_Pouch_AVS 1	7322088784485553867	HDRP/Lit
charactermodmaterials_assets_mi_pouch_avs2_0a2aedbe1921c9c34e9546468d35c71a.bundle	-4557882213798354391	MI_Pouch_AVS 2	7322088784485553867	HDRP/Lit
charactermodmaterials_assets_mi_pouch_avs_6c83c81e0be6fe10dd59cb733f8501a7.bundle	-6496717302841986521	MI_Pouch_AVS	7322088784485553867	HDRP/Lit
charactermodmaterials_assets_mi_pouch_avsaor11_71be409ba6a71bfc030fb3068af6aab3.bundle	-2519646701934430825	MI_Pouch_AVS AOR1 1	7322088784485553867	HDRP/Lit
charactermodmaterials_assets_mi_pouch_avsaor1_02ce2b102fb771b059bc302ec4ed8a32.bundle	5374987086146059324	MI_Pouch_AVS AOR1	7322088784485553867	HDRP/Lit
charactermodmaterials_assets_mi_pouch_avscoyote2_9a781c10b42d430019cc2cf96e6d2af5.bundle	-2204710590620762507	MI_Pouch_AVS Coyote 2	7322088784485553867	HDRP/Lit
charactermodmaterials_assets_mi_pouch_avsm81_c5aaaa89c661afabe4b5ba95fa88ed53.bundle	-7043677453976591307	MI_Pouch_AVS M81	7322088784485553867	HDRP/Lit
charactermodmaterials_assets_mi_pouch_avsmcb_02c6dc6b26e62a1b32c7ac8e891be2ed.bundle	-2948195601483803774	MI_Pouch_AVS MCB	7322088784485553867	HDRP/Lit
charactermodmaterials_assets_mi_pouch_avsmcbvet_e22bcfc7eaec11da22fd47444ccc5547.bundle	-5438971176734688566	MI_Pouch_AVS MCB VET	7322088784485553867	HDRP/Lit
charactermodmaterials_assets_mi_pouch_avsmcvet_744843ac4577dac0e33fc2fd68fcb1f5.bundle	-348426928393050196	MI_Pouch_AVS MC VET	7322088784485553867	HDRP/Lit
charactermodmaterials_assets_mi_pouch_avsrg_4913c933291e8f5a3263d30990dec024.bundle	5982764730781967245	MI_Pouch_AVS RG	7322088784485553867	HDRP/Lit
charactermodmaterials_assets_mi_pouch_avsts_6251104dcf29c605c869c8972654328e.bundle	-5976880971569710374	MI_Pouch_AVS TS	7322088784485553867	HDRP/Lit
charactermodmaterials_assets_mi_pouch_bfg_tenspeed_coyote_f90bb76e0e5556fb970cec53227e72c9.bundle	-6607757381312657393	MI_Pouch_BFG_TenSpeed_Coyote	-3661740934848837633	MilkShaders/Lit-Template
charactermodmaterials_assets_mi_pouch_bfg_tenspeed_ocp_4621016ba36f7a1112896f4f8b07837b.bundle	5133222659198072878	MI_Pouch_BFG_TenSpeed_OCP	-3661740934848837633	MilkShaders/Lit-Template
charactermodmaterials_assets_mi_pouch_crye_frag_coyote_6d60485c4396fee63206c89705079915.bundle	4711991943571442574	MI_Pouch_CRYE_Frag_Coyote	-3661740934848837633	MilkShaders/Lit-Template
charactermodmaterials_assets_mi_pouch_crye_frag_ocp_c666a8b56d02676cf181ea72d921090d.bundle	-2229053553917777401	MI_Pouch_CRYE_Frag_OCP	-3661740934848837633	MilkShaders/Lit-Template
charactermodmaterials_assets_mi_pouch_ferro_admin_aor1_41591604b651a29e16b9766d99f425b9.bundle	8502155618695971833	MI_Pouch_Ferro_Admin_AOR1	-3661740934848837633	MilkShaders/Lit-Template
charactermodmaterials_assets_mi_pouch_ferro_admin_coyote_436ddfadff334aa79b9798bd7b1230aa.bundle	-2918163680442970832	MI_Pouch_Ferro_Admin_Coyote	-3661740934848837633	MilkShaders/Lit-Template
charactermodmaterials_assets_mi_pouch_ferro_admin_ocp_c2a06d9df65f72864af1fec4280f560e.bundle	-317406229729826568	MI_Pouch_Ferro_Admin_OCP	-3661740934848837633	MilkShaders/Lit-Template
charactermodmaterials_assets_mi_pouch_ferro_bangerpocket_aor1_ea71911d85fd1d12140982bc12805c66.bundle	6167473154936181767	MI_Pouch_Ferro_BangerPocket_AOR1	7322088784485553867	HDRP/Lit
charactermodmaterials_assets_mi_pouch_ferro_bangerpocket_coyote_00b4851d62e68203d9a9c76a127d6279.bundle	2660857610120639165	MI_Pouch_Ferro_BangerPocket_Coyote	-3661740934848837633	MilkShaders/Lit-Template
charactermodmaterials_assets_mi_pouch_ferro_bangerpocket_ocp_3e7a49ed36392784a973db5a02d04444.bundle	-5064533461491659172	MI_Pouch_Ferro_BangerPocket_OCP	7322088784485553867	HDRP/Lit
charactermodmaterials_assets_mi_pouch_ferro_dangler_aor1_63ca1a33b9029e9571bbec30f8b8048c.bundle	-7595014941315810618	MI_Pouch_Ferro_Dangler_AOR1	-3661740934848837633	MilkShaders/Lit-Template
charactermodmaterials_assets_mi_pouch_ferro_dangler_coyote_983981db9f9476408069cd36b40a6602.bundle	-5043372643305556718	MI_Pouch_Ferro_Dangler_Coyote	-3661740934848837633	MilkShaders/Lit-Template
charactermodmaterials_assets_mi_pouch_ferro_dangler_ocp_76263d20a0fde2f31710b1fa9b86a6e4.bundle	-1898945233863276192	MI_Pouch_Ferro_Dangler_OCP	-3661740934848837633	MilkShaders/Lit-Template
charactermodmaterials_assets_mi_pouch_ferro_gp_12x5_aor1_2db6d79d6493bac38ceb954f42aae966.bundle	8873611182848012493	MI_Pouch_Ferro_GP_12x5_AOR1	-3661740934848837633	MilkShaders/Lit-Template
charactermodmaterials_assets_mi_pouch_ferro_gp_12x5_coyote_87d0587675f2128356f96f1323d813f9.bundle	721787413459483247	MI_Pouch_Ferro_GP_12x5_Coyote	-3661740934848837633	MilkShaders/Lit-Template
charactermodmaterials_assets_mi_pouch_ferro_gp_12x5_ocp_ee63cc26229a18cfc79a41fda21c767b.bundle	-8850430370107074943	MI_Pouch_Ferro_GP_12x5_OCP	-3661740934848837633	MilkShaders/Lit-Template
charactermodmaterials_assets_mi_pouch_ferro_gp_6x5_aor1_77b241a95014deb6053f6c704de68cfa.bundle	1627655160623742894	MI_Pouch_Ferro_GP_6x5_AOR1	-3661740934848837633	MilkShaders/Lit-Template
charactermodmaterials_assets_mi_pouch_ferro_gp_6x5_coyote_fa89b3d45f6255ac392a5c43ae3e7b19.bundle	2373862191193732642	MI_Pouch_Ferro_GP_6x5_Coyote	-3661740934848837633	MilkShaders/Lit-Template
charactermodmaterials_assets_mi_pouch_ferro_gp_6x5_ocp_512ff37fae913072ee875db2f61c9b7e.bundle	3520640413080092997	MI_Pouch_Ferro_GP_6x5_OCP	-3661740934848837633	MilkShaders/Lit-Template
charactermodmaterials_assets_mi_pouch_ferro_gp_6x9_aor1_90a7f222d384b7151cbf77aedac7aa2f.bundle	-626577766707435550	MI_Pouch_Ferro_GP_6x9_AOR1	-3661740934848837633	MilkShaders/Lit-Template
charactermodmaterials_assets_mi_pouch_ferro_gp_6x9_coyote_467c7ee769735c3fed95d0025450b406.bundle	352320187179696031	MI_Pouch_Ferro_GP_6x9_Coyote	-3661740934848837633	MilkShaders/Lit-Template
charactermodmaterials_assets_mi_pouch_ferro_gp_6x9_ocp_37f57d34950a25cb44045045fd13fc58.bundle	3976195938853788168	MI_Pouch_Ferro_GP_6x9_OCP	-3661740934848837633	MilkShaders/Lit-Template
charactermodmaterials_assets_mi_pouch_ferro_nvg_aor11_84022c5d1fb573d64f40a98f0210a8d0.bundle	8411995170704783222	MI_Pouch_Ferro_NVG_AOR1 1	-3661740934848837633	MilkShaders/Lit-Template
charactermodmaterials_assets_mi_pouch_ferro_nvg_aor1_30bf27c172168d1cb7a82bd55b3b6a21.bundle	-493165250046398259	MI_Pouch_Ferro_NVG_AOR1	-3661740934848837633	MilkShaders/Lit-Template
charactermodmaterials_assets_mi_pouch_ferro_nvg_ocp_5165c4385e6eb9a38936470d0ef2aeed.bundle	-286195528983415853	MI_Pouch_Ferro_NVG_OCP	-3661740934848837633	MilkShaders/Lit-Template
charactermodmaterials_assets_mi_pouch_ferro_placard_ktar_ff_aor1_1f147f72146cfaa777e3eb2127c3cc1c.bundle	6911358250332838287	MI_Pouch_Ferro_Placard_KTAR_FF_AOR1	-3661740934848837633	MilkShaders/Lit-Template
charactermodmaterials_assets_mi_pouch_ferro_placard_ktar_ff_coyote_0bfca195fbaae092c5f0e49e7d0c316e.bundle	-5778594826592418662	MI_Pouch_Ferro_Placard_KTAR_FF_Coyote	-3661740934848837633	MilkShaders/Lit-Template
charactermodmaterials_assets_mi_pouch_ferro_placard_ktar_ff_ocp_836de83858ee8a06244e5aa7637cea2d.bundle	-4881358031174235369	MI_Pouch_Ferro_Placard_KTAR_FF_OCP	-3661740934848837633	MilkShaders/Lit-Template
charactermodmaterials_assets_mi_pouch_ferro_radio_pocket_aor1_4a9023566e6e1347fa97edec02041a5e.bundle	8475303638505715143	MI_Pouch_Ferro_Radio_Pocket_AOR1	-3661740934848837633	MilkShaders/Lit-Template
charactermodmaterials_assets_mi_pouch_ferro_radio_pocket_coyote_e89c4b9f48f6e6137e3c25339a10700e.bundle	-3046444277392504466	MI_Pouch_Ferro_Radio_Pocket_Coyote	-3661740934848837633	MilkShaders/Lit-Template
charactermodmaterials_assets_mi_pouch_ferro_radio_pocket_ocp_07921597480c93c46a331f0b019a6063.bundle	7635678636740666231	MI_Pouch_Ferro_Radio_Pocket_OCP	-3661740934848837633	MilkShaders/Lit-Template
charactermodmaterials_assets_mi_pouch_ferro_roll1_aor1_f45fcc00d78f125efd5be4e574ef8790.bundle	-7899863850360150537	MI_Pouch_Ferro_ROLL1_AOR1	-3661740934848837633	MilkShaders/Lit-Template
charactermodmaterials_assets_mi_pouch_ferro_roll1_coyote_90189bf1465d534288a41a7f06a61020.bundle	-3311378703957498452	MI_Pouch_Ferro_ROLL1_Coyote	-3661740934848837633	MilkShaders/Lit-Template
charactermodmaterials_assets_mi_pouch_ferro_roll1_ocp_c1f23624f9a3f8e7dd263a0e3da814d5.bundle	806429260340583087	MI_Pouch_Ferro_ROLL1_OCP	-3661740934848837633	MilkShaders/Lit-Template
charactermodmaterials_assets_mi_pouch_gbrs_pistol_double_coyote_563760e7ac0d2dec7b9f84645064f82c.bundle	2237432122602732859	MI_Pouch_GBRS_Pistol_Double_Coyote	-3661740934848837633	MilkShaders/Lit-Template
charactermodmaterials_assets_mi_pouch_gbrs_pistol_double_ocp_5213a5da77e3f061d1ed42d3cdf7c493.bundle	2720959869480208682	MI_Pouch_GBRS_Pistol_Double_OCP	-3661740934848837633	MilkShaders/Lit-Template
charactermodmaterials_assets_mi_pouch_haley_5561_349a962fce53046121d48ca599655935.bundle	-2254861423707587285	MI_Pouch_Haley_556 1	7322088784485553867	HDRP/Lit
charactermodmaterials_assets_mi_pouch_haley_5562_6cb5c534740961275fc5d9f8930bb025.bundle	-2739438217748189477	MI_Pouch_Haley_556 2	7322088784485553867	HDRP/Lit
charactermodmaterials_assets_mi_pouch_haley_556_b3679a98be3e2e6c588708e361ce0bea.bundle	4915444422000823210	MI_Pouch_Haley_556	7322088784485553867	HDRP/Lit
charactermodmaterials_assets_mi_pouch_haley_556aor1_57f4c76ac1b956e88ee4ad2352250773.bundle	3651805772552819468	MI_Pouch_Haley_556 AOR1	7322088784485553867	HDRP/Lit
charactermodmaterials_assets_mi_pouch_haley_556aor2_f4a37fde5aac6de146cb1d50abff0971.bundle	-937495178779120778	MI_Pouch_Haley_556 AOR2	7322088784485553867	HDRP/Lit
charactermodmaterials_assets_mi_pouch_haley_556mcb_2bf82b04930d9a5386066c615399a621.bundle	2745739423605770227	MI_Pouch_Haley_556 MCB	7322088784485553867	HDRP/Lit
charactermodmaterials_assets_mi_pouch_haley_556rg_7fe526a93cc879ff2b6df09892d2be51.bundle	-6186897026840155195	MI_Pouch_Haley_556 RG	7322088784485553867	HDRP/Lit
charactermodmaterials_assets_mi_pouch_m60_053ed849a46e1518d980367ba58c23dc.bundle	630015799007746244	MI_Pouch_M60	7322088784485553867	HDRP/Lit
charactermodmaterials_assets_mi_pouch_m60aor1_b11922ddfd7ee21a8214e4d6569f906c.bundle	-4351184008810452410	MI_Pouch_M60 AOR1	7322088784485553867	HDRP/Lit
charactermodmaterials_assets_mi_pouch_m60coyote_0e2c07b9601ba4d95624e643c99c3f37.bundle	-998135114502719294	MI_Pouch_M60 Coyote	7322088784485553867	HDRP/Lit
charactermodmaterials_assets_mi_pouch_m60rg_ae50021ffecc67c0913001fc1b743fd9.bundle	-8621790796988396486	MI_Pouch_M60 RG	7322088784485553867	HDRP/Lit
charactermodmaterials_assets_mi_pouch_pistoldouble_coyote_d43dcef5c10a5a706728a9fe2ecd5fa4.bundle	4407579572257929953	MI_Pouch_PistolDouble_Coyote	-3661740934848837633	MilkShaders/Lit-Template
charactermodmaterials_assets_mi_pouch_pistoldouble_ocp_4e6b16b274e678568d2ab7aca8e2bc39.bundle	-1938662140914369280	MI_Pouch_PistolDouble_OCP	-3661740934848837633	MilkShaders/Lit-Template
charactermodmaterials_assets_mi_pouch_platatact_ifak_asad_coyote_898c8b7c71af17b2dc9501a421c8593a.bundle	1274447393891817107	MI_Pouch_PLATATACT_IFAK_ASAD_Coyote	-3661740934848837633	MilkShaders/Lit-Template
charactermodmaterials_assets_mi_pouch_platatact_ifak_asad_ocp_8897bda018cea3a3fa41f46e4dc72f3c.bundle	-5884122148701636280	MI_Pouch_PLATATACT_IFAK_ASAD_OCP	-3661740934848837633	MilkShaders/Lit-Template
charactermodmaterials_assets_mi_pouch_rtg_dump_rollup_coyote_23944d6fa4df550e25a4684649975e4d.bundle	7753915994177767913	MI_Pouch_RTG_Dump_RollUp_Coyote	-3661740934848837633	MilkShaders/Lit-Template
charactermodmaterials_assets_mi_pouch_rtg_dump_rollup_ocp_18d43d762d5f1c23f426f5552fe3b0cd.bundle	6338749446039386327	MI_Pouch_RTG_Dump_RollUp_OCP	-3661740934848837633	MilkShaders/Lit-Template
charactermodmaterials_assets_mi_pouch_snsp_m4_triple_rap_ocp_0c2db47c0bab78ba6e9cadf7359ea7b9.bundle	8904976481605785643	MI_Pouch_SNSP_M4_Triple_RAP_OCP	-3661740934848837633	MilkShaders/Lit-Template
charactermodmaterials_assets_mi_pouch_snsp_m4_triple_rap_tan_d7f15d90ff40622b645d843d9291d5cb.bundle	1815574752364050688	MI_Pouch_SNSP_M4_Triple_RAP_TAN	-3661740934848837633	MilkShaders/Lit-Template
charactermodmaterials_assets_mi_pouch_spiritus_ccs_aor1_2c1e40bca761220b9738c11edb05c21f.bundle	-7646513536196264581	MI_Pouch_Spiritus_CCS_AOR1	7322088784485553867	HDRP/Lit
charactermodmaterials_assets_mi_pouch_spiritus_ccs_blk_a538c4df5524855708bde2f63abd87eb.bundle	5827500656375787614	MI_Pouch_Spiritus_CCS_BLK	7322088784485553867	HDRP/Lit
charactermodmaterials_assets_mi_pouch_spiritus_ccs_coyote_dc004e71854cf022a43456f0e358f7d5.bundle	2095661839873978951	MI_Pouch_Spiritus_CCS_Coyote	7322088784485553867	HDRP/Lit
charactermodmaterials_assets_mi_pouch_spiritus_ccs_mc_74600c5e79598ded4d1e849957c83339.bundle	-324132739244588194	MI_Pouch_Spiritus_CCS_MC	7322088784485553867	HDRP/Lit
charactermodmaterials_assets_mi_pouch_spiritus_ccs_mcb_b373c572c2cd6c38c12c04389637018f.bundle	-3177524408697998595	MI_Pouch_Spiritus_CCS_MCB	7322088784485553867	HDRP/Lit
charactermodmaterials_assets_mi_pouch_spiritus_ccs_rg_6da164d588c5f6d8d5a2ac033c98a670.bundle	3969263846246745258	MI_Pouch_Spiritus_CCS_RG	7322088784485553867	HDRP/Lit
charactermodmaterials_assets_mi_pouch_spiritus_jsta_aor1_7f7ed8f1ebb2d5d17df533b8edde96ee.bundle	4276835778281208626	MI_Pouch_Spiritus_JSTA_AOR1	7322088784485553867	HDRP/Lit
charactermodmaterials_assets_mi_pouch_spiritus_jsta_blk_9ec76db72fe2f9b8aa887f41162dc7b1.bundle	-8783487140070355102	MI_Pouch_Spiritus_JSTA_BLK	7322088784485553867	HDRP/Lit
charactermodmaterials_assets_mi_pouch_spiritus_jsta_coyote1_e97a2d8bd3902ad090753745085a6b27.bundle	5413524356286021226	MI_Pouch_Spiritus_JSTA_Coyote 1	7322088784485553867	HDRP/Lit
charactermodmaterials_assets_mi_pouch_spiritus_jsta_mc_f0807a55a26c4e67f0811f639405ac1f.bundle	8594438093486574991	MI_Pouch_Spiritus_JSTA_MC	7322088784485553867	HDRP/Lit
charactermodmaterials_assets_mi_pouch_spiritus_jsta_mcb_f4917bb71fc2127e5d9abe5cb49d3588.bundle	-734112323097557865	MI_Pouch_Spiritus_JSTA_MCB	7322088784485553867	HDRP/Lit
charactermodmaterials_assets_mi_pouch_spiritus_jsta_rg_38e7c448a07aa39fa2cee1d1d384c010.bundle	1775223138696402673	MI_Pouch_Spiritus_JSTA_RG	7322088784485553867	HDRP/Lit
charactermodmaterials_assets_mi_pouch_spud1_874bcd45a813bd0ddfb185b75e925121.bundle	-2478657622530962056	MI_Pouch_Spud 1	7322088784485553867	HDRP/Lit
charactermodmaterials_assets_mi_pouch_spud_ca21ddd22bf0c86a51293039a0a34b80.bundle	4840034749398935613	MI_Pouch_Spud	7322088784485553867	HDRP/Lit
charactermodmaterials_assets_mi_pouch_spudaor1_5f90a0e367deab940811190590fef166.bundle	-4234844254426463268	MI_Pouch_Spud AOR1	7322088784485553867	HDRP/Lit
charactermodmaterials_assets_mi_pouch_spudaor2_6f398d8c5d916eb4e09c818242b4fa6d.bundle	-530114365125655147	MI_Pouch_Spud AOR2	7322088784485553867	HDRP/Lit
charactermodmaterials_assets_mi_pouch_spudcoyote_a9c31af797562bb45244f0d7043d3a0f.bundle	-9057890530081587796	MI_Pouch_Spud Coyote	7322088784485553867	HDRP/Lit
charactermodmaterials_assets_mi_pouch_spudmcb_f66ca6238c435e6b7417af79d8c42a22.bundle	-6942793434972585447	MI_Pouch_Spud MCB	7322088784485553867	HDRP/Lit
charactermodmaterials_assets_mi_puch_spud_coyote_7b33e139dca99cb8baea248c884a6c88.bundle	1305448841370303735	MI_Puch_Spud_Coyote	7322088784485553867	HDRP/Lit
charactermodmaterials_assets_mi_puch_spud_od11_7e324fb02d63b43481b362cc7508b1fd.bundle	-2774346495401494493	MI_Puch_Spud_OD 1	7322088784485553867	HDRP/Lit
charactermodmaterials_assets_mi_puch_spud_od1_11a759a46c5873d37b00d681472f099e.bundle	-4318358657272923849	MI_Puch_Spud_OD 1	-7803075278752278772	HDRP/Autodesk Interactive/AutodeskInteractive
charactermodmaterials_assets_mi_puch_spud_od2_5546907d2f748be3a438de9189ee2066.bundle	1415512475039405233	MI_Puch_Spud_OD 2	-7803075278752278772	HDRP/Autodesk Interactive/AutodeskInteractive
charactermodmaterials_assets_mi_puch_spud_od3_539d041a304f6b4aecc583e45e309543.bundle	-8533691989187548643	MI_Puch_Spud_OD 3	-7803075278752278772	HDRP/Autodesk Interactive/AutodeskInteractive
charactermodmaterials_assets_mi_puch_spud_od4_a9f0b07ef6babfa8fc14cf636d23f2a6.bundle	-154392333179647569	MI_Puch_Spud_OD	7322088784485553867	HDRP/Lit
charactermodmaterials_assets_mi_puch_spud_od_d3c63988bc0cf125e67a49f2ccb2ea56.bundle	4066298228693202045	MI_Puch_Spud_OD	-7803075278752278772	HDRP/Autodesk Interactive/AutodeskInteractive
charactermodmaterials_assets_mi_radio_baofeng_uv5r_c899a37fe504ef73e93a53500a2156b1.bundle	3453901747492359093	MI_Radio_Baofeng_UV5R	-3661740934848837633	MilkShaders/Lit-Template
charactermodmaterials_assets_mi_radio_usvr_213381942ff695d6fed12045888fe979.bundle	6604960749015661230	MI_Radio_USVR	7322088784485553867	HDRP/Lit
charactermodmaterials_assets_mi_roll11_cd425a7674fdd88356c314f7e9e15e6c.bundle	-292252615238764300	MI_Roll1	-7803075278752278772	HDRP/Autodesk Interactive/AutodeskInteractive
charactermodmaterials_assets_mi_roll1_blk_14e78e983c50519a33ea752147099aa9.bundle	-7588221507435600933	MI_Roll1_blk	7322088784485553867	HDRP/Lit
charactermodmaterials_assets_mi_roll1_coyoe_0a81bfedfedc4e5ca8fbc9b69d9999f3.bundle	1321943820578253551	MI_Roll1_coyoe	7322088784485553867	HDRP/Lit
charactermodmaterials_assets_mi_roll1_ff55ecf8bd39389a44aac432347770fa.bundle	-4912731430646095329	MI_Roll1	7322088784485553867	HDRP/Lit
charactermodmaterials_assets_mi_roll1blk_53d28d03c43616f0265f34befb6f9f9b.bundle	2395355519900142024	MI_Roll1 BLK	-7803075278752278772	HDRP/Autodesk Interactive/AutodeskInteractive
charactermodmaterials_assets_mi_roll1od_e1fec56e380ab6193aa7d3249bb9fc7f.bundle	1055075960974778357	MI_Roll1 OD	7322088784485553867	HDRP/Lit
charactermodmaterials_assets_mi_rugby_shirt_coyote_8dbf9d45f7e34d4af026a6bba27449f1.bundle	-9075460727037239951	MI_Rugby_Shirt_COYOTE	6692683703723378954	Shader Graphs/ClothWind
charactermodmaterials_assets_mi_rugby_shirt_fde11_9eda51cebc9bb4899f5d94cd1184c177.bundle	-6661867372530194354	MI_Rugby_Shirt_FDE 1	6692683703723378954	Shader Graphs/ClothWind
charactermodmaterials_assets_mi_rugby_shirt_fde1_15b98a2ee579389e7c148b66b9b299ee.bundle	9138927988586190142	MI_Rugby_Shirt_FDE 1	6692683703723378954	Shader Graphs/ClothWind
charactermodmaterials_assets_mi_rugby_shirt_fde21_1f92aa0b9d41f1385d1c88688e1d8519.bundle	-4340570054314284030	MI_Rugby_Shirt_FDE 2	6692683703723378954	Shader Graphs/ClothWind
charactermodmaterials_assets_mi_rugby_shirt_fde2_f02f8e9f10ea4d4c17c70912d2c4f30a.bundle	-8271832797972360589	MI_Rugby_Shirt_FDE 2	6692683703723378954	Shader Graphs/ClothWind
charactermodmaterials_assets_mi_rugby_shirt_fde3_5e9dac44919a66689b99b31a6c07a478.bundle	3298895025869097082	MI_Rugby_Shirt_FDE 3	6692683703723378954	Shader Graphs/ClothWind
charactermodmaterials_assets_mi_rugby_shirt_fde4_4a60337a2152a1cad393bd5bdd13260a.bundle	5851092308594631108	MI_Rugby_Shirt_FDE 4	6692683703723378954	Shader Graphs/ClothWind
charactermodmaterials_assets_mi_rugby_shirt_fde5_d0e924d1be2a839b5a2ec7b83b6cf419.bundle	-9129896274322201162	MI_Rugby_Shirt_FDE 5	6692683703723378954	Shader Graphs/ClothWind
charactermodmaterials_assets_mi_rugby_shirt_fde6_ad759f0101d33bbfbdb84d00b1cf09c3.bundle	159518239861175831	MI_Rugby_Shirt_FDE 6	6692683703723378954	Shader Graphs/ClothWind
charactermodmaterials_assets_mi_rugby_shirt_fde_f6daefca0a7614d79c0c19ec54b983e2.bundle	-8142388306384682904	MI_Rugby_Shirt_FDE	6692683703723378954	Shader Graphs/ClothWind
charactermodmaterials_assets_mi_safariland_shr11_e19ef66664309ec61e24c8c1c9f579b5.bundle	7240490949099717905	MI_safariland_shr 1	7322088784485553867	HDRP/Lit
charactermodmaterials_assets_mi_safariland_shr1_f4717d96fb630f5cb12dfdde799d1639.bundle	-5600277512201019706	MI_safariland_shr 1	7322088784485553867	HDRP/Lit
charactermodmaterials_assets_mi_safariland_shraor1_c90e5fa0d21f6450ffa55e38b7e5a323.bundle	-2776847030484212271	MI_safariland_shr AOR1	7322088784485553867	HDRP/Lit
charactermodmaterials_assets_mi_safariland_shraor2_d7fd1ee6fcf0488f6acc7ba1cfea968f.bundle	7503988492064699145	MI_safariland_shr AOR2	7322088784485553867	HDRP/Lit
charactermodmaterials_assets_mi_safariland_shrcoyote_b6940d96410a577beeecf72c05ba3286.bundle	8202025428503399764	MI_safariland_shr Coyote	7322088784485553867	HDRP/Lit
charactermodmaterials_assets_mi_safariland_shrod_bb27ab46f0f80a0eb0680e04ffd091bd.bundle	-2677378407545636734	MI_safariland_shr OD	7322088784485553867	HDRP/Lit
charactermodmaterials_assets_mi_safran_ecoti_ef4fe801d0f77ac671ea1254e1b252be.bundle	15591114150049276	MI_Safran_ECOTI	-3661740934848837633	MilkShaders/Lit-Template
charactermodmaterials_assets_mi_sig_m17_mag_a82e11b2a277d6b4cc04ca330f1d9a1d.bundle	3630012105554483947	MI_SIG_M17_MAG	7322088784485553867	HDRP/Lit
charactermodmaterials_assets_mi_sixpouches_512dc7aa5277b4531303c76b8e0cc5c4.bundle	2434400880291383687	MI_SixPouches	7322088784485553867	HDRP/Lit
charactermodmaterials_assets_mi_sixpouchesaor2_3450d193ef744f27dcf8914e484965aa.bundle	-2575315794945576797	MI_SixPouches AOR2	7322088784485553867	HDRP/Lit
charactermodmaterials_assets_mi_sixpouchesblack_a3318de93abf6ee0685c045593b616e2.bundle	-7295455671461014628	MI_SixPouches Black	7322088784485553867	HDRP/Lit
charactermodmaterials_assets_mi_sixpouchesblk_6d056a4ca3644154fc45346f75bd49fe.bundle	-6124277013769463488	MI_SixPouchesBLK	7322088784485553867	HDRP/Lit
charactermodmaterials_assets_mi_sixpouchescoyote_99f985d29243d5441d45716eeee5026f.bundle	-8916400624405825269	MI_SixPouchesCoyote	7322088784485553867	HDRP/Lit
charactermodmaterials_assets_mi_sixpouchesmc_ef6ad7dfa55d174279d48e8f3a7965bc.bundle	-6626191514197465658	MI_SixPouchesMC	7322088784485553867	HDRP/Lit
charactermodmaterials_assets_mi_sixpouchesmcb_75dab09ddca4a58c31099b894c7c4ada.bundle	-3869384035630944630	MI_SixPouchesMCB	7322088784485553867	HDRP/Lit
charactermodmaterials_assets_mi_sixpouchesrg_928dc5287e4cfc5774a816672df637a2.bundle	7511094478452403349	MI_SixPouchesRG	7322088784485553867	HDRP/Lit
charactermodmaterials_assets_mi_sotr_5373470559d0a852cf9eaef4b2bcc550.bundle	-8986777940669547429	MI_SOTR	7322088784485553867	HDRP/Lit
charactermodmaterials_assets_mi_spiritus_placard_556_aor1_a85c5cd53879352ab161480791231ee8.bundle	5957062822431374426	MI_Spiritus_Placard_556_AOR1	7322088784485553867	HDRP/Lit
charactermodmaterials_assets_mi_spiritus_placard_556_blk_55aab8737afbdf85da810da0e1ec5a90.bundle	6904197983109766016	MI_Spiritus_Placard_556_BLK	7322088784485553867	HDRP/Lit
charactermodmaterials_assets_mi_spiritus_placard_556_coyote1_921ed67a5702fcc61e83b4dbd1f4e1c5.bundle	-1304232808478782735	MI_Spiritus_Placard_556_Coyote 1	7322088784485553867	HDRP/Lit
charactermodmaterials_assets_mi_spiritus_placard_556_mc_67ee2725b4c1f760269ed471ac8c4712.bundle	-7607881108991607023	MI_Spiritus_Placard_556_MC	7322088784485553867	HDRP/Lit
charactermodmaterials_assets_mi_spiritus_placard_556_mcb_d7b61e40486adc3e01771558995c1ccf.bundle	-7158376127922487171	MI_Spiritus_Placard_556_MCB	7322088784485553867	HDRP/Lit
charactermodmaterials_assets_mi_spiritus_placard_556_rg_70286fb3ac17d7bb38caa26c9d064370.bundle	7304589734249002474	MI_Spiritus_Placard_556_RG	7322088784485553867	HDRP/Lit
charactermodmaterials_assets_mi_superhighcut1_5a28d6cf7e635e491effc7beb0b0bfee.bundle	8458200798802589124	MI_SuperHighCut	7322088784485553867	HDRP/Lit
charactermodmaterials_assets_mi_superhighcut_ac1_e763dba3e9d5453ab050ef0bbe16630e.bundle	-5005917307030303061	MI_SuperHighCut_Ac 1	7322088784485553867	HDRP/Lit
charactermodmaterials_assets_mi_superhighcut_ac_blk_8bbfd864d31b4c14511b3d6a43ca79d1.bundle	5810576035748598914	MI_SuperHighCut_AC_blk	7322088784485553867	HDRP/Lit
charactermodmaterials_assets_mi_superhighcut_ac_blkflag_afd0ad5afce5091cff9227a50d903a33.bundle	-5796406128170850928	MI_SuperHighCut_AC_blk flag	7322088784485553867	HDRP/Lit
charactermodmaterials_assets_mi_superhighcut_ac_d8c56f988d3489aa8d0e6a0ab67cba58.bundle	2980989239469715966	MI_SuperHighCut_Ac	7322088784485553867	HDRP/Lit
charactermodmaterials_assets_mi_superhighcut_e0e86975a79dcf464ee597781194de6d.bundle	-6013137184277469594	MI_SuperHighCut	7322088784485553867	HDRP/Lit
charactermodmaterials_assets_mi_superhighcut_mc_bf8cf77abf97cee52166a942b4d2898b.bundle	-1599050306357592213	MI_SuperHighCut_MC	7322088784485553867	HDRP/Lit
charactermodmaterials_assets_mi_superhighcut_mcusflag_d414e0f4a76d56637e079126ab12e17d.bundle	-8816034433167958429	MI_SuperHighCut_MC USFLAG	7322088784485553867	HDRP/Lit
charactermodmaterials_assets_mi_superhighcutblack_c7caf20c51a521c1917b5bd44e285f63.bundle	-9145098459165799828	MI_SuperHighCut black	7322088784485553867	HDRP/Lit
charactermodmaterials_assets_mi_teamwendy_exfil1_c55986b54fe46f39135f6c45fd1d3c5b.bundle	-3157167047919545965	MI_TeamWendy_Exfil 1	7322088784485553867	HDRP/Lit
charactermodmaterials_assets_mi_teamwendy_exfil_71a55a58803e65f5348e30985dcf03d4.bundle	-798461791208921775	MI_TeamWendy_Exfil	7322088784485553867	HDRP/Lit
charactermodmaterials_assets_mi_tear_ff_aor1_a942a25b85fdf27f779f877a92cd8102.bundle	2765458647889641966	MI_TEAR_FF_AOR1	-3661740934848837633	MilkShaders/Lit-Template
charactermodmaterials_assets_mi_tear_ff_coyote_7e91f06c12b9fa0ec2b1b9bed3d1415d.bundle	-6057340808098283943	MI_TEAR_FF_Coyote	-3661740934848837633	MilkShaders/Lit-Template
charactermodmaterials_assets_mi_tear_ff_mc_7267d85a9aea27fb838b085c14dd079e.bundle	-4091624840104955591	MI_TEAR_FF_MC	7322088784485553867	HDRP/Lit
charactermodmaterials_assets_mi_tear_ff_ocp_22bbfd7d0a1b7eeb5e59ff8c22ee9b59.bundle	540472313391398595	MI_TEAR_FF_OCP	-3661740934848837633	MilkShaders/Lit-Template
charactermodmaterials_assets_mi_tshirt_3dma_snake1_306a14378e756033a2560c602d109482.bundle	-5951220515798253980	MI_TShirt_3DMA_Snake 1	6692683703723378954	Shader Graphs/ClothWind
charactermodmaterials_assets_mi_tshirt_3dma_snake2_f15c442980c39acce73123ca41fcd8a2.bundle	-1682532925057306572	MI_TShirt_3DMA_Snake 2	6692683703723378954	Shader Graphs/ClothWind
charactermodmaterials_assets_mi_tshirt_3dma_snake3_202ca87da17c85919fb7ec715f83bdcd.bundle	62030608530475590	MI_TShirt_3DMA_Snake 3	7322088784485553867	HDRP/Lit
charactermodmaterials_assets_mi_tshirt_3dma_snake_9cb097293242845c9aa9c01838473bdf.bundle	7860038974021497132	MI_TShirt_3DMA_Snake	6692683703723378954	Shader Graphs/ClothWind
charactermodmaterials_assets_mi_tshirt_usa_a0ea33cedb503199faefb6ba4505c8c0.bundle	-5231124941460604070	MI_TShirt_USA	6692683703723378954	Shader Graphs/ClothWind
charactermodmaterials_assets_mi_vest_lbt_mc1_c9066def04befe1f0f44bf5ea6e908fc.bundle	7411469592463409518	MI_Vest_LBT_MC 1	7322088784485553867	HDRP/Lit
charactermodmaterials_assets_mi_vest_lbt_mc2_45120f50589dd3ca98693937ff3117d5.bundle	5333408414076742021	MI_Vest_LBT_MC 2	7322088784485553867	HDRP/Lit
charactermodmaterials_assets_mi_vest_lbt_mc3_aeafbcb1cf5bfbe7a63bf0212747ad61.bundle	-9207959521696370289	MI_Vest_LBT_MC 3	7322088784485553867	HDRP/Lit
charactermodmaterials_assets_mi_vest_lbt_mc_ef99068e5e328ca445a84b01b89d3fac.bundle	-7047120200870641802	MI_Vest_LBT_MC	7322088784485553867	HDRP/Lit
charactermodmaterials_assets_mi_vest_lv119_aor1_74ba09ef79d0f064e97815e0a4b760d4.bundle	-4501415624340034043	MI_Vest_LV119_AOR1	7322088784485553867	HDRP/Lit
charactermodmaterials_assets_mi_vest_lv119_blk_a9e1c6bad0e5c3c5338ce0b2a7bf04a7.bundle	-4502287457337000204	MI_Vest_LV119_BLK	7322088784485553867	HDRP/Lit
charactermodmaterials_assets_mi_vest_lv119_coyote_dba80eff26c118909433e1cf11ff3093.bundle	-6718291916405999111	MI_Vest_LV119_Coyote	7322088784485553867	HDRP/Lit
charactermodmaterials_assets_mi_vest_lv119_mc_b9a56cf0ac44d3971dbb150e12c971f1.bundle	-2147843406173258563	MI_Vest_LV119_MC	7322088784485553867	HDRP/Lit
charactermodmaterials_assets_mi_vest_lv119_mcb_01b1e44e4e5cb52531c8f2e006324653.bundle	2914726868088949109	MI_Vest_LV119_MCB	7322088784485553867	HDRP/Lit
charactermodmaterials_assets_mi_vest_lv119_rg_270b9865c4506858222aeb80302996e8.bundle	3600735742024837195	MI_Vest_LV119_RG	7322088784485553867	HDRP/Lit
charactermodmaterials_assets_mi_vest_msv_blk_076ac73ef2f92744b079f8c49b338faf.bundle	3684348548129161188	MI_Vest_MSV_BLK	7322088784485553867	HDRP/Lit
charactermodmaterials_assets_mi_vest_msv_mc_60de278e6f9eb393d73a435c38323878.bundle	-7813518836132463739	MI_Vest_MSV_MC	7322088784485553867	HDRP/Lit
charactermodmaterials_assets_mi_vest_snsp_plateframe_ocp_a32729d4cd6ea3222465bb2b22a76d51.bundle	2772688476682059368	MI_Vest_SNSP_PlateFrame_OCP	-3661740934848837633	MilkShaders/Lit-Template
charactermodmaterials_assets_mi_vest_snsp_plateframe_tan_027a290756b9ae88869d0f471ef7f592.bundle	2901514444731735986	MI_Vest_SNSP_PlateFrame_TAN	-3661740934848837633	MilkShaders/Lit-Template
charactermodmaterials_assets_mi_vest_tyr_pico_assaulterspc_fefabd4eeaaacc8d9e6d0df146f5ed2f.bundle	-7415152258130967812	MI_Vest_TYR_PICO_AssaultersPC	-3661740934848837633	MilkShaders/Lit-Template
charactermodmaterials_assets_mi_vest_tyr_pico_assaulterspccoyote_04be8897809616c91ceaf2df90b60701.bundle	-8927219829244623946	MI_Vest_TYR_PICO_AssaultersPC Coyote	-3661740934848837633	MilkShaders/Lit-Template
charactermodmaterials_assets_mi_walkers_razor_2ba632e1327ed352b5b28c0177a69e8e.bundle	7238225813180451203	MI_Walkers_Razor	7322088784485553867	HDRP/Lit
charactermodmaterials_assets_mi_watch_sangin1_de9aa415112d225226feac0d948de935.bundle	5962722401264316517	MI_Watch_Sangin 1	7322088784485553867	HDRP/Lit
charactermodmaterials_assets_mi_watch_sangin_0b89622e36a44e34688d5cb941ace7db.bundle	5923168096817029846	MI_Watch_Sangin	7322088784485553867	HDRP/Lit
charactermodmaterials_assets_middleeast_759ba636633efbda5a117c55faba2b0d.bundle	-8354151806252386203	middle east	6692683703723378954	Shader Graphs/ClothWind
charactermodmaterials_assets_minidangleraor2_2fd1aac94d57483794e92990021751ae.bundle	4933498456248814245	MiniDangler AOR2	-3661740934848837633	MilkShaders/Lit-Template
charactermodmaterials_assets_minidanglerblk_25c31fe317aba9d16eb7aa7a36844c3b.bundle	8695101429453485770	MiniDangler BLK	-3661740934848837633	MilkShaders/Lit-Template
charactermodmaterials_assets_minidanglergray_a5dc71b92c084a6acd170818f4b46961.bundle	5449429094048986685	MiniDangler GRAY	-3661740934848837633	MilkShaders/Lit-Template
charactermodmaterials_assets_minidanglerm81_aa9312bfeb2f1623d8da0f58ddf5c3be.bundle	1181230377611449827	MiniDangler M81	-3661740934848837633	MilkShaders/Lit-Template
charactermodmaterials_assets_minidanglermcb_ade0fa0ecb120da6baa48f626d147b58.bundle	-8631636585398662407	MiniDangler MCB	-3661740934848837633	MilkShaders/Lit-Template
charactermodmaterials_assets_minidanglerod_ef3bb9aac673cd1b1f9bf7adbe6c9394.bundle	-8135922382372431681	MiniDangler OD	-3661740934848837633	MilkShaders/Lit-Template
charactermodmaterials_assets_mpu5_sdr1_967ce1c5ebebded7f582a29c29a54f43.bundle	7912239450396108758	MPU5_sdr 1	7322088784485553867	HDRP/Lit
charactermodmaterials_assets_mpu5_sdr_913f232ef4fbc913a7cbad5454d80b06.bundle	-3507982175587268351	MPU5_sdr	7322088784485553867	HDRP/Lit
charactermodmaterials_assets_mpu5_sdrblkataks_57313c1faff30ad94d56981ec4c25f51.bundle	3138830043877744920	MPU5_sdr blk ataks	7322088784485553867	HDRP/Lit
charactermodmaterials_assets_mpu5_sdrblkradio_c963416245eb52b24916054013174fb6.bundle	-7451288538376028622	MPU5_sdr blk  radio	7322088784485553867	HDRP/Lit
charactermodmaterials_assets_mpu5_sdrblkvet_0d5285568e33ae625962113e8ff9edde.bundle	-6667158628019855535	MPU5_sdr blk vet	7322088784485553867	HDRP/Lit
charactermodmaterials_assets_msa1_6ca48fdab368252e246f084324dfd7d5.bundle	576947529941907910	MSA1	7322088784485553867	HDRP/Lit
charactermodmaterials_assets_nikkkooooooootirz_20c521f1cda88d088c7648a9498e158b.bundle	-6882760464007529295	nikkkooooooootirz	7322088784485553867	HDRP/Lit
charactermodmaterials_assets_nvgaor2_7dc2ce16ceb6fcbdeca82763cc54ff84.bundle	-5563360523893729439	NVG AOR2	-3661740934848837633	MilkShaders/Lit-Template
charactermodmaterials_assets_nvgblk_a916e59d0f9891c22463c1d23c494b16.bundle	3865428808875994921	NVG BLK	-3661740934848837633	MilkShaders/Lit-Template
charactermodmaterials_assets_nvggray_303033e64bbf5aeb0659db0911bf93a5.bundle	-36837919127792915	NVG GRAY	-3661740934848837633	MilkShaders/Lit-Template
charactermodmaterials_assets_nvgm81_b39e3fd4bae4f81a549d7eca944c0325.bundle	1410475471081541217	NVG M81	-3661740934848837633	MilkShaders/Lit-Template
charactermodmaterials_assets_nvgmcb_f8dff8643d725630ba6d702a9bf5b300.bundle	-7593866100978960368	NVG MCB	-3661740934848837633	MilkShaders/Lit-Template
charactermodmaterials_assets_nvgod_938cedf3e134973fd96e33e44f8dd7a0.bundle	4983701622021063427	NVG OD	-3661740934848837633	MilkShaders/Lit-Template
charactermodmaterials_assets_odgreenstrap_fa68df21a64b48c9096fbae92b0825c7.bundle	8389223349267348693	OD Green Strap	-3661740934848837633	MilkShaders/Lit-Template
charactermodmaterials_assets_pataflannelblk_522142520551c8686fa90acb4268d9fc.bundle	3743524277829064707	PataFlannel BLK	6692683703723378954	Shader Graphs/ClothWind
charactermodmaterials_assets_pataflannelred_ad912da7e4a838d1841c6f6b7ae907f7.bundle	-1804934113836665460	PataFlannel RED	6692683703723378954	Shader Graphs/ClothWind
charactermodmaterials_assets_patch_3dma_sdr1_9da105e96b0ad4db5c5fe1d4a310b6ed.bundle	-6671252870660647244	Patch_3DMA_sdr 1	7322088784485553867	HDRP/Lit
charactermodmaterials_assets_patchgoldensq_de882d5fe50d994f7502e69fc5ed15f3.bundle	8661566249946764314	Patch Golden SQ	7322088784485553867	HDRP/Lit
charactermodmaterials_assets_pbr_miscellaneous_01_73c5eda742809ea63b2331a828fc3398.bundle	-3490149832019940337	PBR_Miscellaneous_01	7322088784485553867	HDRP/Lit
charactermodmaterials_assets_pistolaor11_c25a8d2890f3a3d80dc3cdc2d11a9837.bundle	-5562733495977964543	Pistol AOR1	-3661740934848837633	MilkShaders/Lit-Template
charactermodmaterials_assets_pistolaor1_712f8f73d248fbd4e0ae190cf2f29ce6.bundle	3166434366566391849	Pistol AOR1	-3661740934848837633	MilkShaders/Lit-Template
charactermodmaterials_assets_pistolaor21_b5e21ba3ce643abb87909b5cde86888c.bundle	-704014558326992383	Pistol AOR2	-3661740934848837633	MilkShaders/Lit-Template
charactermodmaterials_assets_pistolaor2_93f1a3397e531f47c763df9fe8dc95aa.bundle	5782636905390985661	Pistol AOR2	-3661740934848837633	MilkShaders/Lit-Template
charactermodmaterials_assets_pistolblk1_b0d0149eacc3eb5ac859f1c3a34bf17f.bundle	7577108093367142126	Pistol BLK	-3661740934848837633	MilkShaders/Lit-Template
charactermodmaterials_assets_pistolblk_8200ee0653acbff119da4d56f8ce09dc.bundle	-3638081779081170002	Pistol BLK	-3661740934848837633	MilkShaders/Lit-Template
charactermodmaterials_assets_pistoldoubleblk_d52f386c258066b6c64087e355403750.bundle	-287956047920819640	Pistol Double BLK	-3661740934848837633	MilkShaders/Lit-Template
charactermodmaterials_assets_pistoldoublegray_b3a5b1e5415c0089f1901479a68abd13.bundle	-5750370146185541329	Pistol Double GRAY	-3661740934848837633	MilkShaders/Lit-Template
charactermodmaterials_assets_pistoldoublemcb_ec705c30dda8c379432da401335bc74b.bundle	-8925966520262752835	Pistol Double MCB	-3661740934848837633	MilkShaders/Lit-Template
charactermodmaterials_assets_pistoldoubleod_c3eb6e5836386aaa4481ad5709828f31.bundle	-5236334925655710737	Pistol Double OD	-3661740934848837633	MilkShaders/Lit-Template
charactermodmaterials_assets_pistolgray1_dec98ad129c00e410639965a57941f47.bundle	5873484515882652852	Pistol GRAY	-3661740934848837633	MilkShaders/Lit-Template
charactermodmaterials_assets_pistolgray_f557a0af3e502a12a7d9ee8e8e29c90b.bundle	3738846891150402429	Pistol GRAY	-3661740934848837633	MilkShaders/Lit-Template
charactermodmaterials_assets_pistolm811_168ec04fc1ab28c9b1f4f3fd95a38b59.bundle	1871961716997852957	Pistol M81	-3661740934848837633	MilkShaders/Lit-Template
charactermodmaterials_assets_pistolm81_90b5e1144e41df13305c451c768184a5.bundle	7575252276378756862	Pistol M81	-3661740934848837633	MilkShaders/Lit-Template
charactermodmaterials_assets_pistolmcb1_2d2532d2abd5822914e8d3becec7a0e3.bundle	8544712983594824945	Pistol MCB	-3661740934848837633	MilkShaders/Lit-Template
charactermodmaterials_assets_pistolmcb_1e3c215961d98ec475a2fc11481230b1.bundle	-8344924526839026389	Pistol MCB	-3661740934848837633	MilkShaders/Lit-Template
charactermodmaterials_assets_pistolod_c30fdb4209076b3f42aec22f989a5404.bundle	4883349517525744351	Pistol OD	-3661740934848837633	MilkShaders/Lit-Template
charactermodmaterials_assets_pistolodg_b15e06af20735eb9e9906a9e045df02a.bundle	6629514798070135196	Pistol ODG	-3661740934848837633	MilkShaders/Lit-Template
charactermodmaterials_assets_pouchaor11_1842710fd5cb0b8de9df461b75126e3c.bundle	1671772864298631521	Pouch AOR1	-3661740934848837633	MilkShaders/Lit-Template
charactermodmaterials_assets_pouchaor1_e939b545906112f05c427f421ee1b6db.bundle	-1096916350225814125	Pouch AOR1	-3661740934848837633	MilkShaders/Lit-Template
charactermodmaterials_assets_pouchaor21_3f2bf13883263fd58886ad5fa01f10ba.bundle	4462959578252331210	Pouch AOR2	-3661740934848837633	MilkShaders/Lit-Template
charactermodmaterials_assets_pouchaor2_9ccd8909b36e177f51d4a41e988046bb.bundle	8539539281223658851	Pouch AOR2	-3661740934848837633	MilkShaders/Lit-Template
charactermodmaterials_assets_pouchblk1_4bbdbb9844c227d32967ddef1afde929.bundle	-3911270994704997767	Pouch BLK	-3661740934848837633	MilkShaders/Lit-Template
charactermodmaterials_assets_pouchblk_8a39dcfe885c6f2c0096082212e21623.bundle	2069540514754885781	Pouch BLK	-3661740934848837633	MilkShaders/Lit-Template
charactermodmaterials_assets_pouchgray1_67a4ac246b9bbe0d6be98dc844f212a7.bundle	-4164402942236658962	Pouch GRAY	-3661740934848837633	MilkShaders/Lit-Template
charactermodmaterials_assets_pouchgray_204b87125c6c4a9934b2ddf7c81dc92e.bundle	6873650776191743758	Pouch GRAY	-3661740934848837633	MilkShaders/Lit-Template
charactermodmaterials_assets_pouchm811_f611778839d01b2ec323179dd6578db6.bundle	-3890536129396688878	Pouch M81	-3661740934848837633	MilkShaders/Lit-Template
charactermodmaterials_assets_pouchm81_e2c48e3c4d67ace96c914dd68f8ce077.bundle	-3967395969983103892	Pouch M81	-3661740934848837633	MilkShaders/Lit-Template
charactermodmaterials_assets_pouchmcb1_7f95e2e39fa155bd9bcc36f100358d55.bundle	-8764253138732429300	Pouch MCB	-3661740934848837633	MilkShaders/Lit-Template
charactermodmaterials_assets_pouchmcb_acfef6d17a01737ccfd96807257b5efa.bundle	7412150562600813681	Pouch MCB	-3661740934848837633	MilkShaders/Lit-Template
charactermodmaterials_assets_pouchod_103e930e0886f190572f1525975ebd91.bundle	-5560878891892160380	Pouch OD	-3661740934848837633	MilkShaders/Lit-Template
charactermodmaterials_assets_pouchodgreen_0cf459b21366abac6c15dfacfae66eda.bundle	-2325713741175254688	Pouch OD GREEn	-3661740934848837633	MilkShaders/Lit-Template
charactermodmaterials_assets_puch_spud_sdr1_0b56364979a3a06585f185dab83f7973.bundle	-7701770927332216359	Puch_Spud_sdr 1	7322088784485553867	HDRP/Lit
charactermodmaterials_assets_puch_spud_sdr_f0eff262277c44351fdf2d8bd257b1e2.bundle	-5940161456428170960	Puch_Spud_sdr	7322088784485553867	HDRP/Lit
charactermodmaterials_assets_pvs14_sdr_019a3ebf2e076ff4042be1e924a3a322.bundle	5040066836404476657	PVS14_sdr	7322088784485553867	HDRP/Lit
charactermodmaterials_assets_pvs31_sdr_1329482b7094a14ea92061a378d8f14f.bundle	-7623578454567113402	PVS31_sdr	7322088784485553867	HDRP/Lit
charactermodmaterials_assets_radioaor2_577dd26e3ca7d4170359078e3e96d79c.bundle	1457100405094157300	Radio AOR2	-3661740934848837633	MilkShaders/Lit-Template
charactermodmaterials_assets_radioblk_25fef8af52bc83da0e4e3f7f8d73d881.bundle	8479621358749519275	Radio BLK	-3661740934848837633	MilkShaders/Lit-Template
charactermodmaterials_assets_radiogray_05cca07dc72ba9bb48bf5dd45bb4d63d.bundle	-1222679301769814237	Radio GRAY	-3661740934848837633	MilkShaders/Lit-Template
charactermodmaterials_assets_radiom81_277d88eaef289835e6234e187e6ac77b.bundle	-8705418685812314159	Radio M81	-3661740934848837633	MilkShaders/Lit-Template
charactermodmaterials_assets_radiomcb_4674610c009483452e8352dfdb3fbf2e.bundle	-2991901324144441667	Radio MCB	-3661740934848837633	MilkShaders/Lit-Template
charactermodmaterials_assets_radiood_d86e38bbcad849d3f391f40b574e4c5a.bundle	690950396197750162	Radio OD	-3661740934848837633	MilkShaders/Lit-Template
charactermodmaterials_assets_red1_462d0b546a549abfdeaa9ec535d87a40.bundle	-5462567882162205085	red 1	6692683703723378954	Shader Graphs/ClothWind
charactermodmaterials_assets_red_a86e649532437cb86d2b2b463c07cd11.bundle	-4481148033918370960	red	6692683703723378954	Shader Graphs/ClothWind
charactermodmaterials_assets_rg_c65be5f92a14a21f22e91c3487535e60.bundle	3933495934814571782	RG	6692683703723378954	Shader Graphs/ClothWind
charactermodmaterials_assets_roll1_sdr1_73e95116c8aacadfb1d03e5c4eebb084.bundle	315594936868827271	Roll1_sdr 1	7322088784485553867	HDRP/Lit
charactermodmaterials_assets_roll1_sdr_fb26d754e0bce0d2c0d1f4cab718f63d.bundle	2109235917147577653	Roll1_sdr	7322088784485553867	HDRP/Lit
charactermodmaterials_assets_roll1aor2_9a6c16b0ebd1b9db778f201c24dfa04b.bundle	6820672108964190172	ROLL1 AOR2	-3661740934848837633	MilkShaders/Lit-Template
charactermodmaterials_assets_roll1blk_c3b08253cd0b9333bd4b5d0ac011c621.bundle	-3147634384624486524	ROLL1 BLK	-3661740934848837633	MilkShaders/Lit-Template
charactermodmaterials_assets_roll1gray_83347ed5db06e5c89ca3bda5ede27a5c.bundle	285128127424180203	ROLL1 GRAY	-3661740934848837633	MilkShaders/Lit-Template
charactermodmaterials_assets_roll1m81_a001523e64cd6c60ecc6627de6e2838a.bundle	2457822981898729970	ROLL1 M81	-3661740934848837633	MilkShaders/Lit-Template
charactermodmaterials_assets_roll1mcb_fcfc1d0b9576296f9a3ff7999b28debd.bundle	3406156809920923330	ROLL1 MCB	-3661740934848837633	MilkShaders/Lit-Template
charactermodmaterials_assets_roll1od_51e101456fbc0b4a0127cf760ec11d9c.bundle	-6969749232283283382	ROLL1 OD	-3661740934848837633	MilkShaders/Lit-Template
charactermodmaterials_assets_sealteam_832efcdfd8a06ccc9a6a35c44923e212.bundle	5259746928077164878	Seal Team	7322088784485553867	HDRP/Lit
charactermodmaterials_assets_shingleaor1_9f97437fb2148ae76d4e9138a94977cd.bundle	-4715745755865597697	Shingle AOR1	-3661740934848837633	MilkShaders/Lit-Template
charactermodmaterials_assets_shingleaor2_e213f075d1d2e128f03b4a5a23afec13.bundle	-2537493585551240651	Shingle AOR2	-3661740934848837633	MilkShaders/Lit-Template
charactermodmaterials_assets_shingleblk_f18226dbfad310a401855d21b2e1920c.bundle	922547558907513975	Shingle BLK	-3661740934848837633	MilkShaders/Lit-Template
charactermodmaterials_assets_shinglegray_d597911593882483c6d330cb28809a1b.bundle	1086059943053069554	Shingle GRAY	-3661740934848837633	MilkShaders/Lit-Template
charactermodmaterials_assets_shinglem81_3ec689d2945468a5eaf15b25c2948139.bundle	-8940847431266794017	Shingle M81	-3661740934848837633	MilkShaders/Lit-Template
charactermodmaterials_assets_shinglemcb_105fb8692a6231c17c8fe383860603b2.bundle	6760755782909082389	Shingle MCB	-3661740934848837633	MilkShaders/Lit-Template
charactermodmaterials_assets_shingleodgreen_d293c6420ddc3661a956a6216b43c8ad.bundle	1475020506000281846	Shingle OD Green	-3661740934848837633	MilkShaders/Lit-Template
charactermodmaterials_assets_stupid_6dd5b561a90030d0f989aaaa7362ca58.bundle	759651305906996995	stupid	6692683703723378954	Shader Graphs/ClothWind
charactermodmaterials_assets_sygic_79343eab816a2ce86fcec238a247939e.bundle	899586637216350627	sygic	7322088784485553867	HDRP/Lit
charactermodmaterials_assets_syko_ac5ec1a974096018263d2be4c372e480.bundle	-9127241336101162024	syko	7322088784485553867	HDRP/Lit
charactermodmaterials_assets_tape1_647940811ae9e136a99358ac6de1f3d6.bundle	-4412911637935019290	tape 1	7322088784485553867	HDRP/Lit
charactermodmaterials_assets_tape_ef384182865538b6ed69452981650e14.bundle	6698556041177926409	tape	7322088784485553867	HDRP/Lit
charactermodmaterials_assets_tbas_v5_sdr1_95b126fc81e08a8415d7583fe389da52.bundle	-3548907998738472372	TBAS_V5_sdr 1	7322088784485553867	HDRP/Lit
charactermodmaterials_assets_tbas_v5_sdr_f04b21262562e44595101e60ce4001bc.bundle	8732806666225892415	TBAS_V5_sdr	7322088784485553867	HDRP/Lit
charactermodmaterials_assets_tearaor2_5bceb9692071adb33ed880ff9b2b7c8f.bundle	-7963250790287033593	TEAR AOR2	-3661740934848837633	MilkShaders/Lit-Template
charactermodmaterials_assets_tearblk_1370bda7da81e0ebdbbf822b10cd8865.bundle	-22907617015472855	TEAR BLK	-3661740934848837633	MilkShaders/Lit-Template
charactermodmaterials_assets_teargray_4b192316244bcd808c99d944372bcbc5.bundle	2329161736697211866	TEAR GRAY	-3661740934848837633	MilkShaders/Lit-Template
charactermodmaterials_assets_tearm81_d194721a838c996fd71d0d99e08dae81.bundle	3507926933405261241	TEAR M81	-3661740934848837633	MilkShaders/Lit-Template
charactermodmaterials_assets_tearmcb_c742b103fabda6bd0257fd88f51a5237.bundle	6527676565480435280	TEAR MCB	-3661740934848837633	MilkShaders/Lit-Template
charactermodmaterials_assets_tearod_7e70ab806f39f10ca8e8b0caac4df33c.bundle	383285603988115365	TEAR OD	-3661740934848837633	MilkShaders/Lit-Template
charactermodmaterials_assets_tenspeedaor2_0999051af1f6ef76ff566fc4a4d69681.bundle	8386285324889699536	TenSpeed AOR2	-3661740934848837633	MilkShaders/Lit-Template
charactermodmaterials_assets_tenspeedblk_ef13e40f21eb382a680e7a6534ae94e7.bundle	2120116051674532704	TenSpeed BLK	-3661740934848837633	MilkShaders/Lit-Template
charactermodmaterials_assets_tenspeedgray_4a5e7aa6e10f3e9b586e2380507d43e2.bundle	-5167461225338231008	TenSpeed GRAY	-3661740934848837633	MilkShaders/Lit-Template
charactermodmaterials_assets_tenspeedm81_273293684f054ee4aa9d47fca047b690.bundle	-425165564169034630	TenSpeed M81	-3661740934848837633	MilkShaders/Lit-Template
charactermodmaterials_assets_tenspeedmcb_8e02a62a834517fb84ae2ada43c0b057.bundle	6745211182081205139	TenSpeed MCB	-3661740934848837633	MilkShaders/Lit-Template
charactermodmaterials_assets_tenspeedod_9a324e7c124dd140e4761af5e8eaea3b.bundle	86782649614948938	TenSpeed OD	-3661740934848837633	MilkShaders/Lit-Template
charactermodmaterials_assets_thor_modular_magpouch1_95f24d064d809e24e9721ec7cebeab21.bundle	-8310175105063117590	THOR_Modular_MagPouch 1	7322088784485553867	HDRP/Lit
charactermodmaterials_assets_thor_modular_magpouch2_4b5c7286c18e9935160a328c7635dacb.bundle	6617595367246322796	THOR_Modular_MagPouch 2	7322088784485553867	HDRP/Lit
charactermodmaterials_assets_thor_modular_magpouch3_5ec9c2f4387506ba97731052ffd43eeb.bundle	-5779101531209366650	THOR_Modular_MagPouch 3	7322088784485553867	HDRP/Lit
charactermodmaterials_assets_thor_modular_magpouch4_95b13648f19f1efa166e881463dc28ab.bundle	-1931306137998521462	THOR_Modular_MagPouch 4	7322088784485553867	HDRP/Lit
charactermodmaterials_assets_thor_modular_magpouch5_36aac4785590bb011646cc2ff9465d7f.bundle	-5665119615477198716	THOR_Modular_MagPouch 5	7322088784485553867	HDRP/Lit
charactermodmaterials_assets_thor_modular_magpouch_0c708c4db82631ec1892ee1a39404662.bundle	2176543517291879028	THOR_Modular_MagPouch	7322088784485553867	HDRP/Lit
charactermodmaterials_assets_thor_vest1_c7524752a05cf821fdb7d514d61175aa.bundle	-594279010947864737	THOR_Vest 1	7322088784485553867	HDRP/Lit
charactermodmaterials_assets_thor_vest2_9d8a1d1893f65166c65864cdddfc118c.bundle	-354393335248331146	THOR_Vest 2	7322088784485553867	HDRP/Lit
charactermodmaterials_assets_thor_vest3_92fe8db958559b2fbb01ad346775b50b.bundle	355686977786747473	THOR_Vest 3	7322088784485553867	HDRP/Lit
charactermodmaterials_assets_thor_vest4_a96be3933ec68e2e80119328f8945e5e.bundle	6577607870804319380	THOR_Vest 4	7322088784485553867	HDRP/Lit
charactermodmaterials_assets_thor_vest5_a90c7510561e22633702aa214c9b04de.bundle	4609407938537367178	THOR_Vest 5	7322088784485553867	HDRP/Lit
charactermodmaterials_assets_thor_vest_7f16de7be15764ad0527507c7f070959.bundle	-4764870173831073901	THOR_Vest	7322088784485553867	HDRP/Lit
charactermodmaterials_assets_trellisware_sdr_0d4fe68164ce83abafffc31ac6aece40.bundle	-8139094759377346068	TrellisWare_sdr	7322088784485553867	HDRP/Lit
charactermodmaterials_assets_tripleaor1_e9bbaa16bb12626eaf8ca079c0bdf589.bundle	6594561218474952484	Triple AOR1	-3661740934848837633	MilkShaders/Lit-Template
charactermodmaterials_assets_tripleaor2_c2de7303bbf3096c224dda6a4304bbbe.bundle	-2401283001197717711	Triple AOR2	-3661740934848837633	MilkShaders/Lit-Template
charactermodmaterials_assets_tripleblk_b077b78f1d02c1dc4e20b4fe206d2ef6.bundle	-2373633577160681574	Triple BLK	-3661740934848837633	MilkShaders/Lit-Template
charactermodmaterials_assets_triplegray_774b86d48450b11fb3fe1e45b19cc5d5.bundle	-3971361120561081164	Triple GRAY	-3661740934848837633	MilkShaders/Lit-Template
charactermodmaterials_assets_triplem81_0bfc099cffd216a7a3c6c1a95026211e.bundle	2274865903459108914	Triple M81	-3661740934848837633	MilkShaders/Lit-Template
charactermodmaterials_assets_tripleodg_7e2643d60d66ffecb4b5c1c7ac46415e.bundle	-8846066088721866534	Triple ODG	-3661740934848837633	MilkShaders/Lit-Template
charactermodmaterials_assets_usa_e045bb1013bab69c9314acd800274550.bundle	-6255866579217585709	USA	7322088784485553867	HDRP/Lit
charactermodmaterials_assets_usair_40132777c4fecc795779b1415869b3e1.bundle	-2470749388264181450	usa ir	7322088784485553867	HDRP/Lit
charactermodmaterials_assets_vest_ferro_fcpc_aor1_46ddfa611d15c7226eab23086eb40c30.bundle	2584242939821984845	Vest_Ferro_FCPC_AOR1	-3661740934848837633	MilkShaders/Lit-Template
charactermodmaterials_assets_vest_ferro_fcpc_coyote_fc4a8c7b8c789813dc1a3f06b5d29b57.bundle	-285334318636429293	Vest_Ferro_FCPC_Coyote	-3661740934848837633	MilkShaders/Lit-Template
charactermodmaterials_assets_vest_ferro_fcpc_ocp_34879ae6bdf90b3f0504de833fa7cefb.bundle	-2470400548286561306	Vest_Ferro_FCPC_OCP	-3661740934848837633	MilkShaders/Lit-Template
charactermodmaterials_assets_vestaor11_d5a392e410c9392f666acb583574c108.bundle	-6365516795959716893	Vest AOR1	-3661740934848837633	MilkShaders/Lit-Template
charactermodmaterials_assets_vestaor1_c592c7384624847d6aba0a774b769e4c.bundle	-701437577812302020	Vest AOR1	-3661740934848837633	MilkShaders/Lit-Template
charactermodmaterials_assets_vestaor21_0124eb1838fce38f2f30d4089acf2f7b.bundle	8492368971679342239	Vest AOR2	-3661740934848837633	MilkShaders/Lit-Template
charactermodmaterials_assets_vestaor22_e775df5654a5b35a454b6228c2d999a7.bundle	7115249330287728846	Vest AOR2	-3661740934848837633	MilkShaders/Lit-Template
charactermodmaterials_assets_vestaor2_e2d3889cc7f19691eb420862b9aa86cd.bundle	-2434822132572172682	Vest AOR2	-3661740934848837633	MilkShaders/Lit-Template
charactermodmaterials_assets_vestblk1_9d6fa55408a5d746a866830d154faed0.bundle	3388963317166334879	Vest BLK	-3661740934848837633	MilkShaders/Lit-Template
charactermodmaterials_assets_vestblk2_626c051d16cad66e0c56264b23b6d29c.bundle	2841242230329112310	Vest BLK	-3661740934848837633	MilkShaders/Lit-Template
charactermodmaterials_assets_vestblk_017cec9f02f710e91b6cf5f5fe2abac6.bundle	-5098157419781055783	Vest BLK	-3661740934848837633	MilkShaders/Lit-Template
charactermodmaterials_assets_vestgray1_38c53b29bc7315802e606e6579f42b27.bundle	1129008757323803831	Vest GRAY	-3661740934848837633	MilkShaders/Lit-Template
charactermodmaterials_assets_vestgray2_858fd8216c42624400c8bd0bcdac6678.bundle	-3210901704007547956	Vest GRAY	-3661740934848837633	MilkShaders/Lit-Template
charactermodmaterials_assets_vestgray_b8b79f7731d5d3192796f82d7ab6beea.bundle	-945652674548532509	Vest GRAY	-3661740934848837633	MilkShaders/Lit-Template
charactermodmaterials_assets_vestm811_69dc924fab097c806e9ca57da2e39929.bundle	-2066385225618319011	Vest M81	-3661740934848837633	MilkShaders/Lit-Template
charactermodmaterials_assets_vestm812_70f587e9cd424bb5f1bd24f387fd2887.bundle	2431527827052200273	Vest M81	-3661740934848837633	MilkShaders/Lit-Template
charactermodmaterials_assets_vestm81_529368a55f228fb424ba0e84c27fbaa7.bundle	-3702860747602127995	Vest M81	-3661740934848837633	MilkShaders/Lit-Template
charactermodmaterials_assets_vestmcb1_76f99bc520ee6696a61c6f3cec957fb2.bundle	-8845832597988857374	Vest MCB	-3661740934848837633	MilkShaders/Lit-Template
charactermodmaterials_assets_vestmcb2_e91f02467c60456cb24bde1a32444ed6.bundle	-3852228034035869328	Vest MCB	-3661740934848837633	MilkShaders/Lit-Template
charactermodmaterials_assets_vestmcb_afe1c07fefd01ff7080fb49042b302ca.bundle	3558278333940201470	Vest MCB	-3661740934848837633	MilkShaders/Lit-Template
charactermodmaterials_assets_vestod_b4f5bc35e562edd9ff1f44670118e3c4.bundle	1598470311735635405	Vest OD	-3661740934848837633	MilkShaders/Lit-Template
charactermodmaterials_assets_vestodg_d5ee0e6cef22dbc12f4907555da7aa01.bundle	-7400656837201621322	Vest ODG	-3661740934848837633	MilkShaders/Lit-Template
charactermodmaterials_assets_vestodgreen_397fa21dbf203e507f4cd38da6344387.bundle	7532278551221533640	Vest OD GREEN	-3661740934848837633	MilkShaders/Lit-Template
charactermodmaterials_assets_vetcoyote_25df4d57874dd12da915a9c4bbdb4494.bundle	1193791186092194006	Vet Coyote	-3661740934848837633	MilkShaders/Lit-Template
charactermodmaterials_assets_vetgray_17c7cb20054ed87df50f699b6bb3c24a.bundle	664760827715601916	Vet Gray	-3661740934848837633	MilkShaders/Lit-Template
charactermodmaterials_assets_vethat2blk_2ae8978a29fd0ec0b1d6b6db46878bc4.bundle	7668160173011297189	Vethat 2 blk	7322088784485553867	HDRP/Lit
charactermodmaterials_assets_vethat2coyote_c6bbb5ac5684d43ce90d95f2b005c3cd.bundle	-8666983222762323150	Vethat 2 Coyote	7322088784485553867	HDRP/Lit
charactermodmaterials_assets_vethat2gray_4a5be1617ede6d3990d917be1a4ddab1.bundle	-3618580295306413289	Vethat 2 Gray	7322088784485553867	HDRP/Lit
charactermodmaterials_assets_vethat2odgreen_307d0335ae5b2f40c7d8a1d08785c140.bundle	-8454888683872312306	Vethat 2 OD Green	7322088784485553867	HDRP/Lit
charactermodmaterials_assets_vethat_fba65dc34a25cdeebf7dae5692776c49.bundle	-8664115802544928130	Vethat	7322088784485553867	HDRP/Lit
charactermodmaterials_assets_vethatmc_8b4bbb1c25d2d53fd3f4f64e84eb6722.bundle	-6879044259462945167	Vethat MC	7322088784485553867	HDRP/Lit
charactermodmaterials_assets_vethatmcb_356b7a135b8bd5bd2149126ef04dbdcd.bundle	-5199506809392060081	Vethat MCB	7322088784485553867	HDRP/Lit
charactermodmaterials_assets_vetmcb_53f7d02b6261f3610b74411203c3f620.bundle	1300377928550175557	Vet MCB	-3661740934848837633	MilkShaders/Lit-Template
charactermodmaterials_assets_vetmulticam_72f94230335cd7c1021ad262df6c165f.bundle	2851671998712112181	Vet Multicam	-3661740934848837633	MilkShaders/Lit-Template
charactermodmaterials_assets_vetodgreen_afcb49477b9ebdf3a227f03179b4f05f.bundle	4056806846995454133	Vet OD Green	-3661740934848837633	MilkShaders/Lit-Template
charactermodmaterials_assets_watchglass1_a1e5535631bffd91cfc1b84583ff68fd.bundle	8911154932477618926	watchglass	7322088784485553867	HDRP/Lit
charactermodmaterials_assets_watchglass_f31689e326c26b395725dd2098a44bba.bundle	-1245013566230531386	watchglass	7322088784485553867	HDRP/Lit
charactermodmaterials_assets_waterboardinginstructor_58c94e39f4b8694a2028f714789bb4b0.bundle	8871593496938825403	waterboardinginstructor	7322088784485553867	HDRP/Lit
charactermodmaterials_assets_wileecoyote_3e9e149483cae04892d47db18177cecd.bundle	-3066517029117180620	wile e coyote	7322088784485553867	HDRP/Lit
charactermodmaterials_assets_willy_de21ffe05b6c0e43844226f72682fd80.bundle	5148207777584724783	Willy	7322088784485553867	HDRP/Lit
charactermods_stripped_assets_americaneagle_ec45ae8c6bdeba119ac7562000217502.bundle	-5894903830155420886	M_Arms 2	7322088784485553867	HDRP/Lit
charactermods_stripped_assets_avsmcbslick_42557949de20ca4e11ad2c6f3c1fdf48.bundle	6143140184279625830	DefaultHDMaterial	7322088784485553867	
charactermods_stripped_assets_avsplleaderaor1_60d593a9f6d8de4ef226ff658f8189a0.bundle	6143140184279625830	DefaultHDMaterial	7322088784485553867	
charactermods_stripped_assets_avsplleaderblkvariant_7bcc578529346ed286b7aa34a7600adf.bundle	6143140184279625830	DefaultHDMaterial	7322088784485553867	
charactermods_stripped_assets_avsplleadercoyotevariant_5ab459c3a8b8ea94914b3be00c661438.bundle	6143140184279625830	DefaultHDMaterial	7322088784485553867	
charactermods_stripped_assets_avsplleadermc_9ae89d1103b4ba96c5c77d4088d9c5cf.bundle	6143140184279625830	DefaultHDMaterial	7322088784485553867	
charactermods_stripped_assets_avsplleadermcb_9e33c1129454c99e96bfcd71ea646a92.bundle	6143140184279625830	DefaultHDMaterial	7322088784485553867	
charactermods_stripped_assets_avsplleaderrg_0e8f722d939af3d419d33718fe8a27b5.bundle	6143140184279625830	DefaultHDMaterial	7322088784485553867	
charactermods_stripped_assets_avsplsgt_5e83a53c913a39cab1a2e78755df953d.bundle	6143140184279625830	DefaultHDMaterial	7322088784485553867	
charactermods_stripped_assets_avsplsgtaor1_5ac4824d8ea249838be6fb8b747c454a.bundle	6143140184279625830	DefaultHDMaterial	7322088784485553867	
charactermods_stripped_assets_avsplsgtcoyote_1de940b673f4a41e8be91a53dfde6941.bundle	6143140184279625830	DefaultHDMaterial	7322088784485553867	
charactermods_stripped_assets_avsplsgtmcb_7435345bb1430718095acb92405f5571.bundle	6143140184279625830	DefaultHDMaterial	7322088784485553867	
charactermods_stripped_assets_avsplsgtrg_ee892e15c78e11f9e90e264fb5998f28.bundle	6143140184279625830	DefaultHDMaterial	7322088784485553867	
charactermods_stripped_assets_avsrgslick_454895764f7586851fd5d91e39b574fd.bundle	6143140184279625830	DefaultHDMaterial	7322088784485553867	
charactermods_stripped_assets_avsslickaor1_26e64d75ec89d0ccc5d672b65ab28448.bundle	6143140184279625830	DefaultHDMaterial	7322088784485553867	
charactermods_stripped_assets_avsslickblk_d41cf9517624197ab3e09b268ef5c5b2.bundle	6143140184279625830	DefaultHDMaterial	7322088784485553867	
charactermods_stripped_assets_avsslickcoyote_e24e8142147bd68b874f0383dedb46d1.bundle	6143140184279625830	DefaultHDMaterial	7322088784485553867	
charactermods_stripped_assets_avsslickmc_828f6a5764b4a75fe1cb6c3c0dd654ee.bundle	6143140184279625830	DefaultHDMaterial	7322088784485553867	
charactermods_stripped_assets_camo_i_5a71db46d7bf65dfefbcd45ca4918f21.bundle	3233201489425702706	M_PouchesCamoI	7322088784485553867	HDRP/Lit
charactermods_stripped_assets_camoa_11e927a068e1cb2545c5dc1ff1e00672.bundle	-6410680139613251120	M_PouchesCamoA	7322088784485553867	HDRP/Lit
charactermods_stripped_assets_camob_bc6ff245a37d04b105aba2cf2f9922de.bundle	5516081124354822076	M_PouchesCamoB	7322088784485553867	HDRP/Lit
charactermods_stripped_assets_camoc_83e64de0d9f9f0a66cd03c2e0adb3b07.bundle	8665859169133965268	M_PouchesCamoC	-1911648095471704572	GoreShader
charactermods_stripped_assets_camod_af6734717ba3b0f942ebfdb0f18df154.bundle	317674515304023033	M_PouchesCamoD	7322088784485553867	HDRP/Lit
charactermods_stripped_assets_camoe_69d84a330a1706d99a8de5e9a79b61a7.bundle	4900906770057711532	M_PouchesCamoE	7322088784485553867	HDRP/Lit
charactermods_stripped_assets_camof_6d7b45309f32cbf8c26ddc227385af23.bundle	-8149670576481293577	M_PouchesCamoF	7322088784485553867	HDRP/Lit
charactermods_stripped_assets_camog_5bca47439deecf4c5dfd0e7834c88015.bundle	3158453308028643223	M_PouchesCamoG	7322088784485553867	HDRP/Lit
charactermods_stripped_assets_camoh_06edc43d7737280e2c03815252ff32fa.bundle	-3117131443622227175	M_PouchesCamoH	7322088784485553867	HDRP/Lit
charactermods_stripped_assets_colora_854fbed1fb27640a9a24542279b08ae7.bundle	1536628541429821174	M_PouchesColorA	7322088784485553867	HDRP/Lit
charactermods_stripped_assets_colorb_6a7056ca586800511e36f27de044a3b3.bundle	-861327380860383427	M_PouchesColorB	7322088784485553867	HDRP/Lit
charactermods_stripped_assets_colorc_364c512b618efe0cd69fd640f150f0d3.bundle	-2406620357763475814	M_PouchesColorC	7322088784485553867	HDRP/Lit
charactermods_stripped_assets_colord_defbc17dc5190d2a4e2def359cb18e0e.bundle	9137273379180246421	M_PouchesColorD	7322088784485553867	HDRP/Lit
charactermods_stripped_assets_colore_d472d29f6c1eb85557c3cf690c8688b5.bundle	7675320631885639423	M_PouchesColorE	7322088784485553867	HDRP/Lit
charactermods_stripped_assets_colorf_ed5a259d151f9e09ca2d8f0a16fd399d.bundle	5702090743426182901	M_PouchesColorF	7322088784485553867	HDRP/Lit
charactermods_stripped_assets_colorg_dc5ea95fd38a6a9ea36004c7eea50f66.bundle	-2344952444486428562	M_PouchesColorH	7322088784485553867	HDRP/Lit
charactermods_stripped_assets_colorh_68f46df78d3eb837c650931c22065e67.bundle	-2344952444486428562	M_PouchesColorH	7322088784485553867	HDRP/Lit
charactermods_stripped_assets_ferroconceptsfcpcsquadleader2aor1_19410874756f0df58db26b5b8a29d08e.bundle	6143140184279625830	DefaultHDMaterial	7322088784485553867	
charactermods_stripped_assets_ferroconceptsfcpcsquadleader2aor2_a7970a136836e91a3a313a4e8f3c24a9.bundle	6143140184279625830	DefaultHDMaterial	7322088784485553867	
charactermods_stripped_assets_ferroconceptsfcpcsquadleader2blk_0b434f21f3b32f9fdbb11fa41b57e8e0.bundle	6143140184279625830	DefaultHDMaterial	7322088784485553867	
charactermods_stripped_assets_ferroconceptsfcpcsquadleader2coyote_fe0dc82e63916db0be36ec6b998e060d.bundle	6143140184279625830	DefaultHDMaterial	7322088784485553867	
charactermods_stripped_assets_ferroconceptsfcpcsquadleader2gray_1993d28c936fd36171490dcb7f40dc37.bundle	6143140184279625830	DefaultHDMaterial	7322088784485553867	
charactermods_stripped_assets_ferroconceptsfcpcsquadleader2m81_0c4c5ea945f62fa8d127cc9c4b19e843.bundle	6143140184279625830	DefaultHDMaterial	7322088784485553867	
charactermods_stripped_assets_ferroconceptsfcpcsquadleader2mc_f335ee7b78882e9190ffe4669f1ddc32.bundle	6143140184279625830	DefaultHDMaterial	7322088784485553867	
charactermods_stripped_assets_ferroconceptsfcpcsquadleader2mcb_b49f9b428c6bfea7ec7b1ce8db57f727.bundle	6143140184279625830	DefaultHDMaterial	7322088784485553867	
charactermods_stripped_assets_ferroconceptsfcpcsquadleader2odgreen_dd17f62ba500ac841ffe59e5bb50692c.bundle	6143140184279625830	DefaultHDMaterial	7322088784485553867	
charactermods_stripped_assets_ferroconceptsfcpcsquadleaderaor1_c8f85d2d3a4494f31540749217bb5931.bundle	6143140184279625830	DefaultHDMaterial	7322088784485553867	
charactermods_stripped_assets_ferroconceptsfcpcsquadleaderaor2_10217c207915a783502610083a7c1f3d.bundle	6143140184279625830	DefaultHDMaterial	7322088784485553867	
charactermods_stripped_assets_ferroconceptsfcpcsquadleaderblk_262e4b3fe088285dab6e9dd62cead14f.bundle	6143140184279625830	DefaultHDMaterial	7322088784485553867	
charactermods_stripped_assets_ferroconceptsfcpcsquadleadercoyote_da033e860e590ab0dcbaf6526c7f342d.bundle	6143140184279625830	DefaultHDMaterial	7322088784485553867	
charactermods_stripped_assets_ferroconceptsfcpcsquadleadergray_02d8f214bafeebd5e45ccc5fe9ec8039.bundle	6143140184279625830	DefaultHDMaterial	7322088784485553867	
charactermods_stripped_assets_ferroconceptsfcpcsquadleaderm81_b9fb0df8db9e941a2b654443db1ade43.bundle	6143140184279625830	DefaultHDMaterial	7322088784485553867	
charactermods_stripped_assets_ferroconceptsfcpcsquadleadermc_f901a1a6ab8b03f35c95e964901068e1.bundle	6143140184279625830	DefaultHDMaterial	7322088784485553867	
charactermods_stripped_assets_ferroconceptsfcpcsquadleadermcb_3c58e803de81d04feeec2173e3bdef25.bundle	6143140184279625830	DefaultHDMaterial	7322088784485553867	
charactermods_stripped_assets_ferroconceptsfcpcsquadleaderodgreen_073c5f451b5a4f155b37fdb1d2c1bbd0.bundle	6143140184279625830	DefaultHDMaterial	7322088784485553867	
charactermods_stripped_assets_ferroconceptsslickster_abba05b82c27867750fb6afbabe78ffa.bundle	2993936177744555112	MI_Patch_C4	7322088784485553867	
charactermods_stripped_assets_garmingps_c70169c424266af16b8e9110c08b2ea8.bundle	-5056405638484568581	LiberationSans SDF Material	7030032868776217633	TextMeshPro/Mobile/Distance Field
charactermods_stripped_assets_ghostblk_88540607adecb6270e1c30aadef8a962.bundle	-8426403989883332082	M_PouchesGhostBLK	7322088784485553867	HDRP/Lit
charactermods_stripped_assets_ghostfde_4704e4d497225ee1541dae3805d062a2.bundle	8834776799825603425	M_PouchesGhostBLK 3	7322088784485553867	HDRP/Lit
charactermods_stripped_assets_ghostmulticam_ddc79fb6ab5379800524ce7ab9b59f95.bundle	3922998871286386688	M_PouchesGhostBLK 1	7322088784485553867	HDRP/Lit
charactermods_stripped_assets_ghostodgreen_120881fd150e5fcbad450151e4bad3bb.bundle	-2845358886593442975	M_PouchesGhostBLK 2	7322088784485553867	HDRP/Lit
charactermods_stripped_assets_hel-starirstrobe_413167314c3f7fd5d779f7f99d64650c.bundle	-5742398764132884222	IR Strobe	7322088784485553867	
charactermods_stripped_assets_jpcbreacheraor1variant_e2d964671d2b1437cf8cb139277f1ba4.bundle	6143140184279625830	DefaultHDMaterial	7322088784485553867	
charactermods_stripped_assets_jpcbreachercoyote_cfd61f2e41365efec241c6f841397cf5.bundle	6143140184279625830	DefaultHDMaterial	7322088784485553867	
charactermods_stripped_assets_jpcbreacherm81_624feed8400faabdba30be1dcba04fed.bundle	6143140184279625830	DefaultHDMaterial	7322088784485553867	
charactermods_stripped_assets_jpcbreachermc_b0b9e9614cfc529a3e90f958b8019556.bundle	6143140184279625830	DefaultHDMaterial	7322088784485553867	
charactermods_stripped_assets_jpcbreacherrg_d8a9c03a3efbd6347bf1e26e55207b6e.bundle	6143140184279625830	DefaultHDMaterial	7322088784485553867	
charactermods_stripped_assets_jpcbreachertigerstripe_d0a6e55d6158ea78b9e603702458f698.bundle	6143140184279625830	DefaultHDMaterial	7322088784485553867	
charactermods_stripped_assets_jpcoperatoraor1variant_e29bb237b168806e9b0e5d28c1b77e18.bundle	6143140184279625830	DefaultHDMaterial	7322088784485553867	
charactermods_stripped_assets_jpcoperatorblk_7c4a79a1007896b0437637748e01bd4c.bundle	6143140184279625830	DefaultHDMaterial	7322088784485553867	
charactermods_stripped_assets_jpcoperatorcoyote_a38a41d7cb667fe57552e9693498cef1.bundle	6143140184279625830	DefaultHDMaterial	7322088784485553867	
charactermods_stripped_assets_jpcoperatorm81_dc81fe022070018aafd613e058737732.bundle	6143140184279625830	DefaultHDMaterial	7322088784485553867	
charactermods_stripped_assets_jpcoperatormc_acffc2cdbdf6c9b6bb10d8e37bbab486.bundle	6143140184279625830	DefaultHDMaterial	7322088784485553867	
charactermods_stripped_assets_jpcoperatormcb_9ed7d4ede6d8d3d99080aa5224bda92d.bundle	6143140184279625830	DefaultHDMaterial	7322088784485553867	
charactermods_stripped_assets_jpcoperatorrg_8b15a172187867b32c70a6654e3748db.bundle	6143140184279625830	DefaultHDMaterial	7322088784485553867	
charactermods_stripped_assets_jpcoperatortigerstripe_f9a05a30f1fbaf810f51331aeac147b1.bundle	6143140184279625830	DefaultHDMaterial	7322088784485553867	
charactermods_stripped_assets_jpcriflemanaor1variant_1441ef1af20f94cfb8936bcf215fce4f.bundle	6143140184279625830	DefaultHDMaterial	7322088784485553867	
charactermods_stripped_assets_jpcriflemanblk_40504cce334df70276d8a52259c09d09.bundle	6143140184279625830	DefaultHDMaterial	7322088784485553867	
charactermods_stripped_assets_jpcriflemancoyote_e9b2ba292793d4316654b42405392d52.bundle	6143140184279625830	DefaultHDMaterial	7322088784485553867	
charactermods_stripped_assets_jpcriflemanm81_677900d7bf4b494c6eedb9b8091ab951.bundle	6143140184279625830	DefaultHDMaterial	7322088784485553867	
charactermods_stripped_assets_jpcriflemanmc_af4f930b145fbb11e8d884048045d7e5.bundle	6143140184279625830	DefaultHDMaterial	7322088784485553867	
charactermods_stripped_assets_jpcriflemanmcb_b543b07761f80a25a8879a1761499ced.bundle	6143140184279625830	DefaultHDMaterial	7322088784485553867	
charactermods_stripped_assets_jpcriflemanrg_ac23e12af3d828f3e3d54b0a2120cc86.bundle	6143140184279625830	DefaultHDMaterial	7322088784485553867	
charactermods_stripped_assets_jpcriflemantigerstripe_a303a6f94866321152d6cabd680f7632.bundle	6143140184279625830	DefaultHDMaterial	7322088784485553867	
charactermods_stripped_assets_jpcsquadleaderblk_fd135d65d711f5c79f6d34427cbe3736.bundle	6143140184279625830	DefaultHDMaterial	7322088784485553867	
charactermods_stripped_assets_jpcsquadleadermcb_06e2eaa7d85d272d338b7aa9677e2813.bundle	6143140184279625830	DefaultHDMaterial	7322088784485553867	
charactermods_stripped_assets_jpcveteranaor1_eb97d37536bdc68a84982b9516c6103e.bundle	6143140184279625830	DefaultHDMaterial	7322088784485553867	
charactermods_stripped_assets_jpcveteranmc_d0ba6b7407e2da9436de3d10ba925c40.bundle	6143140184279625830	DefaultHDMaterial	7322088784485553867	
charactermods_stripped_assets_jpcveteranmcb_8456cda1865774c03d93459a5765521d.bundle	6143140184279625830	DefaultHDMaterial	7322088784485553867	
charactermods_stripped_assets_lbt6094squadleaderaor1_4ec7e715be55a99b6a9135630acc5f35.bundle	6143140184279625830	DefaultHDMaterial	7322088784485553867	
charactermods_stripped_assets_lbt6094squadleaderaor2_e26b3153081f7cc25a64dbaddcff4b99.bundle	6143140184279625830	DefaultHDMaterial	7322088784485553867	
charactermods_stripped_assets_lbt6094squadleaderblk_c03d25a672fb3b07f46602d245bfbd60.bundle	6143140184279625830	DefaultHDMaterial	7322088784485553867	
charactermods_stripped_assets_lbt6094squadleadermc_64dac3e0c7e516bd2a7795b962f7135b.bundle	6143140184279625830	DefaultHDMaterial	7322088784485553867	
charactermods_stripped_assets_ms2000strobe_39f51ed424a8a68ccfaf37e75a8edeed.bundle	-5742398764132884222	IR Strobe	7322088784485553867	
charactermods_stripped_assets_msvgen2squadleaderblk_b36a6f479a7c52323903577191ac9fcc.bundle	6143140184279625830	DefaultHDMaterial	7322088784485553867	
charactermods_stripped_assets_msvgen2squadleadermc_8fe204d8bffe1a143897c688963e15ae.bundle	6143140184279625830	DefaultHDMaterial	7322088784485553867	
charactermods_stripped_assets_nfmthorsquadleaderaor1_1589f430b54e6828424512449e807f8d.bundle	6143140184279625830	DefaultHDMaterial	7322088784485553867	
charactermods_stripped_assets_nfmthorsquadleaderblk_46b6c40c6c488a2d4cad2df0b94ec7fb.bundle	6143140184279625830	DefaultHDMaterial	7322088784485553867	
charactermods_stripped_assets_nfmthorsquadleadermc_b1d8fa8332c5f0440702221cfc5cf607.bundle	6143140184279625830	DefaultHDMaterial	7322088784485553867	
charactermods_stripped_assets_nfmthorsquadleadermcb_525ae2392dd93260696dc85dbdfcea89.bundle	6143140184279625830	DefaultHDMaterial	7322088784485553867	
charactermods_stripped_assets_nfmthorsquadleaderrg_2582e6def0232e81983faa53fd5fe0f7.bundle	6143140184279625830	DefaultHDMaterial	7322088784485553867	
charactermods_stripped_assets_nfmthorsquadleadertan_83a6f709f0e5955145825e2ee7987969.bundle	6143140184279625830	DefaultHDMaterial	7322088784485553867	
charactermods_stripped_assets_oldschool_f0e0a96bb45d81eff8ef040ecf40ecff.bundle	3328714044701635959	M_Arms 1	7322088784485553867	HDRP/Lit
charactermods_stripped_assets_s&splateframesquadleaderaor1_747ba1b077dd0c701c311e244edae9ed.bundle	6143140184279625830	DefaultHDMaterial	7322088784485553867	
charactermods_stripped_assets_s&splateframesquadleaderaor2_fce64ff0a7fbc141b96448a841de85cf.bundle	6143140184279625830	DefaultHDMaterial	7322088784485553867	
charactermods_stripped_assets_s&splateframesquadleaderblk_579abec1f8d5f2454112615d426bfa10.bundle	6143140184279625830	DefaultHDMaterial	7322088784485553867	
charactermods_stripped_assets_s&splateframesquadleadergray_4165e38e8b39b4e53ac0212b1d71c116.bundle	6143140184279625830	DefaultHDMaterial	7322088784485553867	
charactermods_stripped_assets_s&splateframesquadleaderm81_fa089201494b6777575e9fe45c9bd275.bundle	6143140184279625830	DefaultHDMaterial	7322088784485553867	
charactermods_stripped_assets_s&splateframesquadleadermc_50e4250f2c221f3623c73559e58eb9c1.bundle	6143140184279625830	DefaultHDMaterial	7322088784485553867	
charactermods_stripped_assets_s&splateframesquadleadermcb_fd139d3abae2ca795dde498ef707aad1.bundle	6143140184279625830	DefaultHDMaterial	7322088784485553867	
charactermods_stripped_assets_s&splateframesquadleaderodgreen_2f4071aa3ff6fbd61e8185191fea66f9.bundle	6143140184279625830	DefaultHDMaterial	7322088784485553867	
charactermods_stripped_assets_s&splateframesquadleadertan_93e6a7f05234538645004352929ccc0a.bundle	6143140184279625830	DefaultHDMaterial	7322088784485553867	
charactermods_stripped_assets_spiritussystemslv119aor1_3b1bd5241eff23313c8ea51fb09ad1f4.bundle	6143140184279625830	DefaultHDMaterial	7322088784485553867	
charactermods_stripped_assets_spiritussystemslv119blk_0adcdae16f0adac67bc17a5789dce4be.bundle	6143140184279625830	DefaultHDMaterial	7322088784485553867	
charactermods_stripped_assets_spiritussystemslv119coyote_5ed8b157d9e74517522cdbdb542aa30f.bundle	6143140184279625830	DefaultHDMaterial	7322088784485553867	
charactermods_stripped_assets_spiritussystemslv119mcb_5ae2fb7db92679d61cdb5b5df0a7b04e.bundle	6143140184279625830	DefaultHDMaterial	7322088784485553867	
charactermods_stripped_assets_spiritussystemslv119multicam_02f41be98af3e0029b06f88d4b3bf045.bundle	6143140184279625830	DefaultHDMaterial	7322088784485553867	
charactermods_stripped_assets_spiritussystemslv119rg_94154772784be890cdac4446ed509fc1.bundle	6143140184279625830	DefaultHDMaterial	7322088784485553867	
charactermods_stripped_assets_spiritussystemslv119slickaor1_a5c9090bfe028ea74c9848f55877f888.bundle	6143140184279625830	DefaultHDMaterial	7322088784485553867	
charactermods_stripped_assets_spiritussystemslv119slickblk_1605c995d2804c25c1e4393ed5ffdbe9.bundle	6143140184279625830	DefaultHDMaterial	7322088784485553867	
charactermods_stripped_assets_spiritussystemslv119slickcoyote_dfcb39e8e4e3802329b2b6746d56dba6.bundle	6143140184279625830	DefaultHDMaterial	7322088784485553867	
charactermods_stripped_assets_spiritussystemslv119slickmcb_cb952d210d5c4a5a33bd4e80ebba4c3f.bundle	6143140184279625830	DefaultHDMaterial	7322088784485553867	
charactermods_stripped_assets_spiritussystemslv119slickmulticam_1151d202680117baaf7b7147dd89ae7b.bundle	6143140184279625830	DefaultHDMaterial	7322088784485553867	
charactermods_stripped_assets_spiritussystemslv119slickrg_9867c407864f78557c73a935948ff4c9.bundle	6143140184279625830	DefaultHDMaterial	7322088784485553867	
charactermods_stripped_assets_tattootest_c75004d218ecaf2052b32efd6cb0482f.bundle	-5894903830155420886	M_Arms 2	7322088784485553867	HDRP/Lit
charactermods_stripped_assets_tbasv5squadleaderblk_385491a1043b4c9e4c41081394eedb8d.bundle	6143140184279625830	DefaultHDMaterial	7322088784485553867	
charactermods_stripped_assets_tbasv5squadleadermc_11fe0968da9399c297bd590eac566506.bundle	6143140184279625830	DefaultHDMaterial	7322088784485553867	
charactermods_stripped_assets_tribal_de4b68cb46dd04aed6d9c8e1293a4563.bundle	505831077300464825	M_Arms Tribal	7322088784485553867	HDRP/Lit
charactermods_stripped_assets_tyrpico1massaulteraor1_104500829d9d9b0188a6ba8bcdd5a3df.bundle	-1254458962203210617	MI_MISC_02	7322088784485553867	
charactermods_stripped_assets_tyrpico1massaulteraor2_5a34b1288d024cdab96f22881df903ad.bundle	-1254458962203210617	MI_MISC_02	7322088784485553867	
charactermods_stripped_assets_tyrpico1massaulterblk_eda0405883a96a281a19261831e45cb5.bundle	-1254458962203210617	MI_MISC_02	7322088784485553867	
charactermods_stripped_assets_tyrpico1massaultercoyote_753037bafd6a1e9a1008a600310aeb81.bundle	-1254458962203210617	MI_MISC_02	7322088784485553867	
charactermods_stripped_assets_tyrpico1massaultercoyotevariant_7b611f01f02e3e7573a9b49a426aa01a.bundle	-1254458962203210617	MI_MISC_02	7322088784485553867	
charactermods_stripped_assets_tyrpico1massaultergray_2b9c04c0a613c93601d27cc6eefbd0d5.bundle	-1254458962203210617	MI_MISC_02	7322088784485553867	
charactermods_stripped_assets_tyrpico1massaulterm81_efb408a38b8aca87b54df6dfbc1176cf.bundle	-1254458962203210617	MI_MISC_02	7322088784485553867	
charactermods_stripped_assets_tyrpico1massaultermc_cec0751a1363a8b5c29ce931244fef91.bundle	-1254458962203210617	MI_MISC_02	7322088784485553867	
charactermods_stripped_assets_tyrpico1massaultermcb_a4176b0a42f699a1d1f23e98f4f66c81.bundle	-1254458962203210617	MI_MISC_02	7322088784485553867	
charactermods_stripped_assets_tyrpico1massaulterodgreen_b2100a92d971aa5822ad4bfe25f4c48c.bundle	-1254458962203210617	MI_MISC_02	7322088784485553867	
charactermods_stripped_assets_tyrpico1massaultersquadleaderaor1_127675df5d0792c9de68a49577f752ae.bundle	-1254458962203210617	MI_MISC_02	7322088784485553867	
charactermods_stripped_assets_tyrpico1massaultersquadleaderaor1_127675df5d0792c9de68a49577f752ae.bundle	6143140184279625830	DefaultHDMaterial	7322088784485553867	
charactermods_stripped_assets_tyrpico1massaultersquadleaderaor2_128155ec6f55abfa9bc23e4e0302606a.bundle	-1254458962203210617	MI_MISC_02	7322088784485553867	
charactermods_stripped_assets_tyrpico1massaultersquadleaderaor2_128155ec6f55abfa9bc23e4e0302606a.bundle	6143140184279625830	DefaultHDMaterial	7322088784485553867	
charactermods_stripped_assets_tyrpico1massaultersquadleaderblk_421df6be7a683e015b34c1bd04cb9b99.bundle	-1254458962203210617	MI_MISC_02	7322088784485553867	
charactermods_stripped_assets_tyrpico1massaultersquadleaderblk_421df6be7a683e015b34c1bd04cb9b99.bundle	6143140184279625830	DefaultHDMaterial	7322088784485553867	
charactermods_stripped_assets_tyrpico1massaultersquadleadercoyote_a9d3930e34a848805ca36039413b327f.bundle	-1254458962203210617	MI_MISC_02	7322088784485553867	
charactermods_stripped_assets_tyrpico1massaultersquadleadercoyote_a9d3930e34a848805ca36039413b327f.bundle	6143140184279625830	DefaultHDMaterial	7322088784485553867	
charactermods_stripped_assets_tyrpico1massaultersquadleadergray_6a48a741905e6d20cdfeb35d2e41fb15.bundle	-1254458962203210617	MI_MISC_02	7322088784485553867	
charactermods_stripped_assets_tyrpico1massaultersquadleadergray_6a48a741905e6d20cdfeb35d2e41fb15.bundle	6143140184279625830	DefaultHDMaterial	7322088784485553867	
charactermods_stripped_assets_tyrpico1massaultersquadleaderm81_1a3b8a832bbe53253a66c8cd6ea7a7a4.bundle	-1254458962203210617	MI_MISC_02	7322088784485553867	
charactermods_stripped_assets_tyrpico1massaultersquadleaderm81_1a3b8a832bbe53253a66c8cd6ea7a7a4.bundle	6143140184279625830	DefaultHDMaterial	7322088784485553867	
charactermods_stripped_assets_tyrpico1massaultersquadleadermc_610adbd990ee3c4c4eb4fcc39741a036.bundle	-1254458962203210617	MI_MISC_02	7322088784485553867	
charactermods_stripped_assets_tyrpico1massaultersquadleadermc_610adbd990ee3c4c4eb4fcc39741a036.bundle	6143140184279625830	DefaultHDMaterial	7322088784485553867	
charactermods_stripped_assets_tyrpico1massaultersquadleadermcb_2a169dfa7d8b39de6609885b6e4eddbb.bundle	-1254458962203210617	MI_MISC_02	7322088784485553867	
charactermods_stripped_assets_tyrpico1massaultersquadleadermcb_2a169dfa7d8b39de6609885b6e4eddbb.bundle	6143140184279625830	DefaultHDMaterial	7322088784485553867	
charactermods_stripped_assets_tyrpico1massaultersquadleaderodgreen_77d9632d22d031f593bacb9b3277ee3b.bundle	-1254458962203210617	MI_MISC_02	7322088784485553867	
charactermods_stripped_assets_tyrpico1massaultersquadleaderodgreen_77d9632d22d031f593bacb9b3277ee3b.bundle	6143140184279625830	DefaultHDMaterial	7322088784485553867	
charactermods_stripped_assets_usa_cbe9b1f205dd015b3b3b11222e8ab898.bundle	931333061700222158	M_PouchesUSA	7322088784485553867	HDRP/Lit
defaultlocalgroup_assets_mat_carryhandle_2034f6e90a7a07d4d2906186afbee036.bundle	-4641178110470291358	mat_carryhandle	-7803075278752278772	HDRP/Autodesk Interactive/AutodeskInteractive
weaponmodmaterials_assets_10_51_0f27779ac57dfd938aeb2992c0b67adf.bundle	-2024178227305984432	10_5 1	7322088784485553867	HDRP/Lit
weaponmodmaterials_assets_10_52_1bc94b4d8066b26fb1a2a11490f846eb.bundle	-4145058746266052675	10_5 2	7322088784485553867	HDRP/Lit
weaponmodmaterials_assets_10_5_7eb053813882e2d4c1d99ff90699577a.bundle	-3141920944470256880	10_5	7322088784485553867	HDRP/Lit
weaponmodmaterials_assets_12_51_62a6abf53ff620afa3106dcf5d625625.bundle	-2190222815012878685	12_5 1	7322088784485553867	HDRP/Lit
weaponmodmaterials_assets_12_52_fc1a95a4dea4cb843ee11d97ff0bca7b.bundle	-1952321274131061337	12_5 2	7322088784485553867	HDRP/Lit
weaponmodmaterials_assets_12_5_df356208f861e44617e926efc9991a80.bundle	-1082809115288020126	12_5	7322088784485553867	HDRP/Lit
weaponmodmaterials_assets_131_3b64221f69518557ac6e7af7118e700d.bundle	6285715980003909427	13 1	7322088784485553867	HDRP/Lit
weaponmodmaterials_assets_132_38d31dc6c3e336493efe6bf668c2843f.bundle	3594209850050673568	13 2	7322088784485553867	HDRP/Lit
weaponmodmaterials_assets_13_40a2070eee18c38c82e3de2bb9490159.bundle	6217459938026327485	13	7322088784485553867	HDRP/Lit
weaponmodmaterials_assets_14_5_barrel_b81ba8847de28f8285adfd69fed890aa.bundle	-8059623237360163046	14_5_Barrel	7322088784485553867	HDRP/Lit
weaponmodmaterials_assets_1911_kimber_frame_5912aa2a5f4da6dfbf8723442e791224.bundle	-1365164650827387519	1911_Kimber_Frame	7322088784485553867	HDRP/Lit
weaponmodmaterials_assets_1911_kimber_slide_3d22d7aad2e5b8322286f4e983a026e4.bundle	-5587545265478670523	1911_Kimber_Slide	7322088784485553867	HDRP/Lit
weaponmodmaterials_assets_20inchbarrel_d71d480644b8a866b9611607cd560d79.bundle	-4537651687880677499	20inch barrel	-7803075278752278772	HDRP/Autodesk Interactive/AutodeskInteractive
weaponmodmaterials_assets_30mmmount_eada5f77c683cef2a5b71e1318113a9c.bundle	-3926668078703283804	30mmMount	-3661740934848837633	MilkShaders/Lit-Template
weaponmodmaterials_assets_3xmag_255e38637886292c37eb8434c67f8145.bundle	3858951920161289565	3xmag	7322088784485553867	HDRP/Lit
weaponmodmaterials_assets_3xmag_rearglass_2687bbaf8033b9712ff4a1ebf8a7a097.bundle	-4050433927580397913	3xmag_rearglass	7322088784485553867	HDRP/Lit
weaponmodmaterials_assets_3xmag_rendertarget_a061f0692946751bddd180a2a837f1f5.bundle	-8252360312409816611	3xmag_rendertarget	2191631582626051206	Shader Graphs/RealisticScopeEffect
weaponmodmaterials_assets_416a5fde_a5ab917f9a0dbf28dfa09efe97cd647c.bundle	-8173178076649003560	416A5 FDE	7322088784485553867	HDRP/Lit
weaponmodmaterials_assets_416a5handguard_6cd2f56ebc11509be446543800c8891b.bundle	-3753916898037672620	416A5 Handguard	7322088784485553867	HDRP/Lit
weaponmodmaterials_assets_416handguardflip_086da1f8b006f986cbf446fbfd818b81.bundle	-4577450493281217351	416HandguardFlip	7322088784485553867	HDRP/Lit
weaponmodmaterials_assets_525pm2_rearglass_1a69d58774e84244a6fe8f251dc71a8a.bundle	9130632283679120386	525pm2_rearglass	7322088784485553867	HDRP/Lit
weaponmodmaterials_assets_525pm2_reticle_34f3b22daa22b6fa6ae25a3abea3671b.bundle	8001679032282985061	525pm2_reticle	2191631582626051206	Shader Graphs/RealisticScopeEffect
weaponmodmaterials_assets_525pm2blk_cc2863de3bbef9d5d099cd66740863b4.bundle	8042179940863647490	525pm2 BLK	-8225816520607640240	MilkShaders/UERemap
weaponmodmaterials_assets_525pm2fde_4c801e58fac0c900ead1e84b44f05b19.bundle	1012543492279345792	525pm2 FDE	-8225816520607640240	MilkShaders/UERemap
weaponmodmaterials_assets_6l31_545x39_6e3b4080d59755d2d7424bec68672f25.bundle	-3586508483879933286	6L31_545x39	-3661740934848837633	MilkShaders/Lit-Template
weaponmodmaterials_assets_870_ar15_buffer_tube_pistol_grip_mount_21_6ae921a8117bdf0be11ee5512089072d.bundle	-1155833924284000099	870_AR15_Buffer_Tube_Pistol_Grip_Mount_2 1	7322088784485553867	HDRP/Lit
weaponmodmaterials_assets_870_ar15_buffer_tube_pistol_grip_mount_2_05aaecc0277fe48b25b588f1120a007d.bundle	4697581125895390855	870_AR15_Buffer_Tube_Pistol_Grip_Mount_2	7322088784485553867	HDRP/Lit
weaponmodmaterials_assets_870_barrel_101_e41785242abba4bb068acc259d99ef69.bundle	-3458691053004036409	870_Barrel_10 1	7322088784485553867	HDRP/Lit
weaponmodmaterials_assets_870_barrel_10_30de32d465e6cbe8aa8794f109345224.bundle	7069312973713228140	870_Barrel_10	7322088784485553867	HDRP/Lit
weaponmodmaterials_assets_870_barrel_141_6a33c6fcd5ef76a3c9c0749860cbdaa6.bundle	5187200698521248230	870_Barrel_14 1	7322088784485553867	HDRP/Lit
weaponmodmaterials_assets_870_barrel_14_8fda0516de4047731e8293cd571f7fb0.bundle	-5536756951983813692	870_Barrel_14	7322088784485553867	HDRP/Lit
weaponmodmaterials_assets_870_barrel_181_6ddd47c3785c92a429dee3aa26895f0a.bundle	5898551084959945971	870_Barrel_18 1	7322088784485553867	HDRP/Lit
weaponmodmaterials_assets_870_barrel_18_31f64e9f8b4196a1d3c316abd6c0e561.bundle	-1397938665068012150	870_Barrel_18	7322088784485553867	HDRP/Lit
weaponmodmaterials_assets_870_barrel_231_b520b4e9c5842ec5853bfff68842f404.bundle	2781023058549930271	870_barrel_23 1	7322088784485553867	HDRP/Lit
weaponmodmaterials_assets_870_barrel_23_ba9197377f704313b1cf6ca03dbea004.bundle	-5748177046947414995	870_barrel_23	7322088784485553867	HDRP/Lit
weaponmodmaterials_assets_870_barrel_61_2cf36ce8105570e1d5c524f313d67533.bundle	-5297897190923275871	870_Barrel_6.5 1	7322088784485553867	HDRP/Lit
weaponmodmaterials_assets_870_barrel_6_5928d13ed48ecfb6744318f6ec2a62a9.bundle	263578709132423092	870_Barrel_6.5	7322088784485553867	HDRP/Lit
weaponmodmaterials_assets_870_forend_11_944e8d0f3275c333598e0fcbd2a9f961.bundle	-5866375943836068910	870_Forend_1 1	7322088784485553867	HDRP/Lit
weaponmodmaterials_assets_870_forend_1_0d0539376e82dbe7d3eb731e676c648f.bundle	-2759530714579079924	870_Forend_1	7322088784485553867	HDRP/Lit
weaponmodmaterials_assets_870_forend_21_d4d79e82b70c5d2b399843efe51192d1.bundle	2934163323169445956	870_Forend_2 1	7322088784485553867	HDRP/Lit
weaponmodmaterials_assets_870_forend_2_c157342ff74ff6e932bb43c9631fb7a5.bundle	6941505497798038150	870_Forend_2	7322088784485553867	HDRP/Lit
weaponmodmaterials_assets_870_forend_31_d09d6bd0f4d5b8656d3906406c7e3977.bundle	-5601446006879789728	870_Forend_3 1	7322088784485553867	HDRP/Lit
weaponmodmaterials_assets_870_forend_3_f77efb0efaf303d1700210071564eb9f.bundle	-49609485892382443	870_Forend_3	7322088784485553867	HDRP/Lit
weaponmodmaterials_assets_870_forend_4_c3e24b57eb4df963d86274201e15695e.bundle	-2302150466777263352	870_Forend_4	7322088784485553867	HDRP/Lit
weaponmodmaterials_assets_870_forend_51_f518837980a344eb824e7e084c3d9761.bundle	-744186754158778961	870_Forend_5 1	7322088784485553867	HDRP/Lit
weaponmodmaterials_assets_870_forend_5_1901479cc9410d8eacb1daf40f1bafe3.bundle	-8039938812339941749	870_Forend_5	7322088784485553867	HDRP/Lit
weaponmodmaterials_assets_870_forend_61_2d20d18cff914a7d8059086a24240fdb.bundle	5816548861946989155	870_Forend_6 1	7322088784485553867	HDRP/Lit
weaponmodmaterials_assets_870_forend_6_ee04c3271ed250d75729e0223ef15668.bundle	-2380410921335288715	870_Forend_6	7322088784485553867	HDRP/Lit
weaponmodmaterials_assets_870_pistol_grip_11_713adb8b89a1dcbeba451bfd29280277.bundle	7914143319906254875	870_Pistol_Grip_1 1	7322088784485553867	HDRP/Lit
weaponmodmaterials_assets_870_pistol_grip_1_c375e39c7f01f74f845fbd5d1fb6fd2a.bundle	-5895303848744269368	870_Pistol_Grip_1	7322088784485553867	HDRP/Lit
weaponmodmaterials_assets_870_rails_mounts1_bca76c6465f626d734e18999f400ff00.bundle	5868890941936660176	870_Rails_Mounts 1	7322088784485553867	HDRP/Lit
weaponmodmaterials_assets_870_rails_mounts_bc6613f4288e6575a3c36c2a1cdf289e.bundle	1790037192983914860	870_Rails_Mounts	7322088784485553867	HDRP/Lit
weaponmodmaterials_assets_870_receiver_687fd0911adb9ff462dde0064ad32170.bundle	7719982354649924487	870_Receiver	7322088784485553867	HDRP/Lit
weaponmodmaterials_assets_870_receiverfde_9ffb5d9f4257297172fc35a1916138ff.bundle	-2352400188230169026	870_ReceiverFDE	7322088784485553867	HDRP/Lit
weaponmodmaterials_assets_870_sights1_f3bcd78b2051ffcda24fae6aa3c571a2.bundle	9092740952420784330	870_Sights 1	7322088784485553867	HDRP/Lit
weaponmodmaterials_assets_870_sights_6a33243950999d49c5e68915b13992c1.bundle	7778496704075221863	870_Sights	7322088784485553867	HDRP/Lit
weaponmodmaterials_assets_870_stock_11_96717d4de50bb80940798b7f048a561d.bundle	575933787463026029	870_Stock_1 1	7322088784485553867	HDRP/Lit
weaponmodmaterials_assets_870_stock_1_afca5c4b5984d7466efee39293a3cef7.bundle	-2983547324707859363	870_Stock_1	7322088784485553867	HDRP/Lit
weaponmodmaterials_assets_870_stock_21_aa4ff9ef6a6f333eadb3c95b7720a0f3.bundle	-7143642168301573195	870_Stock_2 1	7322088784485553867	HDRP/Lit
weaponmodmaterials_assets_870_stock_2_de6c5403f7262833573c82a5a992d049.bundle	5975195023854515466	870_Stock_2	7322088784485553867	HDRP/Lit
weaponmodmaterials_assets_870_stock_31_586c528f381e402591c9bd666b70bfaf.bundle	-1877180780650970850	870_Stock_3 1	7322088784485553867	HDRP/Lit
weaponmodmaterials_assets_870_stock_3_9e26f8455701189e1bd4eb7dd251289f.bundle	307272078577264978	870_Stock_3	7322088784485553867	HDRP/Lit
weaponmodmaterials_assets_919_bullet_315b2d6745285d97f993caafcf35de37.bundle	-3781900832646107586	919_Bullet.001	7322088784485553867	HDRP/Lit
weaponmodmaterials_assets_919_case_3477cc959b1aa5f861813e607d837cbb.bundle	8849717805203402505	919_Case.001	7322088784485553867	HDRP/Lit
weaponmodmaterials_assets_9_51_f914234618511eabed6e01dafd2dbd37.bundle	5425893860763111025	9_5 1	7322088784485553867	HDRP/Lit
weaponmodmaterials_assets_9_52_6bda8fdb0018a43dc1772cb5bf0ec13a.bundle	-636050508746089232	9_5 2	7322088784485553867	HDRP/Lit
weaponmodmaterials_assets_9_5_04b90c3905dc5c392ff1c23e912a61b4.bundle	6223521901112807680	9_5	7322088784485553867	HDRP/Lit
weaponmodmaterials_assets__low_ddfa5b961fc789358e618f00fb1552cb.bundle	3874998557248855983	_low	-7803075278752278772	HDRP/Autodesk Interactive/AutodeskInteractive
weaponmodmaterials_assets_acog1_236eb07a7d2caec47eb5bbe63873349a.bundle	-524224358411764166	acog 1	-8225816520607640240	MilkShaders/UERemap
weaponmodmaterials_assets_acog_0f597736b8fe5cd0c95cbfe70ba36209.bundle	5339114256923607105	acog	-8225816520607640240	MilkShaders/UERemap
weaponmodmaterials_assets_acog_2x20_6727f17fac68ab79d6cab5095e1f8f47.bundle	-4889161535064469500	ACOG_2X20	-8225816520607640240	MilkShaders/UERemap
weaponmodmaterials_assets_acog_mount_e37b7f228f6c7c6c246586a68d34a48a.bundle	6505370517549941043	acog_mount	-8225816520607640240	MilkShaders/UERemap
weaponmodmaterials_assets_acog_rearglass_7675353c7ee1470104f4fadf408e8a8a.bundle	2471185396028703209	acog_rearglass	7322088784485553867	HDRP/Lit
weaponmodmaterials_assets_acog_rendertarget_4e1686f60b2a73629998d9e71743817b.bundle	-8204273125228564723	acog_rendertarget	2191631582626051206	Shader Graphs/RealisticScopeEffect
weaponmodmaterials_assets_acog_reticle_b99dc4f827ae96acc397f9889952f237.bundle	8104943817120608701	acog_reticle	-4194201878724235110	Shader Graphs/Reticle
weaponmodmaterials_assets_acog_rmr_mount_c654cc2d6a64bca13883f0f43b1f1a29.bundle	4548203090075290563	acog_rmr_mount	-8225816520607640240	MilkShaders/UERemap
weaponmodmaterials_assets_acogfiberglasscover_a587151e306a28f020e293b62a561e95.bundle	3898782584912075110	acog fiberglass cover	-8225816520607640240	MilkShaders/UERemap
weaponmodmaterials_assets_acro_mount_d33a2100904af83c71b95e8caddb2210.bundle	4864005771164827428	acro_mount	-8225816520607640240	MilkShaders/UERemap
weaponmodmaterials_assets_acrop21_fd8353c3dc537a175e8249c718e8ee72.bundle	5362173955845498802	acrop2 1	-3661740934848837633	MilkShaders/Lit-Template
weaponmodmaterials_assets_acrop2_a6ef42327cd3f30192d32ade5126560b.bundle	7327601377975515133	acrop2	-3661740934848837633	MilkShaders/Lit-Template
weaponmodmaterials_assets_acrop2_reticle_40f4ab626ef9fcb499f7fbcd87c101e5.bundle	-5327431649417941552	acrop2_reticle	1068173205918574943	Ultimate Scope Shaders/HolographicSight
weaponmodmaterials_assets_acrop2_reticlenvg_0458d820385980a23df89fda7a2befed.bundle	-7442468935053629516	acrop2_reticle nvg	1068173205918574943	Ultimate Scope Shaders/HolographicSight
weaponmodmaterials_assets_acrop2glass_2187c9978f93fb31728c26204f925b69.bundle	-436725656388586131	acrop2 Glass	-8225816520607640240	MilkShaders/UERemap
weaponmodmaterials_assets_afg211_b001de8c3357ab54a90fef80c0c07b8c.bundle	5842635229221377957	AFG2 1	7322088784485553867	HDRP/Lit
weaponmodmaterials_assets_afg212_36f7ea70088ea48890cfa236cbd7e8f7.bundle	2845565486702962817	AFG2 1	7322088784485553867	HDRP/Lit
weaponmodmaterials_assets_afg21_b9e0e9465b3e121f16ddf03186e0fde8.bundle	-3792936984034310831	AFG2 1	7322088784485553867	HDRP/Lit
weaponmodmaterials_assets_afg2_a4c37c4d5d468a172836fd61ccc446bf.bundle	-7857218103990026346	AFG2	7322088784485553867	HDRP/Lit
weaponmodmaterials_assets_afg_mlok_b6cc6584de6aff0db19f8d0366f068d2.bundle	5293727951151113351	AFG_MLOK	-3661740934848837633	MilkShaders/Lit-Template
weaponmodmaterials_assets_afg_mlokfde_d1ac37f46bed5736ac4a579f0d12ac2b.bundle	2473668537363141639	AFG_MLOK FDE	-3661740934848837633	MilkShaders/Lit-Template
weaponmodmaterials_assets_afg_mlokgrey1_915b58bf3e4a2aa6d802aefb6ff0ef5d.bundle	-1164099919138792871	AFG_MLOK GREY 1	-3661740934848837633	MilkShaders/Lit-Template
weaponmodmaterials_assets_afg_mlokgrey_cfcc02ed9dbd71c4e7c2e1e5bd3e88b9.bundle	-2967917006331962996	AFG_MLOK GREY	-3661740934848837633	MilkShaders/Lit-Template
weaponmodmaterials_assets_aimpoint_micro_mount_plate_55ea1146775bc906424a8734a153da9a.bundle	-6869779933427279899	Aimpoint_Micro_Mount_Plate	7322088784485553867	HDRP/Lit
weaponmodmaterials_assets_aimpoint_pro_729206b91d9584e0066808075fb11098.bundle	4863513436706266923	aimpoint_pro	-8225816520607640240	MilkShaders/UERemap
weaponmodmaterials_assets_aimpoint_pro_accessories1_2915a9fb95ffd6671363369fb1e3d59d.bundle	-7585863753719767589	aimpoint_pro_accessories	-8225816520607640240	MilkShaders/UERemap
weaponmodmaterials_assets_aimpoint_pro_accessories_a5fa76e9b04c80cdf76768536b5b1d05.bundle	-6989555566902544942	aimpoint_pro_accessories.001	-8225816520607640240	MilkShaders/UERemap
weaponmodmaterials_assets_aimpoint_pro_mount_larue_66466b9bedf66857934b4448d7904c60.bundle	1895857053449392522	aimpoint_pro_mount_larue	-8225816520607640240	MilkShaders/UERemap
weaponmodmaterials_assets_aimpoint_pro_mount_qrp2_3d854bdb6ac087a825cd67990eef4410.bundle	2381343686704906582	aimpoint_pro_mount_qrp2	-8225816520607640240	MilkShaders/UERemap
weaponmodmaterials_assets_aimpoint_pro_reticle1_825e67fc5a3bba6c445580ccd65d1194.bundle	6772466985076729967	aimpoint_pro_reticle 1	1068173205918574943	Ultimate Scope Shaders/HolographicSight
weaponmodmaterials_assets_aimpoint_pro_reticle_c37c29566d90760c41a887ad7b9eeb14.bundle	-6626912320276400653	aimpoint_pro_reticle	1068173205918574943	Ultimate Scope Shaders/HolographicSight
weaponmodmaterials_assets_aimpoint_prolens_aa76fd0691b9e5fa2a60640f220ec6ab.bundle	1419913525213602791	aimpoint_pro Lens	-8225816520607640240	MilkShaders/UERemap
weaponmodmaterials_assets_aimpoint_t11_2c2ed04daa0a54c214edb21ae0785843.bundle	6511909624355359915	Aimpoint_T1 1	-3661740934848837633	MilkShaders/Lit-Template
weaponmodmaterials_assets_aimpoint_t1_6766a5778bfbd03455cb75b02aa90572.bundle	7786286951115794062	Aimpoint_T1	7322088784485553867	HDRP/Lit
weaponmodmaterials_assets_ak74_flashhider_c7f673106d48abe97e58e7245059cb99.bundle	5233674137930119412	AK74_FlashHider	-3661740934848837633	MilkShaders/Lit-Template
weaponmodmaterials_assets_ak74_sdr_e3acdedb6305a6742012c46893cdd301.bundle	-7162948930455417025	AK74_sdr	7322088784485553867	HDRP/Lit
weaponmodmaterials_assets_ak_ar15adapter_f9dc14128ce02716c621783dff7a77d3.bundle	-7467121878955206211	AK_AR15Adapter	-3661740934848837633	MilkShaders/Lit-Template
weaponmodmaterials_assets_ak_ar_grip_adapter_35b5ece8a19d922281d39e29af55542e.bundle	4100809631259127402	AK_AR_Grip_Adapter	7322088784485553867	HDRP/Lit
weaponmodmaterials_assets_ak_barrel_ak74_19b85cce2e657fc467bdd5f50e851470.bundle	-4121445556215164077	AK_Barrel_AK74	-3661740934848837633	MilkShaders/Lit-Template
weaponmodmaterials_assets_ak_barrel_akm_03b4d161bc87663736676f41c5a6a2a6.bundle	6698619187933731758	AK_Barrel_AKM	-3661740934848837633	MilkShaders/Lit-Template
weaponmodmaterials_assets_ak_cover_pdc_8875c49aa5d12035e8955efdc0dcb5f1.bundle	6282915360905331629	AK_cover_PDC	-3661740934848837633	MilkShaders/Lit-Template
weaponmodmaterials_assets_ak_dustcover_std_a80850354a1ea5a9c55b63cc32729ac8.bundle	1380203463602814357	AK_Dustcover_Std	-3661740934848837633	MilkShaders/Lit-Template
weaponmodmaterials_assets_ak_gasblock_akm_a1a347e0775cc19c522c5bbef0f75224.bundle	-6325503940085391304	AK_GasBlock_AKM	-3661740934848837633	MilkShaders/Lit-Template
weaponmodmaterials_assets_ak_grip_scorpius_0b4499c8be617958eef574924fd97ec6.bundle	-916496227560050285	AK_grip_scorpius	-3661740934848837633	MilkShaders/Lit-Template
weaponmodmaterials_assets_ak_hg_akm_44ab964b0f7786b3392c835daac1e0fd.bundle	-4722154488495633883	AK_HG_AKM	-3661740934848837633	MilkShaders/Lit-Template
weaponmodmaterials_assets_ak_hg_dong_2c85ef0ce05207da7ab2a6454f68007d.bundle	8961424450101891802	AK_HG_Dong	-3661740934848837633	MilkShaders/Lit-Template
weaponmodmaterials_assets_ak_mag_akm_std1_6435494f0fc65d0215a2c23e47562caf.bundle	5259284934299226768	AK_MAG_AKM_STD	-3661740934848837633	MilkShaders/Lit-Template
weaponmodmaterials_assets_ak_mag_akm_std_2eed883b1a26c39e0464419ed8bfc1a6.bundle	-3737012960486954381	AK_MAG_AKM_STD	-3661740934848837633	MilkShaders/Lit-Template
weaponmodmaterials_assets_ak_mount_6af6d47c991d4893f548db8e79f35e1f.bundle	-5999631000542607897	AK_Mount	-3661740934848837633	MilkShaders/Lit-Template
weaponmodmaterials_assets_ak_muzzle_akm_5dceb42d00dbcf22c9c5d38801ed2c86.bundle	-7482232393904260895	AK_Muzzle_AKM	-3661740934848837633	MilkShaders/Lit-Template
weaponmodmaterials_assets_ak_pistolgrip_12f19d8d75d6c4dcee95f6036c8b3117.bundle	7680807999074412372	AK_PistolGrip	-3661740934848837633	MilkShaders/Lit-Template
weaponmodmaterials_assets_ak_rear_sight_rail_a66d73cc3b78ef6ee9f5447883b1e782.bundle	-7318162402889135618	AK_Rear_Sight_Rail	-3661740934848837633	MilkShaders/Lit-Template
weaponmodmaterials_assets_ak_rearsight_dd119c86fe24a6603f99a6c3871cb928.bundle	-8999935324462647707	AK_RearSight	-3661740934848837633	MilkShaders/Lit-Template
weaponmodmaterials_assets_ak_stock_akm_df4726eb14051ec21d9a00da54a95095.bundle	6300132631506898520	AK_Stock_AKM	-3661740934848837633	MilkShaders/Lit-Template
weaponmodmaterials_assets_akshortbarrelgasblock_75c139fb2af061fbdd4123c8c5bcde5d.bundle	2998916720244876076	AKShortBarrelGasblock	7322088784485553867	HDRP/Lit
weaponmodmaterials_assets_apc9pro_afec7488baaa2daf0a4b7be7635cc037.bundle	826360589159420497	APC9 Pro	7322088784485553867	HDRP/Lit
weaponmodmaterials_assets_apc9profde_c3b57d2497e4a43566af2aff005fc56b.bundle	-3994412858938084315	APC9 Pro FDE	7322088784485553867	HDRP/Lit
weaponmodmaterials_assets_apl_24c0976ffa52c964e17aacfd86361b6c.bundle	5297067326365856243	APL	7322088784485553867	HDRP/Lit
weaponmodmaterials_assets_ar15_a1_stock_1_aa533c5d8003f3ad1efe1410d8b735c7.bundle	-334372366907115133	AR15_A1_Stock_1	7322088784485553867	HDRP/Lit
weaponmodmaterials_assets_ar15_a2_body_e2be9f41b95a72d1f3f7628ff1f1fcb8.bundle	-7980792493178568769	AR15_A2_Body	7322088784485553867	HDRP/Lit
weaponmodmaterials_assets_ar_grip_mdt_18469f0a95c0b887f26a27625f781755.bundle	8386023820438899814	AR_Grip_MDT	-8225816520607640240	MilkShaders/UERemap
weaponmodmaterials_assets_assaulterk_a9f1aa42c8df34a359a5da92e4343590.bundle	-3495713600694641430	assaulterk	7322088784485553867	HDRP/Lit
weaponmodmaterials_assets_atacr18_83c7102943dbf9f5bdfef7a1c6e11d6e.bundle	8325035589946880552	atacr18	-3661740934848837633	MilkShaders/Lit-Template
weaponmodmaterials_assets_atacr18_rearglass_a0e9c07d344cf7d5aec985f535dc9c9a.bundle	2440020190268730742	atacr18_rearglass	7322088784485553867	HDRP/Lit
weaponmodmaterials_assets_atacr18_rendertarget_27d3c536c32e803fc0812899f6473daa.bundle	-7025480244149270475	atacr18_rendertarget	2191631582626051206	Shader Graphs/RealisticScopeEffect
weaponmodmaterials_assets_b30b31c_6e8e46feb61f5fa70af0e645f48d69a3.bundle	-3146994549012374516	B30B31c	7322088784485553867	HDRP/Lit
weaponmodmaterials_assets_b331_7802968863a21e2e4f78b9d551ee5741.bundle	-2057204844792835766	B33	7322088784485553867	HDRP/Lit
weaponmodmaterials_assets_b33_4873ce45a48e3d0af510b035700fb5d4.bundle	-8638922500079177362	B33	7322088784485553867	HDRP/Lit
weaponmodmaterials_assets_b_13_sdr_09fdb961ff0d1f8c233b89d751961e1a.bundle	8399686779240886784	B_13_sdr	7322088784485553867	HDRP/Lit
weaponmodmaterials_assets_b_1fe27e86f488039f8c45036295137c77.bundle	1622879686649989507	B.A.D_Lever_AR15	7322088784485553867	HDRP/Lit
weaponmodmaterials_assets_barrel_10_a721184eb9c27430707ebd6806b6d7ba.bundle	-6978183170711773151	Barrel_10.5Inch	7322088784485553867	HDRP/Lit
weaponmodmaterials_assets_barrel_14_be6a211207614fa955b905cb3e91cdb5.bundle	5138196059308084309	Barrel_14	-8225816520607640240	MilkShaders/UERemap
weaponmodmaterials_assets_barrel_14_tac_665ea2c960eca0f04c85a59969c09823.bundle	-5123690277107274144	Barrel_14_Tac	-8225816520607640240	MilkShaders/UERemap
weaponmodmaterials_assets_barrel_16_9f33bfb2aea18826fd7ac3a79822146d.bundle	7116349896435803023	Barrel_16	-8225816520607640240	MilkShaders/UERemap
weaponmodmaterials_assets_barrel_18-5_field_021600db522a2fe650ef9d4f96af8b63.bundle	602846500617234075	Barrel_18-5_Field	-8225816520607640240	MilkShaders/UERemap
weaponmodmaterials_assets_barrel_18-5_tac_cd3c39001819732d291c1a6b93d2bfd3.bundle	-1513846055968212554	Barrel_18-5_Tac	-8225816520607640240	MilkShaders/UERemap
weaponmodmaterials_assets_barrel_18_8e9b0426c7c5139078a210da23d6e704.bundle	-5319292813189804098	Barrel_18	-8225816520607640240	MilkShaders/UERemap
weaponmodmaterials_assets_barrel_20_4f737f2ccaa7cb1207ec43742c95e3a3.bundle	2662268306482476729	Barrel_20	-8225816520607640240	MilkShaders/UERemap
weaponmodmaterials_assets_barrel_21_field_3a397a2e0c3e2cd39617440a821740bb.bundle	2063413225144645359	Barrel_21_Field	-8225816520607640240	MilkShaders/UERemap
weaponmodmaterials_assets_barrel_22_be78fa0db574f3385369318d341ac51f.bundle	7373250681857363154	Barrel_22	-8225816520607640240	MilkShaders/UERemap
weaponmodmaterials_assets_barrel_24_c3babe886cd785558b40ed8d7ea5c551.bundle	7122077006821614585	Barrel_24	-8225816520607640240	MilkShaders/UERemap
weaponmodmaterials_assets_barrel_26_9d6556dc5ff12ef7e1b58d615d5d34d6.bundle	-764399690799490664	Barrel_26	-8225816520607640240	MilkShaders/UERemap
weaponmodmaterials_assets_barrel_28_3932500804bb1170f089a9c9caa21c23.bundle	-7047539133678846923	Barrel_28	-8225816520607640240	MilkShaders/UERemap
weaponmodmaterials_assets_barrel_ar10-13_18ccdfca8663536277e8510017d1517e.bundle	1983035000466588238	Barrel_AR10-13.5inch-MidGastube	7322088784485553867	HDRP/Lit
weaponmodmaterials_assets_barrel_ar10-18inch-riflelengthgastube_c30801ee0895868bd1a950f8f9b57807.bundle	-1876273170934153795	Barrel_AR10-18inch-RifleLengthGastube	7322088784485553867	HDRP/Lit
weaponmodmaterials_assets_barrel_ar10-18inch_0fe270233073b610aa8045c6c3bcd968.bundle	-7618080980923487592	Barrel_AR10-18inch	7322088784485553867	HDRP/Lit
weaponmodmaterials_assets_barrel_m110-20inch_8f3cd97d097aedbca49d542f8277216c.bundle	1582915757506227591	Barrel_M110-20inch	7322088784485553867	HDRP/Lit
weaponmodmaterials_assets_barrel_timberwolf_eeb22fc3b244558e5049561ac24c6230.bundle	7808652763798972398	Barrel_Timberwolf	-8225816520607640240	MilkShaders/UERemap
weaponmodmaterials_assets_barrel_timberwolf_muzzlebrake_cf21a67438c9f95f0125d74f922d6559.bundle	-735868065245948970	Barrel_Timberwolf_MuzzleBrake	-8225816520607640240	MilkShaders/UERemap
weaponmodmaterials_assets_barrel_timberwolf_suppressor_cc0ee19baed41226ae982170e340941a.bundle	-1985299958752904682	Barrel_Timberwolf_Suppressor	-8225816520607640240	MilkShaders/UERemap
weaponmodmaterials_assets_bipod_cvlife-6-9inches-mlok_82c8e1549ab22fe9b2e9390124b5fcfc.bundle	-522198919483408137	Bipod_Cvlife-6-9Inches-MLOK	7322088784485553867	HDRP/Lit
weaponmodmaterials_assets_black1_7d2811f0acbf0feabe5dbeaac4644588.bundle	5886981726360638372	black	7322088784485553867	HDRP/Lit
weaponmodmaterials_assets_black2_d5492b8be05ebb1615ca909f90ed0eca.bundle	4698489778032918451	Black	7322088784485553867	HDRP/Lit
weaponmodmaterials_assets_black_53235b4d18165739a3bce854fc3d1fd3.bundle	-7906346650434071544	Black	7322088784485553867	HDRP/Lit
weaponmodmaterials_assets_blk1_6a9cd882706f41cc6edd9a2d73468264.bundle	-1542436481861514755	BLK 1	7322088784485553867	HDRP/Lit
weaponmodmaterials_assets_blk_bf181951a7a706a26a9a4682f7bbd46a.bundle	-5448773098345726334	BLK	7322088784485553867	HDRP/Lit
weaponmodmaterials_assets_body_efaacd6eb254bbf696c8ab053fde86e1.bundle	2808323662469001000	Body	-8225816520607640240	MilkShaders/UERemap
weaponmodmaterials_assets_bolt_b8825acb419053a014c26bef292d85cb.bundle	-5565544261537945053	MI_Body	7322088784485553867	HDRP/Lit
weaponmodmaterials_assets_bolt_b8825acb419053a014c26bef292d85cb.bundle	9186623072901868067	M4	7322088784485553867	HDRP/Lit
weaponmodmaterials_assets_bravo41_f912d1cac25a47bd30d69b91d49e777e.bundle	1689510449952320894	bravo4 1	7322088784485553867	HDRP/Lit
weaponmodmaterials_assets_bravo42_39c3a019797cfc6e92e4b8d8b0c3179d.bundle	-4359025333261381015	bravo4 2	7322088784485553867	HDRP/Lit
weaponmodmaterials_assets_bravo4_1dc5e3877514481d54d2f09c4f4690c3.bundle	-2846459943578284707	bravo4	7322088784485553867	HDRP/Lit
weaponmodmaterials_assets_bravo4_reticle1_d2711663e3ea63358ec839ef5f82d5a0.bundle	5119040159797282696	bravo4_reticle 1	2191631582626051206	Shader Graphs/RealisticScopeEffect
weaponmodmaterials_assets_bravo4_reticle_e2b93633ecef84d0292c4b9eb8185a15.bundle	7826295447478945095	bravo4_reticle	2191631582626051206	Shader Graphs/RealisticScopeEffect
weaponmodmaterials_assets_bravob51_d7f2f7841d4fe7a022acc74d35ebf14e.bundle	8048040484212064361	bravo b5 1	7322088784485553867	HDRP/Lit
weaponmodmaterials_assets_bravob52_50967404017de6c392768ae1e60b191c.bundle	-750719914715933337	bravo b5 2	7322088784485553867	HDRP/Lit
weaponmodmaterials_assets_bravob53_a65f029437ecd554466eb3bdbbbad66a.bundle	9211008382071965763	bravo b5 3	7322088784485553867	HDRP/Lit
weaponmodmaterials_assets_bravob54_4a1a3ad2990f098c2c152d478e22a0f6.bundle	7258167803094913071	bravo b5 4	7322088784485553867	HDRP/Lit
weaponmodmaterials_assets_bravob55_d1b706931a5ec5a40170eebde3f214e7.bundle	3319096838376251473	bravo b5 5	7322088784485553867	HDRP/Lit
weaponmodmaterials_assets_bravob56_eb3ce07d1bee85a26d150cc60f1c9ca3.bundle	-1610687873780335070	bravo b5 6	7322088784485553867	HDRP/Lit
weaponmodmaterials_assets_bravob5_f6a55b5f1f90336c5952c7c44e34f772.bundle	8757714624613760512	bravo b5	7322088784485553867	HDRP/Lit
weaponmodmaterials_assets_buffer_pws_ebt_57211854ea16a95dc0653abf5c0723a6.bundle	7461152839154337191	buffer_pws_ebt	7322088784485553867	HDRP/Lit
weaponmodmaterials_assets_buffer_si_adv_blk_6ba8454575e35ebd12d16cbf402d4254.bundle	-8675554420128550570	buffer_si_adv_blk	7322088784485553867	HDRP/Lit
weaponmodmaterials_assets_buffer_si_adv_r_9cdab9bb357af9ae904099d02f2f4218.bundle	3147702612401155808	buffer_si_adv_r	7322088784485553867	HDRP/Lit
weaponmodmaterials_assets_burris_xtr_14_1c887030d150ca25ceb4422f2c75988e.bundle	1012564535724971094	Burris_XTR_14	-3661740934848837633	MilkShaders/Lit-Template
weaponmodmaterials_assets_burrisreticle_54269a7fc0aa90565bae6ce97f3c74f9.bundle	1716590672672579479	burris reticle	-4194201878724235110	Shader Graphs/Reticle
weaponmodmaterials_assets_burrisscopeeffect_647532a7eeb2b966d7fed0392997c233.bundle	-8193926222618563835	burris scope effect	2191631582626051206	Shader Graphs/RealisticScopeEffect
weaponmodmaterials_assets_buttblk_a734362bfdcfafab9bef5a4c49fc6563.bundle	4280434629680510533	buttBLK	7322088784485553867	HDRP/Lit
weaponmodmaterials_assets_buttfde_9cef8ebe1aab62b3708dc198cd91a010.bundle	483610017355313672	buttFDE	7322088784485553867	HDRP/Lit
weaponmodmaterials_assets_buttstock_knightsarmament-m1101_c771f97d6150dc591bb5d3abed4a3a58.bundle	5844134111245110004	Buttstock_KnightsArmament-M110 1	7322088784485553867	HDRP/Lit
weaponmodmaterials_assets_buttstock_knightsarmament-m110_08fe2f065ba580b2d5843c9606443b37.bundle	1267399830214067127	Buttstock_KnightsArmament-M110	7322088784485553867	HDRP/Lit
weaponmodmaterials_assets_buttstock_moecarbine_076043732714cbd6e86614c3ed4ccd40.bundle	-9062261334230286800	Buttstock_MOECarbine	7322088784485553867	HDRP/Lit
weaponmodmaterials_assets_cag10-5_4220dd893b12c15588f5c9b98e48a632.bundle	-4971317256230088031	CAG 10-5	7322088784485553867	HDRP/Lit
weaponmodmaterials_assets_cag14-5_600f61d79742c31e260408c9b0afd7ea.bundle	-3308197913292312455	CAG 14-5	7322088784485553867	HDRP/Lit
weaponmodmaterials_assets_carbine_stockblack_0a4e0221f74f8ba5fe73a130099396fe.bundle	-7838221840874763842	carbine_stock black	7322088784485553867	HDRP/Lit
weaponmodmaterials_assets_carbine_stockgry_83b373d5c626ef499ead4f42e3528dda.bundle	1473496097794696851	carbine_stock gry	7322088784485553867	HDRP/Lit
weaponmodmaterials_assets_carbine_stockolive_1a7542b6ed1b9d415a649b9ba456515c.bundle	414699543423660439	carbine_stock olive	7322088784485553867	HDRP/Lit
weaponmodmaterials_assets_carbine_stocksand_ecf685803697ed593fc4b5280c1359e8.bundle	6676132360489489654	carbine_stock sand	7322088784485553867	HDRP/Lit
weaponmodmaterials_assets_charginghandle_rp_2_0799ce43147d87c28d29bcb3d9aba754.bundle	2555502165114874623	charginghandle_rp_2	-7803075278752278772	HDRP/Autodesk Interactive/AutodeskInteractive
weaponmodmaterials_assets_chassis_aicsclassic2_11d8795811adee340bd1ae12cabda999.bundle	-4348992537978844748	Chassis_AICSClassic2	-3661740934848837633	MilkShaders/Lit-Template
weaponmodmaterials_assets_chassis_mcmillana5_37ac783e1bf6c742f4ca7ced1607d151.bundle	5518159590212665114	Chassis_McMillanA5	-3661740934848837633	MilkShaders/Lit-Template
weaponmodmaterials_assets_chassis_mdtess_86172490aba70e290a8e1a9ba919b73a.bundle	-1269341027201525541	Chassis_MDTESS	-3661740934848837633	MilkShaders/Lit-Template
weaponmodmaterials_assets_chassis_mdtess_buffer_tube_d1451b0a4827d5d01d26742c2307b641.bundle	2981712192378415870	Chassis_MDTESS_Buffer_Tube	-8225816520607640240	MilkShaders/UERemap
weaponmodmaterials_assets_chassis_mdtess_handguard12_249b9f2cfd78ca8197971d1ca4633ade.bundle	6072881129798820971	Chassis_MDTESS_Handguard12	-8225816520607640240	MilkShaders/UERemap
weaponmodmaterials_assets_chassis_mdtess_handguard15_42668b9141a3d9981a75f627bf9ced5f.bundle	-1828948014832185173	Chassis_MDTESS_Handguard15	-8225816520607640240	MilkShaders/UERemap
weaponmodmaterials_assets_chassis_mdtess_handguard18_3f97300335decd5d6c4f5472c870959e.bundle	-3292636387087313178	Chassis_MDTESS_Handguard18	-8225816520607640240	MilkShaders/UERemap
weaponmodmaterials_assets_chassis_mdtess_stock_bba09f840ce619203522ed53aefb07ac.bundle	6647523508501080472	Chassis_MDTESS_Stock	-8225816520607640240	MilkShaders/UERemap
weaponmodmaterials_assets_cmbarrelthreaded_f3f675f10937ea2224d0b9d9118b9cc8.bundle	-7473998461143026988	cmbarrelthreaded	7322088784485553867	HDRP/Lit
weaponmodmaterials_assets_cmctrigger_304b7a3d1d2a0bd06d17c8279a484c7c.bundle	-1392780599104755196	cmctrigger	7322088784485553867	HDRP/Lit
weaponmodmaterials_assets_cobra_6a1497564754e7ea5bb447acc3441515.bundle	-8367257020562893370	cobra	7322088784485553867	HDRP/Lit
weaponmodmaterials_assets_compensator_killer_innovations_512eb26d616420e11846ef5bf2c4bdc6.bundle	8606958864563980799	compensator_killer_innovations	7322088784485553867	HDRP/Lit
weaponmodmaterials_assets_compensator_kvp308-7_30bf01915f012a31c5e8a179458b4e15.bundle	-8188474876073362411	Compensator_KVP308-7.62	7322088784485553867	HDRP/Lit
weaponmodmaterials_assets_compensator_m4-72-severeduty308_69dd18e492b4d932df5354b840ac042c.bundle	-5695375474156091402	Compensator_M4-72-SevereDuty308	7322088784485553867	HDRP/Lit
weaponmodmaterials_assets_compm4s1_cf66818a73602efd4e476b1427811e67.bundle	3179995651284095819	compm4s 1	-8225816520607640240	MilkShaders/UERemap
weaponmodmaterials_assets_compm4s_47afdd03f5eb37c8c0f00ef1fd17ec88.bundle	-5786232992930898593	compm4s	-8225816520607640240	MilkShaders/UERemap
weaponmodmaterials_assets_compm5_263e64892630d1bef94fecc6e8825421.bundle	760343694409037147	compm5	-3661740934848837633	MilkShaders/Lit-Template
weaponmodmaterials_assets_cqb7_stock1_6d12f33fb8e253b7d59ed2d896dedf25.bundle	3434174230327367210	cqb7_stock 1	7322088784485553867	HDRP/Lit
weaponmodmaterials_assets_cqb7_stock_79821a77a12bb75c87aebf2577e59678.bundle	-9115934804577972624	cqb7_stock	7322088784485553867	HDRP/Lit
weaponmodmaterials_assets_crc2u073_opticmount_51bc7a6db100f58c3103f608b16a1836.bundle	5588774668958936658	CRC2U073_OpticMount	-3661740934848837633	MilkShaders/Lit-Template
weaponmodmaterials_assets_crc2u073_opticmountfde_1183d5620a35bcb63c185cee7068a99c.bundle	5323748317506338684	CRC2U073_OpticMount FDE	-3661740934848837633	MilkShaders/Lit-Template
weaponmodmaterials_assets_crc2u073_opticmountodg_895c22df41b1bfa249baaa6411b0995c.bundle	-1321428042243417426	CRC2U073_OpticMount ODG	-3661740934848837633	MilkShaders/Lit-Template
weaponmodmaterials_assets_crc_1u040_a1292c35457bbf2268eb1bb115a5574b.bundle	2683396005370699299	CRC_1U040	-3661740934848837633	MilkShaders/Lit-Template
weaponmodmaterials_assets_crc_1u040fde_bcbeedc8e92e67ca635ec91fddb2cba1.bundle	3789003333887678087	CRC_1U040 FDE	-3661740934848837633	MilkShaders/Lit-Template
weaponmodmaterials_assets_crc_1u040odg_d0cc5f930c135e92277dbfc1d3276f9a.bundle	-5425938388605989754	CRC_1U040 ODG	-3661740934848837633	MilkShaders/Lit-Template
weaponmodmaterials_assets_cruxhandguard_5645aa7758e043898e97969f8923debb.bundle	-7936656715525059214	cruxHandguard	7322088784485553867	HDRP/Lit
weaponmodmaterials_assets_d-60_a2006104528144ad519bcd2c2db79911.bundle	2588351979885382894	D-60	7322088784485553867	HDRP/Lit
weaponmodmaterials_assets_dbali2_c65d16b47861f0b1918b89f60ff827f9.bundle	945830363044935248	DBALi2	7322088784485553867	HDRP/Lit
weaponmodmaterials_assets_dbali2_mrds_bf50c66e449b2122e5b94a5d1e7d21dc.bundle	-3150309880348934093	DBALi2_MRDS	7322088784485553867	HDRP/Lit
weaponmodmaterials_assets_dd_1963f0ec86850e82dd9040eb58b36660.bundle	-2259421267509411238	dd	-7803075278752278772	HDRP/Autodesk Interactive/AutodeskInteractive
weaponmodmaterials_assets_dd_handgaurd_b212502147402853f5ee2ca7c2967962.bundle	-5308319094544610919	DD_Handgaurd	7322088784485553867	HDRP/Lit
weaponmodmaterials_assets_dd_mk18_cd71b131640cae054bd4e9f3bf5e4227.bundle	-8302244575027907146	DD_MK18	7322088784485553867	HDRP/Lit
weaponmodmaterials_assets_dd_pic_vfg_ac256663e27b3dcd547419fe3cedae35.bundle	-5207470136661602241	dd_pic_vfg	7322088784485553867	HDRP/Lit
weaponmodmaterials_assets_dd_pistolgrip1_abb5b74d9a4e25d7b2615b386e621e0d.bundle	5456550773893929524	dd_pistolgrip 1	7322088784485553867	HDRP/Lit
weaponmodmaterials_assets_dd_pistolgrip_a0b4bc011ff4f2b729b5ce62dd34b045.bundle	-4801908403149432954	dd_pistolgrip	7322088784485553867	HDRP/Lit
weaponmodmaterials_assets_default1_1ab7feaa02424a2086b1f2fcd469403b.bundle	-5921818098437003016	Default 1	7322088784485553867	HDRP/Lit
weaponmodmaterials_assets_deltapoint1_5df8c289b22d92d64b97e1ace7a50e14.bundle	-8413438129471195953	deltapoint 1	7322088784485553867	HDRP/Lit
weaponmodmaterials_assets_deltapoint_960644cd9fe622b52e4f75622daeb652.bundle	518836016946133940	deltapoint	7322088784485553867	HDRP/Lit
weaponmodmaterials_assets_distortion_eb6dc9101aba97c081f9d323ee1703ab.bundle	2303627128372956055	Distortion	1418397185065340838	KriptoFX/FPS_Pack/Distortion
weaponmodmaterials_assets_doctersightc1_438b3cb2f38c906fcd5bcc64f7c3c9a7.bundle	7653546415553652875	doctersightc 1	7322088784485553867	HDRP/Lit
weaponmodmaterials_assets_doctersightc2_498d5ff160b7f09c0e6f116895a6b66d.bundle	6215239484816142090	doctersightc 2	7322088784485553867	HDRP/Lit
weaponmodmaterials_assets_doctersightc3_565c4eeddc987f5c6211bca539e1d014.bundle	7469249699366927225	doctersightc 3	7322088784485553867	HDRP/Lit
weaponmodmaterials_assets_doctersightc4_2445e177b521375bed35e11873156d4f.bundle	-2236981839864918188	doctersightc 4	7322088784485553867	HDRP/Lit
weaponmodmaterials_assets_dtk_putnik_sdr_dfc2e10d10c87c5b76160b58a24c241d.bundle	-2095843250303039297	DTK_PUTNIK_sdr	7322088784485553867	HDRP/Lit
weaponmodmaterials_assets_efr_32a2a8ab32e778da4fbe63bb286b7467.bundle	1984994847732731996	EFR	-8225816520607640240	MilkShaders/UERemap
weaponmodmaterials_assets_emagblk_6d5acb95e0bd1196f5f22d793dbf969d.bundle	5545709806322387017	EMAG BLK	7322088784485553867	HDRP/Lit
weaponmodmaterials_assets_emagmag_9e953ed924fd600c0b980af6c3107798.bundle	8554240741184390847	EMAG mag	7322088784485553867	HDRP/Lit
weaponmodmaterials_assets_eotech553_0900091e9b5ff3087a95df8257e9ce14.bundle	-8804475135696125458	EOTECH553	7322088784485553867	HDRP/Lit
weaponmodmaterials_assets_eotech553fde_12237d33b940c42893dadebbfde173b0.bundle	-726222505817493384	EOTECH553 FDE	7322088784485553867	HDRP/Lit
weaponmodmaterials_assets_eotech_hws_exps3_hd_9cf561f9dfaa85252bfaa9d08303b752.bundle	-3924272652024273668	Eotech_HWS_EXPS3_HD	7322088784485553867	HDRP/Lit
weaponmodmaterials_assets_eotech_hws_exps3_hd_lens_90a25a1cb179adaaf507cb5c9b4fc616.bundle	5689459937737475760	Eotech_HWS_EXPS3_HD_Lens	7322088784485553867	HDRP/Lit
weaponmodmaterials_assets_eotech_hws_exps3_hdfde_4a09df50cd848ded8e670285ce280856.bundle	-8659377719387596285	Eotech_HWS_EXPS3_HD  FDe	-3661740934848837633	MilkShaders/Lit-Template
weaponmodmaterials_assets_eotech_magnifier_g43_acb0fb4dbeefd6df02ff8af9030ee1d7.bundle	-6531915107972840003	EOTech_Magnifier_G43	7322088784485553867	HDRP/Lit
weaponmodmaterials_assets_eotech_magnifier_g43blk_6a2336e79080f34de31b7b059b9ecc1c.bundle	5638147272591632652	EOTech_Magnifier_G43 BLK	7322088784485553867	HDRP/Lit
weaponmodmaterials_assets_eotech_ogl_4a95a190fe0909148610a3593dc2287b.bundle	7286001347298856665	EOTECH_OGL	7322088784485553867	HDRP/Lit
weaponmodmaterials_assets_eotech_oglfde_6835ac72927fb8ee0343847e910f01c6.bundle	3123039032119388828	EOTECH_OGL FDE	7322088784485553867	HDRP/Lit
weaponmodmaterials_assets_eratacone30mm_04a85dfaca0b84fd62329ea202b026d0.bundle	5156872154320477095	EraTacOne30mm	7322088784485553867	HDRP/Lit
weaponmodmaterials_assets_exps2reticlenvg_d670c4cdf7c8ff792310ba508dbfdf39.bundle	-1197277465980037967	EXPS2 reticle nvg	1068173205918574943	Ultimate Scope Shaders/HolographicSight
weaponmodmaterials_assets_exps31_9645c6efaf29ff3d8dcb62c2636d5544.bundle	4525168216636688218	EXPS3 1	7322088784485553867	HDRP/Lit
weaponmodmaterials_assets_exps321_eba6505753bb9c7b3edc2c4247155e64.bundle	3189888665716063624	EXPS3 2	7322088784485553867	HDRP/Lit
weaponmodmaterials_assets_exps32_d0799bf91a3768e60a9c9a585688ae5e.bundle	4866289889493039272	Exps3	-8225816520607640240	MilkShaders/UERemap
weaponmodmaterials_assets_exps33_32dbbf5ae0e71a925986c467e4a6d771.bundle	2076469625371731378	EXPS3 3	7322088784485553867	HDRP/Lit
weaponmodmaterials_assets_exps3_adfeeb68ef7b687f59d8ff75a38d16f6.bundle	3276732637820011587	EXPS3	-3661740934848837633	MilkShaders/Lit-Template
weaponmodmaterials_assets_exps3_reticle11_b9cf19b024ad4d5288782a2225805787.bundle	-4071087335839793313	EXPS3_reticle 1	1068173205918574943	Ultimate Scope Shaders/HolographicSight
weaponmodmaterials_assets_exps3_reticle1_33bbe02100451ba9fa3121e3da372ba4.bundle	4406367963792772616	EXPS3_reticle 1	1068173205918574943	Ultimate Scope Shaders/HolographicSight
weaponmodmaterials_assets_exps3_reticlenvg1_5026354fbac00371a7c4c995ec218017.bundle	-8329501693615554086	EXPS3_reticle nvg	1068173205918574943	Ultimate Scope Shaders/HolographicSight
weaponmodmaterials_assets_exps3_reticlenvg_eaf118c04bf441d6879b0786e006c21b.bundle	5911744281316927179	EXPS3_reticle nvg	1068173205918574943	Ultimate Scope Shaders/HolographicSight
weaponmodmaterials_assets_exps3blk_e5ddad5a7809e2cfdaf41727dc2f8cea.bundle	1404953873132171853	EXPS3 BLK	-3661740934848837633	MilkShaders/Lit-Template
weaponmodmaterials_assets_exps3mc_02c925bb3a6820b75c42b3c7007adbaa.bundle	8259333229476462752	EXPS3 MC	7322088784485553867	HDRP/Lit
weaponmodmaterials_assets_extension1_fe15178e75d794e964743adc1d4e5fe8.bundle	-1812462907975364393	Extension 1	7322088784485553867	HDRP/Lit
weaponmodmaterials_assets_extension2_e69157620b6bdb389977bdf8fe648931.bundle	7124285257252653212	Extension 2	7322088784485553867	HDRP/Lit
weaponmodmaterials_assets_extension3_02934b3fb15a44ef5cb5b5709c1e1057.bundle	-8246308030618271512	Extension 3	7322088784485553867	HDRP/Lit
weaponmodmaterials_assets_extension_cc9193bcde453c83acab55cde5f6d4c0.bundle	-7601414705825056892	Extension	7322088784485553867	HDRP/Lit
weaponmodmaterials_assets_f1grip_2cca790881baf7d23979ba7a32b176d2.bundle	-2219667462614382646	f1grip	7322088784485553867	HDRP/Lit
weaponmodmaterials_assets_f2000_body_1_3ba14f3dfe13265b3455e2130a66b888.bundle	-3758177230585045318	F2000_Body_1	7322088784485553867	HDRP/Lit
weaponmodmaterials_assets_f2000_body_1fde_1bb0f02b69a1a2f5002dac8f752826c6.bundle	4524290104205874355	F2000_Body_1 FDE	7322088784485553867	HDRP/Lit
weaponmodmaterials_assets_f2000_body_2_9c9f4960f6d3464b106699d673980baa.bundle	-336985750418896832	F2000_Body_2	7322088784485553867	HDRP/Lit
weaponmodmaterials_assets_f2000_body_3_e859a3eb8d52744bdee373f873034fc4.bundle	-4060047138276259222	F2000_Body_3	7322088784485553867	HDRP/Lit
weaponmodmaterials_assets_f2000_efdfd8caece258df740046efe33245f6.bundle	1664547997336513049	F2000	7322088784485553867	HDRP/Lit
weaponmodmaterials_assets_f2000_optic1_0a7990242e8dbddb11587269f1843de7.bundle	-2713678108822658427	F2000_Optic 1	7322088784485553867	HDRP/Lit
weaponmodmaterials_assets_f2000_optic_7796205d3482192d4d0bbed9590de9c1.bundle	-3123857309829342022	F2000_Optic	7322088784485553867	HDRP/Lit
weaponmodmaterials_assets_f2000_rail_handguard_0f64935ba2a94c959c700f64cfae8d75.bundle	-4268069373317498781	F2000_Rail_Handguard	7322088784485553867	HDRP/Lit
weaponmodmaterials_assets_ffras5_961ae9e9343f32a8e2393be7aa813ecb.bundle	-5462718691380547349	FF RAS 5	7322088784485553867	HDRP/Lit
weaponmodmaterials_assets_ffras5fde_576d181ff3483e1620341219b0a14f91.bundle	-5475108598373422032	FF RAS 5 FDE	7322088784485553867	HDRP/Lit
weaponmodmaterials_assets_flame1_5fb410f51dc889ec440b72443ed2fdc2.bundle	-897616114868578708	Flame1	4796238051410740357	KriptoFX/FPS_Pack/Particles
weaponmodmaterials_assets_flame2_de3cf4b49e764ebe50623e230259a91a.bundle	8288808966122100518	Flame2	4796238051410740357	KriptoFX/FPS_Pack/Particles
weaponmodmaterials_assets_flashhider_556_83857d53b93e93f678b7a48832842d89.bundle	-539503920959764717	flashhider_556	-8225816520607640240	MilkShaders/UERemap
weaponmodmaterials_assets_flashlight_fff217e6cde5925fef0f136fa140dbc0.bundle	-7169029949475353398	flashlight	7322088784485553867	HDRP/Lit
weaponmodmaterials_assets_forearm_dedicated_999dee1b017c52343610381c583f0f30.bundle	-5202419220117885557	forearm_dedicated	7322088784485553867	HDRP/Lit
weaponmodmaterials_assets_forearm_ris_e7dc26fed8c6cffe6fdd5727d0b1a75b.bundle	-6563871026913540858	forearm_ris	7322088784485553867	HDRP/Lit
weaponmodmaterials_assets_forearm_slimline_21ec2f5de9e57fd19ba42f5fcb52c88c.bundle	-3709429611391494053	forearm_slimline	7322088784485553867	HDRP/Lit
weaponmodmaterials_assets_forearm_vented_22a1eb79ab9fbf6189f78955c370732f.bundle	-5113697571077969365	forearm_vented	7322088784485553867	HDRP/Lit
weaponmodmaterials_assets_forearm_wood_c56a59f9ed025a4397a92602e4e33c8a.bundle	-2504629771440211503	forearm_wood	7322088784485553867	HDRP/Lit
weaponmodmaterials_assets_foregrip_tangodown-verticalforegrip-qd1_33d46aac2c83e7eb175494f259428c51.bundle	7115527314054283227	Foregrip_TangoDown-VerticalForeGrip-QD 1	-3661740934848837633	MilkShaders/Lit-Template
weaponmodmaterials_assets_foregrip_tangodown-verticalforegrip-qd_97019d511ee1e2429fa6209d92d5881a.bundle	-6974801280876767786	Foregrip_TangoDown-VerticalForeGrip-QD	7322088784485553867	HDRP/Lit
weaponmodmaterials_assets_frame_mat_76ea3f738026a292e789c5aedb8db48f.bundle	-3782628784584138439	Frame_MAT	7322088784485553867	HDRP/Lit
weaponmodmaterials_assets_frame_matfde_dbb56748121a15a966f48ea3915ad23a.bundle	5998695225947882939	Frame_MAT FDE	7322088784485553867	HDRP/Lit
weaponmodmaterials_assets_frame_matgrn_404d31d025ae4f8a8ab9493f050ad5b9.bundle	196809025223224027	Frame_MAT GRN	7322088784485553867	HDRP/Lit
weaponmodmaterials_assets_fsg2_c1649cbbd9a9294767198f567f095c3b.bundle	-6767200831405214402	FSG2	7322088784485553867	HDRP/Lit
weaponmodmaterials_assets_ftc_mount1_825c34c6939a01d3c4cd4509aadcb479.bundle	-8686779916150807576	ftc_mount 1	-8225816520607640240	MilkShaders/UERemap
weaponmodmaterials_assets_ftc_mount2_6ad694587b869245e2578f2fc9e4dfca.bundle	-8275839309084818314	ftc_mount	-8225816520607640240	MilkShaders/UERemap
weaponmodmaterials_assets_ftc_mount_532b524c5b7a417ce49136d5de4aace1.bundle	-2148531218348868755	ftc_mount	7322088784485553867	HDRP/Lit
weaponmodmaterials_assets_ftc_riser1_369c06f14d583c2b7409ffb29d6c8fc9.bundle	-8758449183375345183	ftc_riser 1	7322088784485553867	HDRP/Lit
weaponmodmaterials_assets_ftc_riser_aff1d7ecc809cfe815fd280097e21ae1.bundle	-5366241680457605748	ftc_riser	7322088784485553867	HDRP/Lit
weaponmodmaterials_assets_fx19blk_2a0cdef6e9cf708114fae2e9088c1307.bundle	-3591946618936315976	FX19 BLK	7322088784485553867	HDRP/Lit
weaponmodmaterials_assets_fx19golden_c5d94e9fd38d1b2e5b2b9d063a3aec2d.bundle	5867382290342931526	FX19  Golden	7322088784485553867	HDRP/Lit
weaponmodmaterials_assets_fx19gry_3679366376be487a3326c2e9f22d1474.bundle	-5584974820290821637	FX19 GRY	7322088784485553867	HDRP/Lit
weaponmodmaterials_assets_fx19mcb_a7c04b71446cf88004388661b5598ab8.bundle	6889461479956771556	FX19 MCB	7322088784485553867	HDRP/Lit
weaponmodmaterials_assets_g27k_2a51072f0d025070503e6dd51a9979fb.bundle	-1302683162423442922	G27k	-3661740934848837633	MilkShaders/Lit-Template
weaponmodmaterials_assets_g28_23d3176c4836b236a063896a5561449e.bundle	-377893027938502464	G28	7322088784485553867	HDRP/Lit
weaponmodmaterials_assets_g28mag_e3848583a55958ad52b433cec9a6cd70.bundle	7651000780582985134	G28 Mag	7322088784485553867	HDRP/Lit
weaponmodmaterials_assets_g28magtransparent_1471fdc1d3c45ea9e929eb24c54e19d8.bundle	2742578906757732826	G28 Mag Transparent	7322088784485553867	HDRP/Lit
weaponmodmaterials_assets_g3311_d1b298effab9a37567b96ed0021545b3.bundle	-9165310791306301042	G33 1	-8225816520607640240	MilkShaders/UERemap
weaponmodmaterials_assets_g331_2291dfbe6579db948918da7630c2146c.bundle	1140530160216847022	G33	-8225816520607640240	MilkShaders/UERemap
weaponmodmaterials_assets_g332_d61eedb4306d873e8a1d1ad00e42c8be.bundle	-4962521111135956279	G33	-3661740934848837633	MilkShaders/Lit-Template
weaponmodmaterials_assets_g33_d82980f56651c0bba3f5a128196063a1.bundle	7256099320277956	G33	-3661740934848837633	MilkShaders/Lit-Template
weaponmodmaterials_assets_g33_fts_mount_8678b270062d39711d7cd8887dcdd0ea.bundle	-8975107775874040046	G33_FTS_Mount	-3661740934848837633	MilkShaders/Lit-Template
weaponmodmaterials_assets_g33_lens_12ac68e453412204581a5180feed0f68.bundle	4646607058357510157	G33_lens	7322088784485553867	HDRP/Lit
weaponmodmaterials_assets_g33_rear_glass_rt_864af981b510d57497d956151986aaa9.bundle	3854683548971274705	G33_Rear_Glass_RT	2191631582626051206	Shader Graphs/RealisticScopeEffect
weaponmodmaterials_assets_gasblock_custom-picatinnyrail-lowprofile-4teeth_40e204288526b8e55324761e6f459d7e.bundle	-8548623655039200837	Gasblock_Custom-PicatinnyRail-Lowprofile-4teeth	7322088784485553867	HDRP/Lit
weaponmodmaterials_assets_gasblock_lowprofile_749a08fd386a06e142628a50b0f5e380.bundle	1628946423608310149	Gasblock_Lowprofile	7322088784485553867	HDRP/Lit
weaponmodmaterials_assets_gbrs_mount_aimpoint_11_75e5e9fd67d2704f0e16ca898fc3fec3.bundle	6293640200208319006	GBRS_Mount_Aimpoint_1 1	7322088784485553867	HDRP/Lit
weaponmodmaterials_assets_gbrs_mount_aimpoint_1_e2506b66fd8289f4b7c3cea481b8d81d.bundle	2355054880763047199	GBRS_Mount_Aimpoint_1	7322088784485553867	HDRP/Lit
weaponmodmaterials_assets_gbrs_mount_aimpoint_21_46b6b2d2ad354f13bf6d98c44d186180.bundle	-989442244552279859	GBRS_Mount_Aimpoint_2 1	7322088784485553867	HDRP/Lit
weaponmodmaterials_assets_gbrs_mount_aimpoint_2_b9ada10524a78247093d546c8637fa66.bundle	553584838717283983	GBRS_Mount_Aimpoint_2	7322088784485553867	HDRP/Lit
weaponmodmaterials_assets_gbrs_mount_eotech_feeb0ed10e36553e33ad3841a81b74c4.bundle	-5022802518017899645	GBRS_Mount_Eotech	7322088784485553867	HDRP/Lit
weaponmodmaterials_assets_gbrs_mount_eotechblk_12beec47dadc21a384a94005cb31133e.bundle	2339573636637816626	GBRS_Mount_Eotech BLK	7322088784485553867	HDRP/Lit
weaponmodmaterials_assets_gbrs_mount_trijicon1_2be4b3437145f5ec339cea525a161f28.bundle	-8159488136110091538	GBRS_Mount_Trijicon 1	7322088784485553867	HDRP/Lit
weaponmodmaterials_assets_gbrs_mount_trijicon_3b3aea2840389c917e5828b6b6fc6723.bundle	6830826931861778188	GBRS_Mount_Trijicon	7322088784485553867	HDRP/Lit
weaponmodmaterials_assets_gbrsblk_18b6febf9e499baca39ebb11235baf3c.bundle	-1760346065279663667	gbrs blk	7322088784485553867	HDRP/Lit
weaponmodmaterials_assets_gbrsfde_203aa888af1703794d16358232afed7f.bundle	779758512701465448	gbrs fde	7322088784485553867	HDRP/Lit
weaponmodmaterials_assets_geissele_sp-rof11_b593e60b6a370889a17bfd5a8b481c3d.bundle	-8878825830160393191	geissele_sp-rof 1	7322088784485553867	HDRP/Lit
weaponmodmaterials_assets_geissele_sp-rof1_ef11a05621f24ec173b29bb11990abc1.bundle	3369108340809815762	geissele_sp-rof 1	-8225816520607640240	MilkShaders/UERemap
weaponmodmaterials_assets_geissele_sp-rof2_938fbe973115fd924be0a0f5b13159e5.bundle	-5246380074334128433	geissele_sp-rof	7322088784485553867	HDRP/Lit
weaponmodmaterials_assets_geissele_sp-rof_c34b8fe03e7365996d7a816d47d2d3dc.bundle	7350970516185281333	geissele_sp-rof	-8225816520607640240	MilkShaders/UERemap
weaponmodmaterials_assets_geissele_sp301_db1f2759b0d74071957e7adefdd2fa69.bundle	-9203837242188623154	geissele_sp30 1	-8225816520607640240	MilkShaders/UERemap
weaponmodmaterials_assets_geissele_sp302_debbca9b608b09741d5290a8109f1036.bundle	9152680320802194204	geissele_sp30 2	-8225816520607640240	MilkShaders/UERemap
weaponmodmaterials_assets_geissele_sp341_155d3a5e5db899e839b3b86300a148b2.bundle	-930293932074056139	geissele_sp34 1	-8225816520607640240	MilkShaders/UERemap
weaponmodmaterials_assets_geissele_sp342_04798f3c341570fde2dffcfc2b9806a3.bundle	6398282988383107206	geissele_sp34 2	-8225816520607640240	MilkShaders/UERemap
weaponmodmaterials_assets_geisseletrigger_987eab6fabc7d02249027334c7016060.bundle	-821582759684709357	geisseleTrigger	7322088784485553867	HDRP/Lit
weaponmodmaterials_assets_gen5_rear_sight_8bd71f0cd51fdd683813c49d10b67af0.bundle	4185232515872291320	Gen5_Rear_Sight	7322088784485553867	HDRP/Lit
weaponmodmaterials_assets_glass_ab5818922f7cb0f9815354438099ec58.bundle	2409604065580076309	glass	7322088784485553867	HDRP/Lit
weaponmodmaterials_assets_glock17_barrel1_86ab9d5f66368dd07929bd9771070bde.bundle	8898356507825414559	GLOCK17_Barrel 1	7322088784485553867	HDRP/Lit
weaponmodmaterials_assets_glock17_barrel2_0a6ddc6bf3d6cdb3a4140bfd1f964fe2.bundle	904531408776960564	GLOCK17_Barrel 2	7322088784485553867	HDRP/Lit
weaponmodmaterials_assets_glock17_barrel_9f197b1842d54159644ae16700dc2988.bundle	2658188077993388874	GLOCK17_Barrel	7322088784485553867	HDRP/Lit
weaponmodmaterials_assets_glock17_frame_0878c2cac92e62b07665723a670a6e24.bundle	498565473528695013	GLOCK17_Frame	7322088784485553867	HDRP/Lit
weaponmodmaterials_assets_glock17_framefde_8fc3c499889f7a7a0f82ac1963c72396.bundle	-5638114528631118668	GLOCK17_Frame FDE	7322088784485553867	HDRP/Lit
weaponmodmaterials_assets_glock17_framegld_f7812f2c23cadd8ad3dc497bfd41a052.bundle	-6856675815885522201	GLOCK17_Frame GLD	7322088784485553867	HDRP/Lit
weaponmodmaterials_assets_glock17_framegrn_85fc3bf7908354a63ecd740f3270df75.bundle	-2292317353385090341	GLOCK17_Frame GRN	7322088784485553867	HDRP/Lit
weaponmodmaterials_assets_glock17_framered_c10c7b42698c41321fcaf2fa100df144.bundle	-8071751031746134362	GLOCK17_Frame RED	7322088784485553867	HDRP/Lit
weaponmodmaterials_assets_glock17_framewhite_e18d84f1ba2a293551e85484b667cd37.bundle	-1669091209746302912	GLOCK17_Frame WHITE	7322088784485553867	HDRP/Lit
weaponmodmaterials_assets_glock17_frontsight1_9238ecfd89df872cc99ae4cbdd0a96b4.bundle	3346153779541869411	GLOCK17_FrontSight 1	7322088784485553867	HDRP/Lit
weaponmodmaterials_assets_glock17_frontsight_c0e6cbb18b4b761fb8e7550ee71e4ae5.bundle	3707992908007090112	GLOCK17_FrontSight	7322088784485553867	HDRP/Lit
weaponmodmaterials_assets_glock17_rearsight_2d3fae3f8cbade13f7d92e16533223a1.bundle	-7049548989670918295	GLOCK17_RearSight	-7803075278752278772	HDRP/Autodesk Interactive/AutodeskInteractive
weaponmodmaterials_assets_glock17_slide_c125654bfa84aaf6d710b5f6c09bd49a.bundle	-3569229013458872984	GLOCK17_Slide	7322088784485553867	HDRP/Lit
weaponmodmaterials_assets_glock_19x_ext1_eb4bbfc23cb27063c302d61c7818d96b.bundle	135427413968000052	Glock_19x_Ext 1	7322088784485553867	HDRP/Lit
weaponmodmaterials_assets_glock_19x_ext_c5ba401ef3536402ee96745b2e2f2b2b.bundle	5170386719921943530	Glock_19x_Ext	7322088784485553867	HDRP/Lit
weaponmodmaterials_assets_glock_19x_main1_728017f58305d12c4add331e48ac9237.bundle	8868445768225351269	Glock_19x_Main 1	7322088784485553867	HDRP/Lit
weaponmodmaterials_assets_glock_19x_main_b9be2f68a8c0e5db14c6d6b87b36f0dc.bundle	1770898767732826653	Glock_19x_Main	7322088784485553867	HDRP/Lit
weaponmodmaterials_assets_glock_451_3196b41c4bedc3b8707dc42f3472df19.bundle	-3988157634788728190	Glock_45 1	7322088784485553867	HDRP/Lit
weaponmodmaterials_assets_glock_45_3bc712401b11bf359141590da960759f.bundle	2962667653697331111	Glock_45	7322088784485553867	HDRP/Lit
weaponmodmaterials_assets_glock_45_rmr_cut_slide1_b4aa051df49c929132ce4bd9a0c75c36.bundle	-4553373404350246067	Glock_45_RMR_Cut_Slide 1	7322088784485553867	HDRP/Lit
weaponmodmaterials_assets_glock_45_rmr_cut_slide_68ab2414f56459a1a5f314979de5b36d.bundle	5533797207711988671	Glock_45_RMR_Cut_Slide	7322088784485553867	HDRP/Lit
weaponmodmaterials_assets_glock_45_rmr_mount_bd507bc4c04e2918f752891a80060a80.bundle	-225971394638880108	Glock_45_RMR_Mount	7322088784485553867	HDRP/Lit
weaponmodmaterials_assets_gmod31_a51b2b7f2df924ab2e42cd5ec492f7e7.bundle	-1082384773417095048	GMOD3 1	-3661740934848837633	MilkShaders/Lit-Template
weaponmodmaterials_assets_gmod3_fcfae5de7059c23add62e9b04e56f40b.bundle	7531007656956083686	GMOD3	-3661740934848837633	MilkShaders/Lit-Template
weaponmodmaterials_assets_goldenar15bcg_415eda0134aab2e8f9395c829b18d7e4.bundle	-8657130135500746665	goldenar15bcg	7322088784485553867	HDRP/Lit
weaponmodmaterials_assets_gripblk_48cb7d1a3a05840e56eec8b82b6bd2a9.bundle	9069348463238137763	gripBLK	7322088784485553867	HDRP/Lit
weaponmodmaterials_assets_gripfde_0eca7fb98cc827e928b9847de4a36e3c.bundle	8877374001513268902	gripFDE	7322088784485553867	HDRP/Lit
weaponmodmaterials_assets_gripmc_63945da168fc763d05f715ce2bf9c9b3.bundle	456828395103611501	gripMC	7322088784485553867	HDRP/Lit
weaponmodmaterials_assets_hamr_e73a0f0a2133037eec93d89980052d35.bundle	-2519127931806898447	hamr	-3661740934848837633	MilkShaders/Lit-Template
weaponmodmaterials_assets_handguard1_263dbf9db874ee9dbc23a81b4158da51.bundle	6641311452961983521	Handguard.002 1	-3661740934848837633	MilkShaders/Lit-Template
weaponmodmaterials_assets_handguard2_8c9e82084da796866c97f9d2f79f683d.bundle	1049162167269308930	Handguard.002	-3661740934848837633	MilkShaders/Lit-Template
weaponmodmaterials_assets_handguard_1011_fde1cbcfc2bc180ade233272a92295e2.bundle	-4334765779418453772	handguard_10 1	-8225816520607640240	MilkShaders/UERemap
weaponmodmaterials_assets_handguard_101_5da576485db2353ff5a9ce14be4d923d.bundle	-4800212346374131078	handguard_10	-8225816520607640240	MilkShaders/UERemap
weaponmodmaterials_assets_handguard_10_60fd55a6fca84b81e41914b135d28625.bundle	2821633212660645866	handguard_10	-8225816520607640240	MilkShaders/UERemap
weaponmodmaterials_assets_handguard_10_sd1_3252ef94419b726c3c5a5a0b317ffe2a.bundle	2027423992554872983	handguard_10_sd 1	-8225816520607640240	MilkShaders/UERemap
weaponmodmaterials_assets_handguard_10_sd2_5cf091186ae77e4f0a8aa274f89df5f6.bundle	-3527542577085071525	handguard_10_sd	-8225816520607640240	MilkShaders/UERemap
weaponmodmaterials_assets_handguard_10_sd_165e0f9abb8799c2a33a81ea47ee883e.bundle	8836461081197102604	handguard_10_sd	-8225816520607640240	MilkShaders/UERemap
weaponmodmaterials_assets_handguard_1211_fe143d929aa4cf9322b645e3114448dc.bundle	-4076432572983425970	handguard_12 1	-8225816520607640240	MilkShaders/UERemap
weaponmodmaterials_assets_handguard_121_0a034ae47624a933ca331cd62dfe0d96.bundle	1760232909310219606	handguard_12	-8225816520607640240	MilkShaders/UERemap
weaponmodmaterials_assets_handguard_12_6db61c33621e6d3e5dd1d6b0a1a4401f.bundle	5342893423722564084	handguard_12	-8225816520607640240	MilkShaders/UERemap
weaponmodmaterials_assets_handguard_12_sd11_f448467f0ff02cab0edfc07abb733615.bundle	-7549832629066354279	handguard_12_sd 1	-8225816520607640240	MilkShaders/UERemap
weaponmodmaterials_assets_handguard_12_sd1_435857d3585454c21ba950a368914075.bundle	-5325076203179876592	handguard_12_sd	-8225816520607640240	MilkShaders/UERemap
weaponmodmaterials_assets_handguard_12_sd_746466bbe14607620f49b78313c913ee.bundle	-1052769363311647550	handguard_12_sd	-8225816520607640240	MilkShaders/UERemap
weaponmodmaterials_assets_handguard_161_9f26f476f86d9de474e9456edbbb9225.bundle	-927201459921212971	handguard_16 1	-8225816520607640240	MilkShaders/UERemap
weaponmodmaterials_assets_handguard_162_62e5807c607190b1c698b1b3888f51fd.bundle	-2815242174548057719	handguard_16	-8225816520607640240	MilkShaders/UERemap
weaponmodmaterials_assets_handguard_16_bb6591e01f14fd73a8edccfc29031e4a.bundle	-3152051363140686902	handguard_16	-8225816520607640240	MilkShaders/UERemap
weaponmodmaterials_assets_handguard_16_sd1_ad7750422140586a6802842b537219cf.bundle	3326291371209338008	handguard_16_sd 1	-8225816520607640240	MilkShaders/UERemap
weaponmodmaterials_assets_handguard_16_sd2_ee9ac9b395a70401561d4d7c48c291be.bundle	-8625547095654798050	handguard_16_sd	-8225816520607640240	MilkShaders/UERemap
weaponmodmaterials_assets_handguard_16_sd_a6c5d94df3e23b78c8bcd9ed4d514193.bundle	-8939611136299665364	handguard_16_sd	-8225816520607640240	MilkShaders/UERemap
weaponmodmaterials_assets_handguard_811_3fe44de2c10eba12bcc514d9053720f3.bundle	-3426642672900522250	handguard_8 1	-8225816520607640240	MilkShaders/UERemap
weaponmodmaterials_assets_handguard_81_abdbfe648cb0846c958fbd6df1a84146.bundle	6547647522003581103	handguard_8	-8225816520607640240	MilkShaders/UERemap
weaponmodmaterials_assets_handguard_8_a9989e4d0d1bda349a7326665813b7d5.bundle	8354901732172659104	handguard_8	-8225816520607640240	MilkShaders/UERemap
weaponmodmaterials_assets_handguard_agency_ebfd387071b798b2fe06a15bd62874e5.bundle	-8579513567520588123	Handguard_Agency	-8225816520607640240	MilkShaders/UERemap
weaponmodmaterials_assets_handguard_ar10-at3style-spear-15inch1_d6dae309da0ad240bda421c4a99c0b63.bundle	-3329815300724351631	Handguard_AR10-AT3Style-Spear-15inch 1	7322088784485553867	HDRP/Lit
weaponmodmaterials_assets_handguard_ar10-at3style-spear-15inch_9befcfd5ffd1c70ecc35ed5da0f57b33.bundle	-9114392824086526693	Handguard_AR10-AT3Style-Spear-15inch	7322088784485553867	HDRP/Lit
weaponmodmaterials_assets_handguard_canebrake_bc9dc880b240bff8d6229d22cc97ad3a.bundle	-1301495193982537795	handguard_canebrake	7322088784485553867	HDRP/Lit
weaponmodmaterials_assets_handguard_chassismk1_00432955cea15dc3f86ee5a74c306bc8.bundle	438194041843885837	handguard_chassismk1	-7803075278752278772	HDRP/Autodesk Interactive/AutodeskInteractive
weaponmodmaterials_assets_handguard_dpms-ff-4rail-121_b55041cb48070b9059995ebedf7ac0c6.bundle	-4445578769131134680	Handguard_DPMS-FF-4rail-12.4inch	7322088784485553867	HDRP/Lit
weaponmodmaterials_assets_handguard_dpms-ff-4rail-12_699494ebcf2423185701a218a9d6fd39.bundle	-4892293792575486116	Handguard_DPMS-FF-4rail-12.4inch 1	7322088784485553867	HDRP/Lit
weaponmodmaterials_assets_handguard_f1231fb2123e15a93e255cef152611f4.bundle	-1010475441177871648	Handguard.002 odg	-3661740934848837633	MilkShaders/Lit-Template
weaponmodmaterials_assets_handguard_field_5920b0622d02d840eaf91e8162f4bbd4.bundle	-3319027177596646230	Handguard_Field	-8225816520607640240	MilkShaders/UERemap
weaponmodmaterials_assets_handguard_knightsarmament-urx1_9069a43ec1973514ce181df02f7ea4f5.bundle	-4683265076743140240	Handguard_KnightsArmament-URX 1	7322088784485553867	HDRP/Lit
weaponmodmaterials_assets_handguard_knightsarmament-urx_e7682cdda734e9fe9b9508f51f6bc66d.bundle	5939151656302996094	Handguard_KnightsArmament-URX	7322088784485553867	HDRP/Lit
weaponmodmaterials_assets_handguard_rattler1_117b81fffcca75b54a85121fc7aa1932.bundle	7912411506798091153	handguard_rattler 1	7322088784485553867	HDRP/Lit
weaponmodmaterials_assets_handguard_rattler_cb9fc57859be951c1a1d2af35d9f858f.bundle	361409154577627773	handguard_rattler	7322088784485553867	HDRP/Lit
weaponmodmaterials_assets_handguard_rpk_dbe0264bed21a93b1b3c2b68b1b44c14.bundle	-2117588076044710985	Handguard_RPK	-7803075278752278772	HDRP/Autodesk Interactive/AutodeskInteractive
weaponmodmaterials_assets_handguard_troyalpharail-308-131_51872fb278653e659410d05ca29c701d.bundle	7299648759502994598	Handguard_TroyAlphaRail-308-13.8inch	7322088784485553867	HDRP/Lit
weaponmodmaterials_assets_handguard_troyalpharail-308-13_ba35183ce38bf44e58111e4feb28cfcd.bundle	1850055855006576734	Handguard_TroyAlphaRail-308-13.8inch 1	7322088784485553867	HDRP/Lit
weaponmodmaterials_assets_handguard_zen_31ac3fd9252f2e5f613c98bb48d55c8a.bundle	-4450018724283616370	Handguard_Zen	7322088784485553867	HDRP/Lit
weaponmodmaterials_assets_handguardstd_52197409f3d9d3985e118c76284f721c.bundle	4494602840866972479	HandguardSTD	-7803075278752278772	HDRP/Autodesk Interactive/AutodeskInteractive
weaponmodmaterials_assets_hg_shark_2fe62059ef0667b5021fb67343d72811.bundle	1689403265535509876	HG_Shark	-3661740934848837633	MilkShaders/Lit-Template
weaponmodmaterials_assets_hg_wood74_ea89b35573a9771fe429b6aa675818ad.bundle	3896448736703008713	HG_WOOD74	-3661740934848837633	MilkShaders/Lit-Template
weaponmodmaterials_assets_hk41610inch_1c5ff268e431e56fa331b750e7858ca5.bundle	7955245553360435960	Hk416 10inch	7322088784485553867	HDRP/Lit
weaponmodmaterials_assets_hk41611_4f3c8610b15664c456586374756f24f0.bundle	-6800726672915574264	HK416 1	7322088784485553867	HDRP/Lit
weaponmodmaterials_assets_hk4161_fa7455a0602f7e1988accecb20f8f0a9.bundle	-8408183769692612203	HK416 1	7322088784485553867	HDRP/Lit
weaponmodmaterials_assets_hk41621_c26bac49e372f69d814cec9dde87761d.bundle	6490382218807440345	HK416 2	7322088784485553867	HDRP/Lit
weaponmodmaterials_assets_hk4162_352d27ca5f61701dd0e978d893a4b929.bundle	604351928826852227	HK416 2	7322088784485553867	HDRP/Lit
weaponmodmaterials_assets_hk4163_eb5dafc284b2f358375ff0dfd85f2cd5.bundle	-5499164084104097405	HK416	7322088784485553867	HDRP/Lit
weaponmodmaterials_assets_hk416_cd322aea74e3258132714c6ea18c845d.bundle	-3110683398633460142	HK416.001	7322088784485553867	HDRP/Lit
weaponmodmaterials_assets_hk416smr_10_51_718b61e8cad11d61c85b2759089f4d83.bundle	7400883709966369650	HK416SMR_10_5 1	7322088784485553867	HDRP/Lit
weaponmodmaterials_assets_hk416smr_10_5_662f684af5ad685b711c7ecba248c502.bundle	-4537093422529925716	HK416SMR_10_5	7322088784485553867	HDRP/Lit
weaponmodmaterials_assets_hk416smr_14_51_9c108801c6579671c082751813c627f6.bundle	-5744297857547614103	HK416SMR_14_5 1	7322088784485553867	HDRP/Lit
weaponmodmaterials_assets_hk416smr_14_5_29a160d1952cc0f79e954a3da0069ade.bundle	-3785510401286226862	HK416SMR_14_5	7322088784485553867	HDRP/Lit
weaponmodmaterials_assets_hk_416_barrel_and_gas_system_8367237533c23e78fcdc8a8a351f261f.bundle	4999428211984794956	HK_416_barrel_and_gas_system	-8225816520607640240	MilkShaders/UERemap
weaponmodmaterials_assets_hk_416_handguard_quad_rail_fad5f5e3e56ccec0a86be54cb00afaaa.bundle	1776799210460960313	HK_416_handguard_quad_rail	-8225816520607640240	MilkShaders/UERemap
weaponmodmaterials_assets_hk_416_receiver_75513a914ea6c79ca42cf433a431f910.bundle	-7314485990040335385	HK_416_receiver	-3661740934848837633	MilkShaders/Lit-Template
weaponmodmaterials_assets_hk_416_receiverfde_6f094f27402bcb304f1479030f577b59.bundle	8863995131247429888	HK_416_receiver FDE	-3661740934848837633	MilkShaders/Lit-Template
weaponmodmaterials_assets_hk_416a5_receiver1_a744c0117c667aed331b2e5303b4753d.bundle	-5286185978451738013	HK_416A5_receiver 1	7322088784485553867	HDRP/Lit
weaponmodmaterials_assets_hk_416a5_receiver2_744294d35f4127959482d8629bd76ca9.bundle	-4305167775143553018	HK_416A5_receiver 2	7322088784485553867	HDRP/Lit
weaponmodmaterials_assets_hk_barrel_10_fe77480cea28bb00288fd416696260c0.bundle	-4364991342799725608	HK_Barrel_10	-8225816520607640240	MilkShaders/UERemap
weaponmodmaterials_assets_hk_buffertube_575b2263855f22079f01b08ab736ce4d.bundle	-2907886583622029259	HK_BufferTube	-8225816520607640240	MilkShaders/UERemap
weaponmodmaterials_assets_hk_gasblock_1d203dd6bb805932c99638387e2a0195.bundle	6469715653308681249	HK_GasBlock	-8225816520607640240	MilkShaders/UERemap
weaponmodmaterials_assets_hk_grip_13e51267ad31e5ddb45f7a1890cdcff0.bundle	2289992623819041538	HK_Grip	-3661740934848837633	MilkShaders/Lit-Template
weaponmodmaterials_assets_hk_hg_quad_8c294423bab7fe34a0242ce8d78e465f.bundle	-6625655480979280847	HK_HG_Quad	-8225816520607640240	MilkShaders/UERemap
weaponmodmaterials_assets_hk_lowerreceiver_7176bcb7d75d0514c4a3ca290945fca7.bundle	6400332844979437816	HK_LowerReceiver	-8225816520607640240	MilkShaders/UERemap
weaponmodmaterials_assets_hk_poly_magazine1_d696acf77a9f557e045022b20aa51ce1.bundle	581837374786554099	HK_Poly_Magazine 1	7322088784485553867	HDRP/Lit
weaponmodmaterials_assets_hk_poly_magazine_39af65da3925f0f5876929db56e78ef0.bundle	2087896936556644305	HK_Poly_Magazine	7322088784485553867	HDRP/Lit
weaponmodmaterials_assets_hk_rearsight_806e2ca178f8f0a8067bcfdc8adf22ac.bundle	9136173316918538299	HK_Rearsight	-8225816520607640240	MilkShaders/UERemap
weaponmodmaterials_assets_hk_upperreceiver_2d99d5ce93b0010112ffffbff478802f.bundle	4316793914934778316	HK_UpperReceiver	-8225816520607640240	MilkShaders/UERemap
weaponmodmaterials_assets_hk_usp45_10_12_magazine_e68dfba91991fb086b8b523b6e2218d7.bundle	7953763499356119631	HK_USP45_10_12_Magazine	7322088784485553867	HDRP/Lit
weaponmodmaterials_assets_hk_usp45_10_12_magazinefde_2971d86a6900e65af4647fefef563e36.bundle	1055880878763532690	HK_USP45_10_12_Magazine FDE	7322088784485553867	HDRP/Lit
weaponmodmaterials_assets_hk_usp45_42d6b96f6419d632850754726dcee713.bundle	6989757962324502020	HK_USP45	7322088784485553867	HDRP/Lit
weaponmodmaterials_assets_hk_usp45_rail_adapter_882c40a65c5ec601b9870efe5304031e.bundle	9119259041375371366	HK_USP45_Rail_Adapter	7322088784485553867	HDRP/Lit
weaponmodmaterials_assets_hk_usp45_rmr_mount_b6d5b6c8e6e360a3a9d1f0811cbba4c8.bundle	4213658244969206467	HK_USP45_RMR_Mount	7322088784485553867	HDRP/Lit
weaponmodmaterials_assets_hk_usp45_tactical_f1ddd192f53a4daf2ca1e8862c99ce82.bundle	277087542048217350	HK_USP45_Tactical	7322088784485553867	HDRP/Lit
weaponmodmaterials_assets_hk_usp45_tacticalfde_57d9b8f70b6c52fa93a3a7bbfe5dcbaf.bundle	5172209757488158685	HK_USP45_Tactical FDE	7322088784485553867	HDRP/Lit
weaponmodmaterials_assets_hkv2pistolgrip_2d49903d0b70b6a1a3f46b51755d4bfc.bundle	-2561572394196472529	HK V2 Pistolgrip.001	7322088784485553867	HDRP/Lit
weaponmodmaterials_assets_holosun_reticle1_96ac25c0d7aa2bafb97aa8083f938500.bundle	8638370420175241985	holosun_reticle 1	1068173205918574943	Ultimate Scope Shaders/HolographicSight
weaponmodmaterials_assets_holosun_reticle2_f3816a4d6c3b451172c1ef7f7a8a8d5e.bundle	5778393105578593317	holosun_reticle 2	1068173205918574943	Ultimate Scope Shaders/HolographicSight
weaponmodmaterials_assets_hrfskiff1_61c45a1557da732570eb7550392a3244.bundle	-3149560770597033760	HRF SKIFF 1	7322088784485553867	HDRP/Lit
weaponmodmaterials_assets_hrfskiff_475361065480f9a66d4d658e6ec27be3.bundle	3511942556094794849	HRF SKIFF	7322088784485553867	HDRP/Lit
weaponmodmaterials_assets_hws_da08dc46b428e8870d89af744075be5a.bundle	-8380222213895912796	HWS	7322088784485553867	HDRP/Lit
weaponmodmaterials_assets_hws_reticle2_3a0168ea907b89a0d75010fd41d5e5a8.bundle	-609540896088779678	hws_reticle 2	1068173205918574943	Ultimate Scope Shaders/HolographicSight
weaponmodmaterials_assets_hws_reticlenvg2_c521af6e47721a6750e5c36a475c76eb.bundle	735909846265831294	hws_reticle nvg 2	1068173205918574943	Ultimate Scope Shaders/HolographicSight
weaponmodmaterials_assets_illusion9_07b9282369ab4cedcd995c0a74cf3c47.bundle	-4675083482009225485	Illusion9	7322088784485553867	HDRP/Lit
weaponmodmaterials_assets_irlaser_9a902881fbe669a9e30ac253ef09163f.bundle	7165073062435296001	IR Laser	-131842242777880425	Shader Graphs/IR Laser
weaponmodmaterials_assets_ironsighta2_ec4985aa6b5c3631145600b0553d4563.bundle	218331282149456742	ironsight a2	7322088784485553867	HDRP/Lit
weaponmodmaterials_assets_ironsightback_mbus-gen2_97746f1a9a0496fe84f4fed6053f9dec.bundle	-93923103265423272	IronSightBack_MBUS-Gen2	7322088784485553867	HDRP/Lit
weaponmodmaterials_assets_ironsightfront_mbus-gen2_fd357b06dbcd2e389c3df7f9ce304e06.bundle	-5882086020644653961	IronSightFront_MBUS-Gen2	7322088784485553867	HDRP/Lit
weaponmodmaterials_assets_kac_3_cqb_qdc_suppressor1_09241b87c77588d6f3e88a8ae1830a0c.bundle	-5370107674403146741	kac_3_CQB_QDC_suppressor 1	-7803075278752278772	HDRP/Autodesk Interactive/AutodeskInteractive
weaponmodmaterials_assets_kac_3_cqb_qdc_suppressor_82864a6ad05a708e63f6985faee3b173.bundle	-3856977286801306981	kac_3_CQB_QDC_suppressor	-7803075278752278772	HDRP/Autodesk Interactive/AutodeskInteractive
weaponmodmaterials_assets_kac_3_qdc_muzzle1_2d11d10acdab2cebb8f509a9ed55e1bc.bundle	-1637540859769857577	kac_3_QDC_muzzle 1	-7803075278752278772	HDRP/Autodesk Interactive/AutodeskInteractive
weaponmodmaterials_assets_kac_3_qdc_muzzle21_869148414099e154ecaecec65726f57f.bundle	-5113304873072453299	kac_3_QDC_muzzle2 1	-7803075278752278772	HDRP/Autodesk Interactive/AutodeskInteractive
weaponmodmaterials_assets_kac_3_qdc_muzzle2_f72dfec4a70f21673ac945b8ff5c9867.bundle	-8960828933484018086	kac_3_QDC_muzzle2	-7803075278752278772	HDRP/Autodesk Interactive/AutodeskInteractive
weaponmodmaterials_assets_kac_3_qdc_muzzle_a9357c1444dd5b15a291ee03bf9135a3.bundle	9189022638548564848	kac_3_QDC_muzzle	-7803075278752278772	HDRP/Autodesk Interactive/AutodeskInteractive
weaponmodmaterials_assets_kac_3_qdc_suppressor1_b6bed19238045979b1de8c345d7ce162.bundle	-8792789988292344875	kac_3_QDC_suppressor 1	-7803075278752278772	HDRP/Autodesk Interactive/AutodeskInteractive
weaponmodmaterials_assets_kac_3_qdc_suppressor_64a6118d83e1cd96721869a1746755d5.bundle	2383486565062838113	kac_3_QDC_suppressor	-7803075278752278772	HDRP/Autodesk Interactive/AutodeskInteractive
weaponmodmaterials_assets_kac_micro1_15d4a07eea4411cfb3c0841e022e9f75.bundle	-4408459806877026114	kac_micro 1	-8225816520607640240	MilkShaders/UERemap
weaponmodmaterials_assets_kac_micro_3ff3fd23eb89c5b41d24fcd232ba0556.bundle	3145752138102617999	kac_micro	-8225816520607640240	MilkShaders/UERemap
weaponmodmaterials_assets_kac_nt4_muzzle1_11d3d58594e03d0aa033cf33cfbff270.bundle	5162945855940826583	kac_nt4_muzzle 1	7322088784485553867	HDRP/Lit
weaponmodmaterials_assets_kac_nt4_muzzle_4e5e04974976df20eba5c45605022e04.bundle	-4173953371041081489	kac_nt4_muzzle	7322088784485553867	HDRP/Lit
weaponmodmaterials_assets_kac_nt4_suppressor1_e3d0c6eaaf9838185e49110b954affef.bundle	1163682543674152956	kac_nt4_suppressor 1	7322088784485553867	HDRP/Lit
weaponmodmaterials_assets_kac_nt4_suppressor_41347ac26bf0fdbcd3d1d6a1750cd852.bundle	8626420731511676855	kac_nt4_suppressor	7322088784485553867	HDRP/Lit
weaponmodmaterials_assets_kacforegrip_448f81030042e67ecc238f2e1369bfd7.bundle	-53151859271110120	KAC Foregrip	-7803075278752278772	HDRP/Autodesk Interactive/AutodeskInteractive
weaponmodmaterials_assets_kacuspt_526c84f08b3cf211020bee0fc40c7290.bundle	-8355814975864896832	KACUSPT	7322088784485553867	HDRP/Lit
weaponmodmaterials_assets_kag1_224259be9642b839cdfdddfff1bb93d9.bundle	-2849744556219684837	KAG 1	7322088784485553867	HDRP/Lit
weaponmodmaterials_assets_kag_f93d5a0b8ed782311bf7bd047ff01645.bundle	212906565376873120	KAG	7322088784485553867	HDRP/Lit
weaponmodmaterials_assets_kag_mlok1_858078ba4e1384d0b8f8be3e5a642ddc.bundle	3397664178083089354	KAG_MLOK 1	7322088784485553867	HDRP/Lit
weaponmodmaterials_assets_kag_mlok_b2585a49b327bafe997ff267270fbadd.bundle	-3251204708766271061	KAG_MLOK	7322088784485553867	HDRP/Lit
weaponmodmaterials_assets_kobra_6301a3a7e97f3aab717c8ae68f84a230.bundle	-3667045272812822999	Kobra.001	-3661740934848837633	MilkShaders/Lit-Template
weaponmodmaterials_assets_ks_lower_9f9985db957add0cf7a4bf0198c1f246.bundle	713367028219491812	KS_Lower	-3661740934848837633	MilkShaders/Lit-Template
weaponmodmaterials_assets_ks_lowerfde_3a3a80c8db1080b7ec578b4ee9111a55.bundle	5428518758820064812	KS_Lower FDE	-3661740934848837633	MilkShaders/Lit-Template
weaponmodmaterials_assets_ks_upper1_a717da2e5cba0dba6c08160a4801b452.bundle	258659761375718541	KS_Upper 1	-3661740934848837633	MilkShaders/Lit-Template
weaponmodmaterials_assets_ks_upper_16e201abeb59e55b82cfe2fdb8856db7.bundle	2186929767727040657	KS_Upper	-3661740934848837633	MilkShaders/Lit-Template
weaponmodmaterials_assets_kvplinearcomp_4b3541c4fb5977f7c54f4bf480054bb4.bundle	964814685375093716	KVPLinearComp	7322088784485553867	HDRP/Lit
weaponmodmaterials_assets_l5awm_03b62ccb96326682b58d06dbf40327e1.bundle	7616668545394833382	l5awm	7322088784485553867	HDRP/Lit
weaponmodmaterials_assets_l5awmtrans_92af0bd6279f7aca3aba282e9fbf0485.bundle	-967706192010262396	l5awm trans	7322088784485553867	HDRP/Lit
weaponmodmaterials_assets_l5awmtransdarknew_d46e3b217bee74d1b937472e731f6707.bundle	-7024761549024273266	l5awm trans darknew	7322088784485553867	HDRP/Lit
weaponmodmaterials_assets_l7awm_25_magazine_opaque_version_dd5436bde0706372dc8f63ee10b11caf.bundle	-5590725739992587007	L7AWM_25_Magazine_Opaque_Version	7322088784485553867	HDRP/Lit
weaponmodmaterials_assets_l7awm_25_magazine_translucent_version_457372894dc43d3cfc9e3d0230b86708.bundle	-3907428279197350122	L7AWM_25_Magazine_Translucent_Version	7322088784485553867	HDRP/Lit
weaponmodmaterials_assets_lambert141_5cda143154cfa00477f1955aadaef583.bundle	5191601246283677565	lambert14 1	7322088784485553867	HDRP/Lit
weaponmodmaterials_assets_lambert14_94a2252de404d8055b4bb268a81cff9b.bundle	-406898667838851393	lambert14	7322088784485553867	HDRP/Lit
weaponmodmaterials_assets_large011_2b6bc42883fcdaaedc8b74afdd64e332.bundle	-8812760120379908141	large01 1	-7803075278752278772	HDRP/Autodesk Interactive/AutodeskInteractive
weaponmodmaterials_assets_large012_b3e18b2fdcf5a35ea84ffa7a7240200b.bundle	-5576985705909594252	large01 2	-7803075278752278772	HDRP/Autodesk Interactive/AutodeskInteractive
weaponmodmaterials_assets_large013_d646742a8a9adb18bec3939748af0c33.bundle	7489530965970907013	large01 3	-7803075278752278772	HDRP/Autodesk Interactive/AutodeskInteractive
weaponmodmaterials_assets_large01_e31ed27e07f2c422004a0b0e3adcdc9b.bundle	-1421598762299000536	large01	-7803075278752278772	HDRP/Autodesk Interactive/AutodeskInteractive
weaponmodmaterials_assets_lco_b9e0f834d48d10890a525534cfaa902d.bundle	-6422942129371918962	lco	-3661740934848837633	MilkShaders/Lit-Template
weaponmodmaterials_assets_lcoglass1_115d68e4a4485eb3ef667b39cd958ce6.bundle	9068027826569192689	lco glass 1	7322088784485553867	HDRP/Lit
weaponmodmaterials_assets_lcoglass_72a7666e827ccaa6747f22326cb5f1c9.bundle	8271706543736894381	lco glass	7322088784485553867	HDRP/Lit
weaponmodmaterials_assets_ldag_477d610d310ed8ff6fe9a3071a113afd.bundle	-5979727881262294713	LDAG	7322088784485553867	HDRP/Lit
weaponmodmaterials_assets_lens11_805e9355adc719b9c1d0ab0a81a99208.bundle	-4926821313407046449	Lens 1	1068173205918574943	Ultimate Scope Shaders/HolographicSight
weaponmodmaterials_assets_lens1_d58fb94842463d00a6b3d2c9b7139cbe.bundle	-4478258940110156905	Lens	1068173205918574943	Ultimate Scope Shaders/HolographicSight
weaponmodmaterials_assets_lens_e5fe1835b6ff3e4a3056817e96e26582.bundle	-5202325118713364413	Lens	7322088784485553867	HDRP/Lit
weaponmodmaterials_assets_linkcfg1_d976e47faa62368e921d77b45b4a4641.bundle	-6457486977738842871	LinkCFG 1	7322088784485553867	HDRP/Lit
weaponmodmaterials_assets_linkcfg2_9cc712bee33808e75c8896cb0ae793fd.bundle	-5420628933021652458	LinkCFG 2	7322088784485553867	HDRP/Lit
weaponmodmaterials_assets_linkcfg3_ed69985a2e874d4621da771e08620815.bundle	-8240069379945631335	LinkCFG 3	7322088784485553867	HDRP/Lit
weaponmodmaterials_assets_linkcfg_1c9339e3bf3b14b2a6abb57457e128e0.bundle	4612211206256602446	LinkCFG	7322088784485553867	HDRP/Lit
weaponmodmaterials_assets_lmtsopmod1_ca1a8cf6515749482b75ead686c803fe.bundle	-5553762006321613716	lmt sopmod 1	7322088784485553867	HDRP/Lit
weaponmodmaterials_assets_lmtsopmod2_3207faf920f22fb4dbe10c1e55513039.bundle	2847784607880560311	lmt sopmod 2	7322088784485553867	HDRP/Lit
weaponmodmaterials_assets_lmtsopmod_c6858ca7b649af75f9314bf78a732d37.bundle	-5134516948921428822	lmt sopmod	7322088784485553867	HDRP/Lit
weaponmodmaterials_assets_lmtsopmodmc_f7a062786971c8a93e1304fc688c24db.bundle	7570457466975046245	lmt sopmod mc	7322088784485553867	HDRP/Lit
weaponmodmaterials_assets_low1_d36d0d0dfaee882b630f1fed5ba9b82f.bundle	-70929461177654033	low 1	-7803075278752278772	HDRP/Autodesk Interactive/AutodeskInteractive
weaponmodmaterials_assets_low_fbfadafc137819cea86c899fbe3a1855.bundle	2082404602167085871	low	-7803075278752278772	HDRP/Autodesk Interactive/AutodeskInteractive
weaponmodmaterials_assets_lowerreceiver_ar10-standart_00e9db2fd6127fa20bd9c86db5d13b44.bundle	-7326216808935766275	LowerReceiver_AR10-Standart.001	7322088784485553867	HDRP/Lit
weaponmodmaterials_assets_lowerreceiver_ar10-standartfde_173fe45e96a2786c13132cb2298af166.bundle	-3404952711269660182	LowerReceiver_AR10-Standart FDE	7322088784485553867	HDRP/Lit
weaponmodmaterials_assets_lowerreciever_aeroprecision-m5_8e9ba2e0297023314da46877a4b82900.bundle	183818266321679168	LowerReciever_AeroPrecision-M5	7322088784485553867	HDRP/Lit
weaponmodmaterials_assets_lowerreciever_aeroprecision-m5fde_b9407fb3c9b84ef69e8e5881107dee96.bundle	-5505090915894694033	LowerReciever_AeroPrecision-M5 FDE	7322088784485553867	HDRP/Lit
weaponmodmaterials_assets_lp_civka+loght+handle_ee6f543a92908dbad52af1f8d88149d9.bundle	1397825972080005749	LP_civka+loght+handle	7322088784485553867	HDRP/Lit
weaponmodmaterials_assets_lp_civka+loght+handlefde_13f9506b5e144f6578bcf4479a85c446.bundle	-1459273882678948762	LP_civka+loght+handle FDE	7322088784485553867	HDRP/Lit
weaponmodmaterials_assets_lp_mag+stvol+dtk_bdbcd45ff8f292aa360604a7aeb82834.bundle	3487801666083922580	LP_mag+stvol+dtk	7322088784485553867	HDRP/Lit
weaponmodmaterials_assets_lp_stock+pisth_0a811bc851efdb37641c6b845fd21155.bundle	-8475850564450561696	LP_stock+pistH	7322088784485553867	HDRP/Lit
weaponmodmaterials_assets_lp_stock+pisthfde_b8461fc16ecb7b591164f5e511b95803.bundle	-8641747737153424149	LP_stock+pistH fde	7322088784485553867	HDRP/Lit
weaponmodmaterials_assets_lp_stvolkorobka_c91ba7fae961c26c5576c7d31dbe9d03.bundle	-8540047553495126349	LP_stvolkorobka	7322088784485553867	HDRP/Lit
weaponmodmaterials_assets_lp_stvolkorobkafde_ee766bdad218d312ef25d77b324b6a5e.bundle	-470856594056889136	LP_stvolkorobka fde	7322088784485553867	HDRP/Lit
weaponmodmaterials_assets_lpvomaterial_f184a45db8562a7f4bd5435b6e5c7098.bundle	-4608038400038247877	Scope Material Base	185509728236410879	Ultimate Scope Shaders/Scope
weaponmodmaterials_assets_lvaw_ch_1f538e46357b473fc5bd6338c0d30aa3.bundle	-8506571952130931462	LVAW_CH	-3661740934848837633	MilkShaders/Lit-Template
weaponmodmaterials_assets_lvaw_grip_a879b5c3ec4949cf0aacb9441a00eea9.bundle	658599438410450493	LVAW_GRIP	-3661740934848837633	MilkShaders/Lit-Template
weaponmodmaterials_assets_lvaw_hg13_8658f1cee4dc5afabdd64ac7cc0118cf.bundle	-6196405245737593234	LVAW_HG13	-3661740934848837633	MilkShaders/Lit-Template
weaponmodmaterials_assets_lvaw_lower_618d8c52670decae38964a04d72cbd32.bundle	-1308705868947936310	LVAW_Lower	-3661740934848837633	MilkShaders/Lit-Template
weaponmodmaterials_assets_lvaw_upper_cb9ed9959af9c19c8ed66629bd97705d.bundle	4747844997219633373	LVAW_UPPER	-3661740934848837633	MilkShaders/Lit-Template
weaponmodmaterials_assets_m17_02fb505bf885fb3c35512021ed85e732.bundle	8609908368527452484	M17	-8225816520607640240	MilkShaders/UERemap
weaponmodmaterials_assets_m17black_3cc600e31a678e7c9bdf8a836f3d00ce.bundle	7736841192265858736	M17 Black	-8225816520607640240	MilkShaders/UERemap
weaponmodmaterials_assets_m300c1_eb9d1ade82aa4057a1e83eeb33b8670d.bundle	6195363686407134062	m300c 1	7322088784485553867	HDRP/Lit
weaponmodmaterials_assets_m300c_d683fee3da7daf4c7e2e5a2d394e4b74.bundle	5552670104771392403	m300c	7322088784485553867	HDRP/Lit
weaponmodmaterials_assets_m41_d5fd97f5e12d5b2325a011bd87fdc148.bundle	-2418228397775644784	M4 1	7322088784485553867	HDRP/Lit
weaponmodmaterials_assets_m421_517636f1b528e066f04d20d90995aff3.bundle	-7093609066086541443	M4 2	7322088784485553867	HDRP/Lit
weaponmodmaterials_assets_m42_06ce405a97052d7fc00a55c5b6899b6d.bundle	-6230072313379187242	M4 2	7322088784485553867	HDRP/Lit
weaponmodmaterials_assets_m43_bfdd72951469720a67d28f62211a0638.bundle	7568402059641667810	M4 3	7322088784485553867	HDRP/Lit
weaponmodmaterials_assets_m45muzzlebrakesilver_5f938c16418479aa2312b4703c6ae02d.bundle	2293495076660718778	m45muzzlebrake silver	7322088784485553867	HDRP/Lit
weaponmodmaterials_assets_m472_cb0bb0700f33a39c3512591cfb532808.bundle	-267082914485303315	m472	7322088784485553867	HDRP/Lit
weaponmodmaterials_assets_m4_17d6cfd631dd3249d2da9364f3bdd12a.bundle	4176798897374784279	M4	7322088784485553867	HDRP/Lit
weaponmodmaterials_assets_m4_barrels_9bd8a9de3e027a3f5fd919117dbbcf13.bundle	-5948035817444735188	M4_Barrels	-8225816520607640240	MilkShaders/UERemap
weaponmodmaterials_assets_m4_carry_handle_7ed45d44a780c1c0cea2ae05f4678cd7.bundle	1639757223300224346	M4_Carry_Handle	-8225816520607640240	MilkShaders/UERemap
weaponmodmaterials_assets_m4_carry_handle_rail_mount_88b9d01fe425152f818e356dd681989a.bundle	-7773060882425356846	M4_Carry_Handle_Rail_Mount	7322088784485553867	HDRP/Lit
weaponmodmaterials_assets_m4_handguard_13_8ea3958d2cdf4f05ccc3bb555ff3667d.bundle	4028284459302679641	M4_Handguard_13	7322088784485553867	HDRP/Lit
weaponmodmaterials_assets_m4_handguard_1_3130a875e8a715980f4b537711eb8e6e.bundle	-5874732608838073844	M4_Handguard_1	7322088784485553867	HDRP/Lit
weaponmodmaterials_assets_m4_std_stock_039254b34ecefd26b077a185bb99c933.bundle	6791884721656909441	M4_STD_Stock	-7803075278752278772	HDRP/Autodesk Interactive/AutodeskInteractive
weaponmodmaterials_assets_m4mc_8cdbe223aeb7a24dc2235908770a39b0.bundle	-132316347505417101	M4 MC	7322088784485553867	HDRP/Lit
weaponmodmaterials_assets_m4x_barrel_370_a711161606d06fc63a1f588b46447fce.bundle	1351244027640580023	M4X_Barrel_370	-7803075278752278772	HDRP/Autodesk Interactive/AutodeskInteractive
weaponmodmaterials_assets_m4x_hg_dd12251_d7f46e1540930eeb5ede5f83a4d398ea.bundle	-354343096648942234	M4X_HG_DD1225 1	7322088784485553867	HDRP/Lit
weaponmodmaterials_assets_m4x_hg_dd1225_5ca8c4a77354a0557b0de724e9a500c4.bundle	448321544589106843	M4X_HG_DD1225	7322088784485553867	HDRP/Lit
weaponmodmaterials_assets_m4x_hg_dd951_508497c6e1238b173929d6a6a071be08.bundle	-7457735203268770439	M4X_HG_DD95 1	7322088784485553867	HDRP/Lit
weaponmodmaterials_assets_m4x_hg_dd952_3290186fcff5a7eb18a70de93352834e.bundle	-1242156077439410429	M4X_HG_DD95 2	7322088784485553867	HDRP/Lit
weaponmodmaterials_assets_m4x_hg_dd95_1e7a303b736551870feff5f8be9e529e.bundle	2961249562668359355	M4X_HG_DD95	7322088784485553867	HDRP/Lit
weaponmodmaterials_assets_m4x_hg_ddfsp1_8a00e8b41df53dddcc400d3f535993a1.bundle	-4742348394171707387	M4X_HG_DDFSP 1	7322088784485553867	HDRP/Lit
weaponmodmaterials_assets_m4x_hg_ddfsp_f5de37f2e9ad1735335329f4fe9ac1e8.bundle	-7072339804903691944	M4X_HG_DDFSP	7322088784485553867	HDRP/Lit
weaponmodmaterials_assets_m600v1_76e50cc8bc7dd86a4730818cbb1374d3.bundle	-5021425377794735200	m600v 1	7322088784485553867	HDRP/Lit
weaponmodmaterials_assets_m600v_bd183452a98ae1010b501b3255bf5551.bundle	1585292311786631312	m600v	7322088784485553867	HDRP/Lit
weaponmodmaterials_assets_m600v_lens_68b1d1dbeaf35ea76a51ab65397621b0.bundle	4490744043770239991	M600V_Lens	7322088784485553867	HDRP/Lit
weaponmodmaterials_assets_m9_15_magazine_a3f1e67c6745f0d9cbc48c2741a575eb.bundle	1675556025150015927	M9_15_Magazine	-3661740934848837633	MilkShaders/Lit-Template
weaponmodmaterials_assets_m9_18_magazine_91ab7385da190515294b98dbe0230512.bundle	6108068465513384322	M9_18_Magazine	-3661740934848837633	MilkShaders/Lit-Template
weaponmodmaterials_assets_m9_frame_5ac8ca6d0203b7fbeace18bc123fce8d.bundle	-7506553550569049250	M9_Frame	-3661740934848837633	MilkShaders/Lit-Template
weaponmodmaterials_assets_m9_sight_mounts_913ef94d891cb779bd7906be5ecdd03d.bundle	-3368293963454875580	M9_Sight_Mounts	7322088784485553867	HDRP/Lit
weaponmodmaterials_assets_m9_slide_59f43eb0eda00f0ca75f0bc3ca056038.bundle	-4171411081527156894	M9_Slide	-3661740934848837633	MilkShaders/Lit-Template
weaponmodmaterials_assets_m9a4_frame_966d3298cf57b0435830947348bcaa7b.bundle	-7915058166487358474	M9A4_Frame	-3661740934848837633	MilkShaders/Lit-Template
weaponmodmaterials_assets_m9a4_slide_73789f2786ee0e07ee0333e81c5ffd49.bundle	9187578968181407222	M9A4_Slide	-3661740934848837633	MilkShaders/Lit-Template
weaponmodmaterials_assets_m_aachb_03_5cfc6c374a036d6cac49f1c8c6c70c26.bundle	6132615201501550861	M_AACHB_03	7322088784485553867	HDRP/Lit
weaponmodmaterials_assets_m_hogue_ak_grip_65ff39dbbab4415c629d480cdca0ef73.bundle	-8541842449054735299	M_Hogue_AK_Grip	7322088784485553867	HDRP/Lit
weaponmodmaterials_assets_m_hogue_ak_gripblk_36b5d96ec572d99dba296d38df3a65eb.bundle	4292828714445873404	M_Hogue_AK_Grip BLK	7322088784485553867	HDRP/Lit
weaponmodmaterials_assets_m_hogue_ak_gripodgreen_193475b7f6f5a420bccd4660f85bb602.bundle	-8780768922349787113	M_Hogue_AK_Grip OD Green	7322088784485553867	HDRP/Lit
weaponmodmaterials_assets_m_sag_ak_buttstock_adapter_3a4cc672dbf637d4af876c43dab4b4b6.bundle	-6735059206429985972	M_SAG_AK_buttstock_adapter	-3661740934848837633	MilkShaders/Lit-Template
weaponmodmaterials_assets_m_socomm556-rc3_f1b82c58893145e883550bcd5bf30ce6.bundle	-2469670872455759477	M_SOCOMM556-RC3	7322088784485553867	HDRP/Lit
weaponmodmaterials_assets_m_socomm556-rc3tan_c98c978410b7e08c9cec84c257b7f681.bundle	-7790090571828378721	M_SOCOMM556-RC3 Tan	7322088784485553867	HDRP/Lit
weaponmodmaterials_assets_mag_0e1653076a8c23fe59e195075e05f3f7.bundle	-5497876483240331618	mag	-3661740934848837633	MilkShaders/Lit-Template
weaponmodmaterials_assets_mag_6l10_f1e17f1de99c8f30ee0a63266088aa1d.bundle	5367866323449130654	MAG_6L10	7322088784485553867	HDRP/Lit
weaponmodmaterials_assets_mag_6l10_sprayed_1fe47f1bb973ceb2a63f3cfcb9e9620f.bundle	41501674997740864	MAG_6L10_Sprayed	7322088784485553867	HDRP/Lit
weaponmodmaterials_assets_mag_74std_c71c815463a4462d0b8f653dcdecfba8.bundle	5339212949446267966	Mag_74Std	-3661740934848837633	MilkShaders/Lit-Template
weaponmodmaterials_assets_mag_drum_3f18e175331127361e091faac793a33a.bundle	-4956789718805916830	MAG_DRUM	-3661740934848837633	MilkShaders/Lit-Template
weaponmodmaterials_assets_mag_glass_e5f02f84d5577e280e8d6894b05cad13.bundle	8582479424706387062	mag_Glass	7322088784485553867	HDRP/Lit
weaponmodmaterials_assets_magazine1_c613c9e227dff31dd453400eba32f58d.bundle	4235575463767998079	Magazine.002	-3661740934848837633	MilkShaders/Lit-Template
weaponmodmaterials_assets_magazine2_702c2acc1f472e2e5dd754c55d0e5d91.bundle	788791192600579419	Magazine	7322088784485553867	HDRP/Lit
weaponmodmaterials_assets_magazine3_a5f85a8dca5462754c70972b5e5b0044.bundle	-7995735170509792701	magazine	7322088784485553867	HDRP/Lit
weaponmodmaterials_assets_magazine_1d91a0edcbfa535f12375e087ea0551a.bundle	-3847668879788613449	Magazine	-8225816520607640240	MilkShaders/UERemap
weaponmodmaterials_assets_magazine_20r1_69a614a2ced9c98a6c32c3f3746dc4b0.bundle	1188183943244906473	Magazine_20R 1	7322088784485553867	HDRP/Lit
weaponmodmaterials_assets_magazine_20r_612208718e520485e57721351e0d25eb.bundle	-5703590968827031454	Magazine_20R	7322088784485553867	HDRP/Lit
weaponmodmaterials_assets_magazine_20rtransluent1_e8cca355d58fdfefa0485a48ece87b70.bundle	893925134003987333	Magazine_20R Transluent 1	7322088784485553867	HDRP/Lit
weaponmodmaterials_assets_magazine_20rtransluent_2b10e5ad9e3cba3d7ea109c54bde28f0.bundle	2539078550845912631	Magazine_20R Transluent	7322088784485553867	HDRP/Lit
weaponmodmaterials_assets_magazine_50_d9f82fa3a5f99ebb7d65e1c4b52f0a43.bundle	-1763109211459375808	magazine_50	7322088784485553867	HDRP/Lit
weaponmodmaterials_assets_magazine_75rnd_e78d586ec4132022d8d6f87714a2c716.bundle	-1364228421422447219	Magazine_75rnd	7322088784485553867	HDRP/Lit
weaponmodmaterials_assets_magazine_ext_26b619460cdb056aa3c4a45b97415d8f.bundle	1224719604274028983	Magazine_Ext	-8225816520607640240	MilkShaders/UERemap
weaponmodmaterials_assets_magazine_fabdefense_ultimag30_e69c0a3af5d3c9d5bd7a12cdbc757a32.bundle	555757811441736893	magazine_FABdefense_ultimag30	-3661740934848837633	MilkShaders/Lit-Template
weaponmodmaterials_assets_magazine_fabdefense_ultimag30_glass_df3972477b744c7dd4a1160b14190582.bundle	7255681537573869874	magazine_FABdefense_ultimag30_glass	7322088784485553867	HDRP/Lit
weaponmodmaterials_assets_magazine_hk_gen2_30_614078b8ba5febdc085e0709446039d9.bundle	-5296690644827962315	magazine_HK_GEN2_30	-8225816520607640240	MilkShaders/UERemap
weaponmodmaterials_assets_magazine_hk_standart_30_38bae3b708158ff833bc27aa1026ea63.bundle	-6892155269335837079	magazine_HK_standart_30	-8225816520607640240	MilkShaders/UERemap
weaponmodmaterials_assets_magazine_mat_6afc7d771d8a3301bc0c84f9230c4bd4.bundle	4939695919377693400	Magazine_MAT	7322088784485553867	HDRP/Lit
weaponmodmaterials_assets_magazine_pmag30_genm31_8b55f3ae682ed4b3493dd21fa6338199.bundle	-2344106819623590344	magazine_pmag30_genM3 1	7322088784485553867	HDRP/Lit
weaponmodmaterials_assets_magazine_pmag30_genm32_0d8ab8a81b631d83d24020fddff2b924.bundle	1884755054155933755	magazine_pmag30_genM3 2	7322088784485553867	HDRP/Lit
weaponmodmaterials_assets_magazine_pmag30_genm3_56029a0e128277afccea0b3b17f82533.bundle	-258325598592431334	magazine_pmag30_genM3	7322088784485553867	HDRP/Lit
weaponmodmaterials_assets_magazine_pmaggen3-762-20rd1_13d0bdce3a627b9d12ea942768753dac.bundle	1238716313859801664	Magazine_PmagGen3-762-20rd 1	7322088784485553867	HDRP/Lit
weaponmodmaterials_assets_magazine_pmaggen3-762-20rd_ec7f5f8677265b2741642c9e7b31f3eb.bundle	4896630609915945823	Magazine_PmagGen3-762-20rd	7322088784485553867	HDRP/Lit
weaponmodmaterials_assets_magazine_promag-ar10-steel-20round_6ab229f0f7ca9e922407d7d133c4a9ea.bundle	-9052998125726655526	Magazine_ProMag-AR10-Steel-20round	7322088784485553867	HDRP/Lit
weaponmodmaterials_assets_magazine_vssk_4e5dbf8a80c0a4c9e0a69c346aa5d7eb.bundle	6204011012790852384	Magazine_VSSK	7322088784485553867	HDRP/Lit
weaponmodmaterials_assets_magblk_0205b848480403be435b3b91ca5ef5d5.bundle	-6997379856153721489	magBLK	7322088784485553867	HDRP/Lit
weaponmodmaterials_assets_magfde1_62ba562b96b6de4d8686986f6d79a383.bundle	244255896232091509	magFDE	7322088784485553867	HDRP/Lit
weaponmodmaterials_assets_magfde_47c3719b15be528cbad12086a99034b2.bundle	2445574468316692017	mag fde	-3661740934848837633	MilkShaders/Lit-Template
weaponmodmaterials_assets_magmc_84b0ebde3699a248ef7eeab3c52d7e6a.bundle	1056094975001503985	mag mc	-3661740934848837633	MilkShaders/Lit-Template
weaponmodmaterials_assets_magpul_ctr_075_riserblk_9f2c537b64eba01dd8ff693b191d8eb3.bundle	3442032250856261278	magpul_ctr_075_riser BLK	-8225816520607640240	MilkShaders/UERemap
weaponmodmaterials_assets_magpul_ctr_075_riserfde_068ccb00cdac347177171e8dad0085db.bundle	2467252560064972011	magpul_ctr_075_riser FDE	-8225816520607640240	MilkShaders/UERemap
weaponmodmaterials_assets_magpul_ctr_075_risergray1_e68cf435a08cad585e7b99bf7ac7b43b.bundle	7824084904032157749	magpul_ctr_075_riser Gray	-8225816520607640240	MilkShaders/UERemap
weaponmodmaterials_assets_magpul_ctr_075_risergray_b29334f9b94ca4eb70e4086a1344e684.bundle	-3943440723127008172	magpul_ctr_075_riser Gray	-8225816520607640240	MilkShaders/UERemap
weaponmodmaterials_assets_magpul_ctrblk_c43252964f98af78c126d3cbe5a31380.bundle	-8845624883312737019	magpul_ctr BLK	-8225816520607640240	MilkShaders/UERemap
weaponmodmaterials_assets_magpul_ctrfde_85365b85937afb02247bc00476feff1e.bundle	-3641105660706434684	magpul_ctr FDE	-8225816520607640240	MilkShaders/UERemap
weaponmodmaterials_assets_magpul_ctrgray1_1af185a21de9081b2b81ea8ec0b6ee9f.bundle	-6458397972139291528	magpul_ctr Gray	-8225816520607640240	MilkShaders/UERemap
weaponmodmaterials_assets_magpul_ctrgray_c3f79268c773dbb3361da408490b4cfe.bundle	4677607124658582413	magpul_ctr Gray	-8225816520607640240	MilkShaders/UERemap
weaponmodmaterials_assets_magtube_14_29f2f0ca5d177f93cab9436a2a2c7ebb.bundle	7958135848931794582	Magtube_14	-8225816520607640240	MilkShaders/UERemap
weaponmodmaterials_assets_magtube_18-5_1fc88ab41ab975a2acedd7f38d7bb7d4.bundle	-6893827180395789126	Magtube_18-5	-8225816520607640240	MilkShaders/UERemap
weaponmodmaterials_assets_magtube_21_2e98b10ed2f5e7986c1bdf9ffa40758a.bundle	-2237975815174051286	Magtube_21	-8225816520607640240	MilkShaders/UERemap
weaponmodmaterials_assets_maid1_a51fbdb72f9b8e8a287e6f8d2969a429.bundle	410133954364135756	Maid 1	7322088784485553867	HDRP/Lit
weaponmodmaterials_assets_maid_3af15ea5667237901b30873239cc3fda.bundle	4933525500765497041	Maid	7322088784485553867	HDRP/Lit
weaponmodmaterials_assets_mateotrigger01_07ed4f54d11931e1c199265eda23190d.bundle	-1966965041598445251	mateoTrigger01	7322088784485553867	HDRP/Lit
weaponmodmaterials_assets_mawlc1_b9a643775323ef513ee49a512c8f04a8.bundle	1967331216861717723	MawlC1	7322088784485553867	HDRP/Lit
weaponmodmaterials_assets_mb_hx556_471d7f1d36fd21f0fd9841db76ef4731.bundle	7239914398363461830	MB_HX556	-7803075278752278772	HDRP/Autodesk Interactive/AutodeskInteractive
weaponmodmaterials_assets_mcx_barrel_11-5_672a2cf46918b23140f043046df5c8b0.bundle	3288037387071081973	mcx_barrel_11-5	-8225816520607640240	MilkShaders/UERemap
weaponmodmaterials_assets_mcx_barrel_16_41fb10dab89dee083a7b2f43561766a2.bundle	283468347311491499	mcx_barrel_16	-8225816520607640240	MilkShaders/UERemap
weaponmodmaterials_assets_mcx_barrel_5-5_65ac0075486f3ba12e7b19b6a5a69f24.bundle	2690984019274495809	mcx_barrel_5-5	7322088784485553867	HDRP/Lit
weaponmodmaterials_assets_mcx_barrel_6-75_dd4a534c2cfe22ae51c2d10db47ca90f.bundle	4632360629698440189	mcx_barrel_6-75	-8225816520607640240	MilkShaders/UERemap
weaponmodmaterials_assets_mcx_barrel_9_42b2b2dfda243341bd6d38734489838c.bundle	-3102417141599266761	mcx_barrel_9	-8225816520607640240	MilkShaders/UERemap
weaponmodmaterials_assets_mcx_barrel_gas_long_8f42998a76d7f811d3b8fe9e1522f56e.bundle	-3274003669989262498	mcx_barrel_gas_long	-8225816520607640240	MilkShaders/UERemap
weaponmodmaterials_assets_mcx_barrel_gas_rattler_4d79863f8c204d92cbb43fe615a1c556.bundle	-8110707150133045142	mcx_barrel_gas_rattler	7322088784485553867	HDRP/Lit
weaponmodmaterials_assets_mcx_barrel_gas_short_dd0cfe3f0dd94d7589554cb68a98cd92.bundle	5101874439392611425	mcx_barrel_gas_short	-8225816520607640240	MilkShaders/UERemap
weaponmodmaterials_assets_mcx_charging_handle_sch1_ac7e5bc1acfa2e7af718228660155cf8.bundle	-5219247283233331076	mcx_charging_handle_sch 1	-8225816520607640240	MilkShaders/UERemap
weaponmodmaterials_assets_mcx_charging_handle_sch_afd343a837e9f99fc002bc82069851b8.bundle	654450793876431835	mcx_charging_handle_sch	-8225816520607640240	MilkShaders/UERemap
weaponmodmaterials_assets_mcx_charging_handle_sig_cb7256b8a06764fc6366eb356d9c150a.bundle	2689195855457680513	mcx_charging_handle_sig	-8225816520607640240	MilkShaders/UERemap
weaponmodmaterials_assets_mcx_receiver1_75fd607ac0bb395f177e95bb823ab5ea.bundle	6953668374967920512	mcx_receiver 1	7322088784485553867	HDRP/Lit
weaponmodmaterials_assets_mcx_receiver_black_c58d9cde231a5fc2cefefe305cc3c933.bundle	7628444505886102879	mcx_receiver_black	-8225816520607640240	MilkShaders/UERemap
weaponmodmaterials_assets_mcx_receiver_cade1531f63e58324210bbb8c86baa3b.bundle	-764257406784990502	mcx_receiver	7322088784485553867	HDRP/Lit
weaponmodmaterials_assets_mcx_receiver_fde_3824be501699f877226fb77b146688bf.bundle	7356215320650509015	mcx_receiver_fde	-8225816520607640240	MilkShaders/UERemap
weaponmodmaterials_assets_mcx_receiver_gray_5feeee6aa6201e3cada685f653873627.bundle	-378636750196894432	mcx_receiver_gray	-8225816520607640240	MilkShaders/UERemap
weaponmodmaterials_assets_mg338_barrel_b86c637019e7f96f404dd6f7dfe46a5f.bundle	6641578405436797970	MG338_Barrel	7322088784485553867	HDRP/Lit
weaponmodmaterials_assets_mg338_body_2_2f54ecaea1c71f56aea4c1cb3a99f09a.bundle	-8873793076929221229	MG338_Body_2	7322088784485553867	HDRP/Lit
weaponmodmaterials_assets_mg338_magazine100rnd_6364dcba9ae48faae6eacd4ba5e631d4.bundle	4107545332240159371	MG338_Magazine 100rnd	7322088784485553867	HDRP/Lit
weaponmodmaterials_assets_mg338_magazine_5d796f95b18d0d41301b3c93cca54106.bundle	-2089856690850135363	MG338_Magazine	7322088784485553867	HDRP/Lit
weaponmodmaterials_assets_mg338_suppressor_9c3c311a0641edc31b6c9f5cc3f14c37.bundle	-3626545462045825964	MG338_Suppressor	7322088784485553867	HDRP/Lit
weaponmodmaterials_assets_mi_barrel_glock17gen4_775471ed81d86b93c63c5e63939503af.bundle	-7646828296997509699	MI_Barrel_Glock17Gen4	7322088784485553867	HDRP/Lit
weaponmodmaterials_assets_mi_barrel_l2dthreadedg17black_c37feb4d388ae66825a1954e7c8e5d23.bundle	-6792276819518116846	MI_Barrel_L2DThreadedG17 Black	7322088784485553867	HDRP/Lit
weaponmodmaterials_assets_mi_barrel_l2dthreadedg17bronze_9f56accb6b224ceab3a92b1c6851e503.bundle	-7053154117833747310	MI_Barrel_L2DThreadedG17 Bronze	7322088784485553867	HDRP/Lit
weaponmodmaterials_assets_mi_barrel_l2dthreadedg17chameleon_aa2ed4dda4a9602e0caf5a191c93127f.bundle	-9181379254858449473	MI_Barrel_L2DThreadedG17 Chameleon	7322088784485553867	HDRP/Lit
weaponmodmaterials_assets_mi_barrel_l2dthreadedg17steel_b1573a7f8496b2a1d2fb823b8cb5b4ea.bundle	2891841154094868667	MI_Barrel_L2DThreadedG17 Steel	7322088784485553867	HDRP/Lit
weaponmodmaterials_assets_mi_barrel_l2dthreadedg17tin_bbac252ee8c4b0a525bd5171355f3c6a.bundle	-2920075572853531789	MI_Barrel_L2DThreadedG17 Tin	7322088784485553867	HDRP/Lit
weaponmodmaterials_assets_mi_barrel_zaffariprecisiong17_cee42b255d004f999f9bb2e83f2abd08.bundle	-3799004128912537396	MI_Barrel_ZaffariPrecisionG17	7322088784485553867	HDRP/Lit
weaponmodmaterials_assets_mi_barrel_zevoptimizedmatch_4844ba55890069729dcc13479008ac01.bundle	-6052050057312492771	MI_Barrel_ZevOptimizedMatch	7322088784485553867	HDRP/Lit
weaponmodmaterials_assets_mi_beltfed_fn_m240l_stock_e955ee968b04137d83955c51f7a0f646.bundle	-1720089041011506122	MI_BeltFed_FN_M240L_Stock	-3661740934848837633	MilkShaders/Lit-Template
weaponmodmaterials_assets_mi_body1_197edbb350096b93f0165a415cd9842d.bundle	-7468549352318124923	MI_Body	7322088784485553867	HDRP/Lit
weaponmodmaterials_assets_mi_body_206e633ad84b0dd1adde3dbc31d74989.bundle	-8174413662319190558	MI_Body	7322088784485553867	HDRP/Lit
weaponmodmaterials_assets_mi_bodyblk_8bcac9dc635691ea94a3d478653a7cd9.bundle	-7860619992893219911	MI_Body BLK	7322088784485553867	HDRP/Lit
weaponmodmaterials_assets_mi_bodyodgrn_85b54809fa82b5d88d4bde6e4a60ef65.bundle	-3109557992441005471	MI_Body OD GRN	7322088784485553867	HDRP/Lit
weaponmodmaterials_assets_mi_feer_27092efc60356b563cdc652e12ee6ef2.bundle	1428008377249228023	MI_Feer	7322088784485553867	HDRP/Lit
weaponmodmaterials_assets_mi_feerblk_939528d72007da5ea75dc6bc7ef2949a.bundle	6770984570256073028	MI_Feer BLK	7322088784485553867	HDRP/Lit
weaponmodmaterials_assets_mi_frame_glock17gen41_37b3148218600e12c5a55dfb07130d21.bundle	-5488175116569578839	MI_Frame_Glock17Gen4 1	7322088784485553867	HDRP/Lit
weaponmodmaterials_assets_mi_frame_glock17gen4_aa6f3efd0da898107d4dfb3c7b6de2ea.bundle	3544414507936082728	MI_Frame_Glock17Gen4	7322088784485553867	HDRP/Lit
weaponmodmaterials_assets_mi_frame_glock17gen5_6660e5d57edffde99a9c405953a3df0e.bundle	-4152567519121669196	MI_Frame_Glock17Gen5	7322088784485553867	HDRP/Lit
weaponmodmaterials_assets_mi_gl_m79_devgru_barrel_ee52a04b62820e65fab037bdb9c16e54.bundle	2071723844256042741	MI_GL_M79_DEVGRU_Barrel	7322088784485553867	HDRP/Lit
weaponmodmaterials_assets_mi_gl_m79_devgru_barrelclassic_fb3a8995ae2034bb5828de78ca37ff89.bundle	-1443711477108405166	MI_GL_M79_DEVGRU_Barrel Classic	7322088784485553867	HDRP/Lit
weaponmodmaterials_assets_mi_gl_m79_devgru_body_1ae1459d13ffb84b36b9c3f5631a8920.bundle	4943902381178177087	MI_GL_M79_DEVGRU_Body	7322088784485553867	HDRP/Lit
weaponmodmaterials_assets_mi_gl_m79_devgru_bodyclassic_de81925d8db4e75f89a485f7f6b058d3.bundle	-5800389954431120837	MI_GL_M79_DEVGRU_Body Classic	7322088784485553867	HDRP/Lit
weaponmodmaterials_assets_mi_grip_5246a42608abdd9cbba63fb711250240.bundle	7546427026567848434	MI_Grip	7322088784485553867	HDRP/Lit
weaponmodmaterials_assets_mi_gripblk_0cf7a75ee2a7a17a11c93ab334b1bf39.bundle	-7615232054090319449	MI_Grip Blk	7322088784485553867	HDRP/Lit
weaponmodmaterials_assets_mi_gripodgrn_61097002b9dfcc36fad043ff84d8c1e1.bundle	-1255929568289743938	MI_Grip OD GRN	7322088784485553867	HDRP/Lit
weaponmodmaterials_assets_mi_handguard_c1877c6521547cc115bfc76fbd1d5327.bundle	5929118560209512543	MI_Handguard	7322088784485553867	HDRP/Lit
weaponmodmaterials_assets_mi_handguardblk_b83870a262d2047fa7b85f97722d89f1.bundle	7132013093985762277	MI_Handguard Blk	7322088784485553867	HDRP/Lit
weaponmodmaterials_assets_mi_handguardodgrn_f442f0980692ccef46e1d95f354cea9e.bundle	-5983415846259830343	MI_Handguard od grn	7322088784485553867	HDRP/Lit
weaponmodmaterials_assets_mi_kac_556prt_black_f8112405941209762b093f37456c66f0.bundle	6160863527428145017	MI_KAC_556PRT_Black	-3661740934848837633	MilkShaders/Lit-Template
weaponmodmaterials_assets_mi_kac_556prt_fde_ccf44ec38db9d61a13e80cfdff9c8511.bundle	-6265589312749357809	MI_KAC_556PRT_FDE	-3661740934848837633	MilkShaders/Lit-Template
weaponmodmaterials_assets_mi_kac_556prt_mcq_blk_e7c40177893bedfa1644badd44ba9790.bundle	2554498982468657664	MI_KAC_556PRT_MCQ_BLK	-3661740934848837633	MilkShaders/Lit-Template
weaponmodmaterials_assets_mi_kac_556prt_mcq_fde_a862eef4f9c221f398c7ab4b8a81c214.bundle	3130992103893444564	MI_KAC_556PRT_MCQ_FDE	-3661740934848837633	MilkShaders/Lit-Template
weaponmodmaterials_assets_mi_ks1_muzzle_12ca67f0459aae7877fc2ed9ac86a258.bundle	-3017714995127884274	MI_KS1_Muzzle	-3661740934848837633	MilkShaders/Lit-Template
weaponmodmaterials_assets_mi_lpvo_vortexeleanor_fde1_829b22491a1f4c38776ee74dc886ec24.bundle	-2700737709438608318	MI_LPVO_VortexEleanor_FDE 1	7322088784485553867	HDRP/Lit
weaponmodmaterials_assets_mi_lpvo_vortexeleanor_fde_9c395a2a028e46e734246ed6fa33217c.bundle	-5092821400336013850	MI_LPVO_VortexEleanor_FDE	7322088784485553867	HDRP/Lit
weaponmodmaterials_assets_mi_m45a11_a6acbcb8bc73f77b9a5c800ead928ae9.bundle	5366398905647359001	MI_M45A1 fde	7322088784485553867	HDRP/Lit
weaponmodmaterials_assets_mi_m45a1_mag1_71854b7c73808bae449ce4bc5d41c325.bundle	3566157501817343910	MI_M45A1_Mag	7322088784485553867	HDRP/Lit
weaponmodmaterials_assets_mi_m45a1_mag_2563c7a541fb9d082ffe013789d3a58f.bundle	-579438988799956638	MI_M45A1_MAG.001	7322088784485553867	HDRP/Lit
weaponmodmaterials_assets_mi_m45a1blk_c5408a41b9449bd0988956c103426673.bundle	5937985369260494098	MI_M45A1 blk	7322088784485553867	HDRP/Lit
weaponmodmaterials_assets_mi_m45a1coyotetan_2949afa664dc02f56721ba1933e85b32.bundle	-373195887755648430	MI_M45A1 coyote tan	7322088784485553867	HDRP/Lit
weaponmodmaterials_assets_mi_m45a1odgrn_5b772946cae8bde30fe1d5a81c1e88d0.bundle	3459085829836587266	MI_M45A1 od grn	7322088784485553867	HDRP/Lit
weaponmodmaterials_assets_mi_mag_20rac1_0ea77a903b4a8c9becb817ee3c05dc50.bundle	6413996431576223408	MI_Mag_20R AC 1	7322088784485553867	HDRP/Lit
weaponmodmaterials_assets_mi_mag_20rac_8a2bf5858eee64850c3b0808c3ca7aa7.bundle	-31704387596324922	MI_Mag_20R AC	7322088784485553867	HDRP/Lit
weaponmodmaterials_assets_mi_magwellandextension_a1926d365524bce32d2cec3c4893fd79.bundle	-5328680126001583035	MI_MagWellandExtension	7322088784485553867	HDRP/Lit
weaponmodmaterials_assets_mi_omm_fde_777f510c92a7d890a3f03a7dc42e957d.bundle	5132189125224233409	MI_OMM_FDE	-3661740934848837633	MilkShaders/Lit-Template
weaponmodmaterials_assets_mi_pistol_tti_viper_body_pit_55e3073ed3affcdd82b1647847afa7bf.bundle	9157138225018164862	MI_Pistol_TTI_Viper_Body_Pit	-3661740934848837633	MilkShaders/Lit-Template
weaponmodmaterials_assets_mi_pistol_tti_viper_body_sand_eb4e86624f66bee71c42bb88ed875cab.bundle	290817055844532322	MI_Pistol_TTI_Viper_Body_Sand	-3661740934848837633	MilkShaders/Lit-Template
weaponmodmaterials_assets_mi_pistol_tti_viper_mag_pit_313974ee786fd6e7f7f7e258e7ff495f.bundle	-2712048603235128694	MI_Pistol_TTI_Viper_Mag_Pit	-3661740934848837633	MilkShaders/Lit-Template
weaponmodmaterials_assets_mi_pistol_tti_viper_mag_sand_30c38f821471c4b7f103174ed29fbd86.bundle	1194992764249922022	MI_Pistol_TTI_Viper_Mag_Sand	-3661740934848837633	MilkShaders/Lit-Template
weaponmodmaterials_assets_mi_pistol_tti_viper_slide_pit_b2eb1c5de7ff28ff3942cba11731ecac.bundle	6602325700372467946	MI_Pistol_TTI_Viper_Slide_Pit	-3661740934848837633	MilkShaders/Lit-Template
weaponmodmaterials_assets_mi_pistol_tti_viper_slide_sand_fe69cd0c296325864252a7c33a5c733d.bundle	-8467715683552014842	MI_Pistol_TTI_Viper_Slide_Sand	-3661740934848837633	MilkShaders/Lit-Template
weaponmodmaterials_assets_mi_pvs30_80fbf287edc4f525d030339120de1956.bundle	8518823062241742902	MI_PVS30	7322088784485553867	HDRP/Lit
weaponmodmaterials_assets_mi_slide_glock17gen41_1a0edb52990e8022d89a2e99b8e273cc.bundle	8947517701946921462	MI_Slide_Glock17Gen4 1	7322088784485553867	HDRP/Lit
weaponmodmaterials_assets_mi_slide_glock17gen4_49b05fd3551b434d778ef92639b65509.bundle	-5332322411030570553	MI_Slide_Glock17Gen4	7322088784485553867	HDRP/Lit
weaponmodmaterials_assets_mi_slide_l2dcombatcatalystg17blk_6eba84fbbb31c9c73d9c0bb60935f9dc.bundle	-6904570592760970499	MI_Slide_L2DCombatCatalystG17 BLK	7322088784485553867	HDRP/Lit
weaponmodmaterials_assets_mi_slide_l2dcombatcatalystg17bronze_24c5c69333f66778d1b6bd07ce879011.bundle	-5704711578123363240	MI_Slide_L2DCombatCatalystG17 Bronze	7322088784485553867	HDRP/Lit
weaponmodmaterials_assets_mi_slide_l2dcombatcatalystg17chameleon_48dac1f37f8c3ab691312bc38b9914f0.bundle	-514005221443611811	MI_Slide_L2DCombatCatalystG17 Chameleon	7322088784485553867	HDRP/Lit
weaponmodmaterials_assets_mi_slide_l2dcombatcatalystg17stainless_b405e61435552a60762977a18ae5d8ca.bundle	-4525053126517863065	MI_Slide_L2DCombatCatalystG17 Stainless	7322088784485553867	HDRP/Lit
weaponmodmaterials_assets_mi_slide_l2dcombatcatalystg17tin_2ec265d236f35efc21a3167c512b2a66.bundle	4646993433861547612	MI_Slide_L2DCombatCatalystG17 Tin	7322088784485553867	HDRP/Lit
weaponmodmaterials_assets_mi_slide_strikeindustriesarkg17_7148c32f0bb7230eec2111cc218868ea.bundle	-2815159254579180935	MI_Slide_StrikeIndustriesARKG17	7322088784485553867	HDRP/Lit
weaponmodmaterials_assets_mi_slide_zaffariprecisionzps4g17bronze_bd979169d864e2645df6a60cc34733d1.bundle	-834412010076914637	MI_Slide_ZaffariPrecisionZPS4G17 Bronze	7322088784485553867	HDRP/Lit
weaponmodmaterials_assets_mi_slide_zaffariprecisionzps4g17chameleon_2a7f0bbd2d5891ed02d94fea4f245313.bundle	-2989055610792421605	MI_Slide_ZaffariPrecisionZPS4G17 Chameleon	7322088784485553867	HDRP/Lit
weaponmodmaterials_assets_mi_slide_zaffariprecisionzps4g17stainlesssteel_b982d9756e9cd735d50cd897d663e921.bundle	-1206389062434384713	MI_Slide_ZaffariPrecisionZPS4G17 Stainless Steel	7322088784485553867	HDRP/Lit
weaponmodmaterials_assets_mi_slide_zaffariprecisionzps4g17tin_112a4146479bd494ec8ba4c734d5a68a.bundle	-1472265297136771842	MI_Slide_ZaffariPrecisionZPS4G17 Tin	7322088784485553867	HDRP/Lit
weaponmodmaterials_assets_mi_soundguard_sg556_b051f29c0c0ce372ba8987e3d91bbdda.bundle	1212094943695381308	MI_SoundGuard_SG556	-3661740934848837633	MilkShaders/Lit-Template
weaponmodmaterials_assets_mi_suppressor_ruggedobsedian9_cb9b9126c4ce278d76c33aa2c99dc171.bundle	-8369446997173303533	MI_Suppressor_RuggedObsedian9	7322088784485553867	HDRP/Lit
weaponmodmaterials_assets_mi_supressor_stsc_mfmd_308_blk1_2e7ff2ad424fe0baa6d346032b0f7ae4.bundle	7324340117233886181	MI_Supressor_STSC_MFMD_308_BLK 1	7322088784485553867	HDRP/Lit
weaponmodmaterials_assets_mi_supressor_stsc_mfmd_308_blk_aa8c4c848be3552cbc7215f3757f0c5c.bundle	-8042796692394731004	MI_Supressor_STSC_MFMD_308_BLK	7322088784485553867	HDRP/Lit
weaponmodmaterials_assets_mi_supressor_stsc_mfmd_338_blk1_249308f693ee76b29dfd569f8d151a1a.bundle	-5314460126510410504	MI_Supressor_STSC_MFMD_338_BLK 1	7322088784485553867	HDRP/Lit
weaponmodmaterials_assets_mi_supressor_stsc_mfmd_338_blk_d61d226e36b92d4c53a361e8fc8229f5.bundle	-6483672287068873592	MI_Supressor_STSC_MFMD_338_BLK	7322088784485553867	HDRP/Lit
weaponmodmaterials_assets_mi_supressor_stsc_mfmd_556_blk1_7fdc87a9944320eb81eca9ab19fb6227.bundle	3573373801085342818	MI_Supressor_STSC_MFMD_556_BLK 1	7322088784485553867	HDRP/Lit
weaponmodmaterials_assets_mi_supressor_stsc_mfmd_556_blk_683982d52b3106eb51d3164079d3051a.bundle	3144069989043663504	MI_Supressor_STSC_MFMD_556_BLK	7322088784485553867	HDRP/Lit
weaponmodmaterials_assets_mi_supressor_stsc_mfmd_556_sd_blk1_ea9a733e0ddec64ceb6f689efd43019b.bundle	7421729013127507061	MI_Supressor_STSC_MFMD_556_SD_BLK 1	7322088784485553867	HDRP/Lit
weaponmodmaterials_assets_mi_supressor_stsc_mfmd_556_sd_blk_64f90ed7611ce1116566186c62091fe8.bundle	-7902305266276116697	MI_Supressor_STSC_MFMD_556_SD_BLK	7322088784485553867	HDRP/Lit
weaponmodmaterials_assets_mi_supressor_stsc_mfmd_556_sdx_blk1_445d11ffc5ea81a8b3727966a5554a80.bundle	-7292624585961458373	MI_Supressor_STSC_MFMD_556_SDX_BLK 1	7322088784485553867	HDRP/Lit
weaponmodmaterials_assets_mi_supressor_stsc_mfmd_556_sdx_blk_a9799cd4d2a9ff7d5c1e1027199b7705.bundle	-6466423471691429932	MI_Supressor_STSC_MFMD_556_SDX_BLK	7322088784485553867	HDRP/Lit
weaponmodmaterials_assets_mi_trigger_custom_hard_563e87349aea6ef626a7d7e479d855b0.bundle	4356768982422689775	MI_Trigger_Custom_Hard	7322088784485553867	HDRP/Lit
weaponmodmaterials_assets_mi_trigger_custom_soft_a79d33283a83724d7ab16a733a0308d1.bundle	-4300436163927866878	MI_Trigger_Custom_Soft	7322088784485553867	HDRP/Lit
weaponmodmaterials_assets_mi_trigger_glock17gen4_079a397bcad9ec7b5e42349a234c3b57.bundle	-7545249058414364646	MI_Trigger_Glock17Gen4	7322088784485553867	HDRP/Lit
weaponmodmaterials_assets_micro_mount_offset_838927d5c20ac95bdd89f9a874894428.bundle	3375840841216775762	micro_mount_offset	-8225816520607640240	MilkShaders/UERemap
weaponmodmaterials_assets_micro_mount_short_3c8833f43b18c5d241bae3f5bc3aaa72.bundle	-2546837465712616282	micro_mount_short	-8225816520607640240	MilkShaders/UERemap
weaponmodmaterials_assets_micro_mount_unity_black_240d565f37a1cddab8eb748d09bcac0b.bundle	5850741197158484711	micro_mount_unity_Black	-8225816520607640240	MilkShaders/UERemap
weaponmodmaterials_assets_micro_mount_unity_fde_c1d34f1758dc29cd7f42308e9a00e65b.bundle	-679387555681571868	micro_mount_unity_fde	-8225816520607640240	MilkShaders/UERemap
weaponmodmaterials_assets_micro_t21_a048e1b29711b1dccc6bb457737e562b.bundle	-4898258555856520211	micro_t2 1	-3661740934848837633	MilkShaders/Lit-Template
weaponmodmaterials_assets_micro_t2_e50484e0d98dd4c68c6508c4f24f7f48.bundle	-2072114611981541099	micro_t2	-3661740934848837633	MilkShaders/Lit-Template
weaponmodmaterials_assets_micro_t2tall_5eebda6bf327bbd7a2148aef4a29c101.bundle	-9102663289341291505	micro_t2 tall	-8225816520607640240	MilkShaders/UERemap
weaponmodmaterials_assets_mk17blk_0f1e7bda1000e3bf34db399b12bf5ef7.bundle	5794239394143786801	mk17 BLK	7322088784485553867	HDRP/Lit
weaponmodmaterials_assets_mk17fde_82a1726c37a9878a81d7e16cca61144b.bundle	-6944774290835092626	mk17 FDE	-3661740934848837633	MilkShaders/Lit-Template
weaponmodmaterials_assets_mk46_mod_2_200_magazine_2cc6ae65fe796bd090a78d366c993b0a.bundle	-4909030020251370139	MK46_MOD_2_200_Magazine	7322088784485553867	HDRP/Lit
weaponmodmaterials_assets_mk46_mod_2_magazine_31f26f8e940535a07c96eb0db961c1d0.bundle	-3666948486082535650	MK46_MOD_2_Magazine	7322088784485553867	HDRP/Lit
weaponmodmaterials_assets_mk46_mod_2_pistol_grip1_2bd5c00cbd41eb53a9b2701279ad0f2f.bundle	6679628991425463849	MK46_MOD_2_Pistol_Grip 1	-3661740934848837633	MilkShaders/Lit-Template
weaponmodmaterials_assets_mk46_mod_2_pistol_grip_e03e086354962f93d6fdad0e309a4b36.bundle	6274611974684082249	MK46_MOD_2_Pistol_Grip	7322088784485553867	HDRP/Lit
weaponmodmaterials_assets_mk46_mod_2_rear_sight_f00d5b6ba2c27b6a2676fa844e9b4426.bundle	-5626518232019324317	MK46_MOD_2_Rear_Sight	7322088784485553867	HDRP/Lit
weaponmodmaterials_assets_mk46_mod_2_receiver_11_3cb2942cae464eb263d5dacbb9527343.bundle	-8002153633270142081	MK46_MOD_2_Receiver_1 1	-3661740934848837633	MilkShaders/Lit-Template
weaponmodmaterials_assets_mk46_mod_2_receiver_1_230eb9b073bf1c95a9dfb811b228c73a.bundle	-5579604933168775907	MK46_MOD_2_Receiver_1	7322088784485553867	HDRP/Lit
weaponmodmaterials_assets_mk46_mod_2_receiver_21_d181db57bf6fbbf3736f5877c6824f2f.bundle	-1880181368264982699	MK46_MOD_2_Receiver_2 1	-3661740934848837633	MilkShaders/Lit-Template
weaponmodmaterials_assets_mk46_mod_2_receiver_2_f2a0b94d99d5dfc968abf7123a69031e.bundle	5925581437343620087	MK46_MOD_2_Receiver_2	7322088784485553867	HDRP/Lit
weaponmodmaterials_assets_mk46_mod_2_receiver_cover1_e8fc558dc57c35c0f01e2fc509c9e15d.bundle	708449807252464031	MK46_MOD_2_Receiver_Cover 1	-3661740934848837633	MilkShaders/Lit-Template
weaponmodmaterials_assets_mk46_mod_2_receiver_cover_3d982a03300d8d6433ca93e0d5a78213.bundle	-171810214435471891	MK46_MOD_2_Receiver_Cover	7322088784485553867	HDRP/Lit
weaponmodmaterials_assets_mk46_mod_2_stock_1_e02346e0a523acf05aaa6399493cf94f.bundle	-3443608431176273887	MK46_MOD_2_Stock_1	7322088784485553867	HDRP/Lit
weaponmodmaterials_assets_mk46_mod_2_stock_2_4359000b460909f7175081150c05e8fb.bundle	1179877373911812705	MK46_MOD_2_Stock_2	7322088784485553867	HDRP/Lit
weaponmodmaterials_assets_mlok_rail11_6305d7f7bc0ffdfa37b371cc70eca8d7.bundle	-99425922954654014	MLOK_Rail11	7322088784485553867	HDRP/Lit
weaponmodmaterials_assets_mlok_rail3_3bf06b5b80aa24b717f3daf60d96c589.bundle	2168284921173297828	MLOK_Rail3	7322088784485553867	HDRP/Lit
weaponmodmaterials_assets_mlok_rail5_3d651b7fc871f95eff77b35808a29491.bundle	3017816685774650708	MLOK_Rail5	7322088784485553867	HDRP/Lit
weaponmodmaterials_assets_mlok_rail7_686b04c398b6dbda66acbe2c3ed54618.bundle	2899547454810079666	MLOK_Rail7	7322088784485553867	HDRP/Lit
weaponmodmaterials_assets_mlok_rail9_d24c2071cc438da7b1cfe9dbf88df266.bundle	7698463965744117541	MLOK_Rail9	7322088784485553867	HDRP/Lit
weaponmodmaterials_assets_mlok_railcantilever_cf04ff6afb7c372bf543a64467fc7ae2.bundle	2906299375669984259	MLOK_RailCantilever	7322088784485553867	HDRP/Lit
weaponmodmaterials_assets_mod311_eae644121950b61d7de46c5a58c06223.bundle	3082788366447570165	Mod3 1	7322088784485553867	HDRP/Lit
weaponmodmaterials_assets_mod31_eb0fc8b3d15bc1a3c849b07032f29aab.bundle	-6769768774199260446	Mod3 1	7322088784485553867	HDRP/Lit
weaponmodmaterials_assets_mod3_661c2cd99acc026a1f284135fb0e9dc9.bundle	-2726045136624172068	Mod3	7322088784485553867	HDRP/Lit
weaponmodmaterials_assets_mod3_mlok1_d4846b0555ea31701e5ef8d7f479628c.bundle	5043376612853700496	Mod3_MLOK 1	7322088784485553867	HDRP/Lit
weaponmodmaterials_assets_mod3_mlok_1ce43336a8f75e0f8459858a5ff2fa68.bundle	-6085279817757748049	Mod3_MLOK	7322088784485553867	HDRP/Lit
weaponmodmaterials_assets_modplaceholdermaterial_26ab66620194ad9caab63da2f7a35e00.bundle	-5343436609273763532	mod placeholder material	7322088784485553867	HDRP/Lit
weaponmodmaterials_assets_moe_ak_handguard_18c86587966112ffadfb7bb61f7307e3.bundle	-7794470356586597874	MOE_AK_Handguard	-3661740934848837633	MilkShaders/Lit-Template
weaponmodmaterials_assets_moe_ak_handguardfde_50ac0c444c1bafaf7d7fde51f65f2b65.bundle	7218668827460463983	MOE_AK_Handguard FDE	-3661740934848837633	MilkShaders/Lit-Template
weaponmodmaterials_assets_moe_ak_handguardodg_f766148e94d3e140ca545f25b5fcd37f.bundle	-9089600684132285943	MOE_AK_Handguard ODG	-3661740934848837633	MilkShaders/Lit-Template
weaponmodmaterials_assets_mossberg_590_forearm_11_a9ff4fb59d145dd71529fd93ed977128.bundle	-3256230955155123939	Mossberg_590_Forearm_1 1	-8225816520607640240	MilkShaders/UERemap
weaponmodmaterials_assets_mossberg_590_forearm_1_4d6f73e64a0f72317d14e1c1621e204b.bundle	9197083204130821862	Mossberg_590_Forearm_1	-8225816520607640240	MilkShaders/UERemap
weaponmodmaterials_assets_mossberg_590_forearm_21_edc38a8a36200c499a536bd138cac129.bundle	-6364492924464617154	Mossberg_590_Forearm_2 1	-8225816520607640240	MilkShaders/UERemap
weaponmodmaterials_assets_mossberg_590_forearm_2_29e6fc666a7c79ce9749bd977d7ff39d.bundle	-4635546501122155101	Mossberg_590_Forearm_2	-8225816520607640240	MilkShaders/UERemap
weaponmodmaterials_assets_mossberg_590_rear_sight1_c61d9c83b87dcabf7fe12f878326f542.bundle	-5831051056189789354	Mossberg_590_Rear_Sight 1	-8225816520607640240	MilkShaders/UERemap
weaponmodmaterials_assets_mossberg_590_rear_sight_c632bf81fe00f663af8d8869742a0d78.bundle	-7950426272873013103	Mossberg_590_Rear_Sight	-8225816520607640240	MilkShaders/UERemap
weaponmodmaterials_assets_mossberg_590_stock_11_a5fa057cb0655b501ba08c65c2d21144.bundle	1893284551719421630	Mossberg_590_Stock_1 1	-8225816520607640240	MilkShaders/UERemap
weaponmodmaterials_assets_mossberg_590_stock_1_773f572f3249e7e42314041fb0bd7816.bundle	120716614021003697	Mossberg_590_Stock_1	-8225816520607640240	MilkShaders/UERemap
weaponmodmaterials_assets_mossberg_590_stock_21_cd863da019559c48d70ccd0b7a7aea8e.bundle	-6668894399651371509	Mossberg_590_Stock_2 1	-8225816520607640240	MilkShaders/UERemap
weaponmodmaterials_assets_mossberg_590_stock_2_d6d85a9641c006dbffbb0c90cdf880a9.bundle	6067531607511436132	Mossberg_590_Stock_2	-8225816520607640240	MilkShaders/UERemap
weaponmodmaterials_assets_mount_eotechprs2-30mm_3d9803dd4dda360b6a02818860d9a5e8.bundle	-3478974123760929402	Mount_EOTechPRS2-30mm	7322088784485553867	HDRP/Lit
weaponmodmaterials_assets_mount_knightsarmament-30mm_b929a847bc7860dbfd9ef1e8ed210cac.bundle	-7492297609329241256	Mount_KnightsArmament-30mm	7322088784485553867	HDRP/Lit
weaponmodmaterials_assets_mp5_charge1_76b873c2c4ace33ef38dbde26c364ea3.bundle	-5452190891839817262	MP5_Charge	7322088784485553867	HDRP/Lit
weaponmodmaterials_assets_mp5_charge_23684d3bde04d5e0bde92a27bb677513.bundle	-34501356300274913	MP5_Charge	7322088784485553867	HDRP/Lit
weaponmodmaterials_assets_mp5_f5ba887f77b5df3a752d295b1f118525.bundle	56971242553894702	mp5	7322088784485553867	HDRP/Lit
weaponmodmaterials_assets_mp5_handguard_sd1_891da3425d9bad5d8ed0329fe43551fa.bundle	-3315804317105970673	MP5_Handguard_SD	7322088784485553867	HDRP/Lit
weaponmodmaterials_assets_mp5_handguard_sd_fa84c321c63e9816e04fa8f91f107038.bundle	3348616827710590519	MP5_Handguard_SD	7322088784485553867	HDRP/Lit
weaponmodmaterials_assets_mp5_handguard_std1_e4c622ee4149f6eca1333a70690d907f.bundle	5712713948827377059	MP5_Handguard_std	7322088784485553867	HDRP/Lit
weaponmodmaterials_assets_mp5_handguard_std_65391bf568a09bc8273b1e4237ad123d.bundle	7998106105792914553	MP5_Handguard_std	7322088784485553867	HDRP/Lit
weaponmodmaterials_assets_mp5_lower1_91fb3b7f03e1ba378f3072ddc926cec4.bundle	-984754102085459705	MP5_Lower	7322088784485553867	HDRP/Lit
weaponmodmaterials_assets_mp5_lower_4385df1630f09aa7adce30aed85a31ec.bundle	581674025530129027	MP5_Lower	7322088784485553867	HDRP/Lit
weaponmodmaterials_assets_mp5_magazine1_bd1becc13b55869ac85f6ee08397f65f.bundle	1491338854544784780	MP5_Magazine	7322088784485553867	HDRP/Lit
weaponmodmaterials_assets_mp5_magazine_145a7354c63e95614bfe9864e04e3618.bundle	-6965504060496599103	MP5_Magazine	7322088784485553867	HDRP/Lit
weaponmodmaterials_assets_mp5_mount1_3639bdd4ed66cc055819fee77d9167e0.bundle	-4718386054796558645	MP5_Mount	-8225816520607640240	MilkShaders/UERemap
weaponmodmaterials_assets_mp5_mount_639edc306aa1e56affef75e3dc38e4a4.bundle	7677176105454145769	MP5_Mount	7322088784485553867	HDRP/Lit
weaponmodmaterials_assets_mp5_muzzle_ea9c2333596d53b15fc982aa0ac0cc61.bundle	-1369693667517753137	MP5_Muzzle	7322088784485553867	HDRP/Lit
weaponmodmaterials_assets_mp5_rearsight1_0639a7ab765cb953548746115da615d0.bundle	-2047861159352367822	MP5_RearSight	7322088784485553867	HDRP/Lit
weaponmodmaterials_assets_mp5_rearsight_0d101105e9595a14da55636a73749846.bundle	-2395517763636088554	MP5_RearSight	7322088784485553867	HDRP/Lit
weaponmodmaterials_assets_mp5_receiver_sd1_5ad2de22631027abe52d9e980b43ec3e.bundle	-6516596382288190049	MP5_Receiver_SD	7322088784485553867	HDRP/Lit
weaponmodmaterials_assets_mp5_receiver_sd_842aad1d1b501cbdc27d1a33de67aa0f.bundle	-6553617092817809035	MP5_Receiver_SD	7322088784485553867	HDRP/Lit
weaponmodmaterials_assets_mp5_receiver_std1_35ddf2006cb32085dbc111462031ec3a.bundle	-3935966991954262438	MP5_Receiver_STD	7322088784485553867	HDRP/Lit
weaponmodmaterials_assets_mp5_receiver_std_0a031b8c3d08c7cf9c4f167ddb2554ff.bundle	6380104310379742066	MP5_Receiver_STD	7322088784485553867	HDRP/Lit
weaponmodmaterials_assets_mp5_stock_a31_0b94b78263f9f50f5fa1251d3e84d750.bundle	8173862843981422723	MP5_Stock_A3	7322088784485553867	HDRP/Lit
weaponmodmaterials_assets_mp5_stock_a3_5bad3bf9890955565766c774deddca73.bundle	-5827398555774848687	MP5_Stock_A3	7322088784485553867	HDRP/Lit
weaponmodmaterials_assets_mp5sd_ringmount_68a6ebed940afd33655c0bb111e199a8.bundle	8945509763665608145	MP5SD_RingMount	7322088784485553867	HDRP/Lit
weaponmodmaterials_assets_mp5sd_silencer1_543f9a2ebf8d000bf8048484b11c03ac.bundle	1269453405815185012	MP5SD_Silencer 1	7322088784485553867	HDRP/Lit
weaponmodmaterials_assets_mp5sd_silencer2_22ef517b332ce6cf3d4cc96f587da02e.bundle	3073902293288998722	MP5SD_Silencer	7322088784485553867	HDRP/Lit
weaponmodmaterials_assets_mp5sd_silencer_183eddf6a7e4b67fa445f9ff3e68ba89.bundle	-3977214150096332895	MP5SD_Silencer	7322088784485553867	HDRP/Lit
weaponmodmaterials_assets_mp740_371979616b1b27f9f945233a4a76bbf0.bundle	-5584140930018082499	mp7 40	7322088784485553867	HDRP/Lit
weaponmodmaterials_assets_mp7a1_86cbf73e45a80c2bf6e8f61d344d9915.bundle	-8369807633213461634	MP7A1	7322088784485553867	HDRP/Lit
weaponmodmaterials_assets_mp7a21_f8d4a89c6d494dc26b0d65e641cb068c.bundle	-1587290526279972420	MP7A2 1	7322088784485553867	HDRP/Lit
weaponmodmaterials_assets_mp7a2_60f58c43f6a815b7b2e9ee187beadead.bundle	-6650639502876455278	MP7A2	7322088784485553867	HDRP/Lit
weaponmodmaterials_assets_mp7irons_7b928d6d6a8bb0c419a11f6a7e0b00f9.bundle	-5018269886544952836	mp7 irons	7322088784485553867	HDRP/Lit
weaponmodmaterials_assets_mp7suppressor_c339606112da04f155440a1ef9b0d4d8.bundle	147067054551306010	mp7 suppressor	7322088784485553867	HDRP/Lit
weaponmodmaterials_assets_mp92_9e0ef38dbfcb794c3c3d79f44f96e442.bundle	4386780123996053674	MP9 2	-8225816520607640240	MilkShaders/UERemap
weaponmodmaterials_assets_mp9_ee72328293b3fb411a43e8d18e09adce.bundle	-5102578297423296171	mp9	7322088784485553867	HDRP/Lit
weaponmodmaterials_assets_mp9_magazine30_e5eca1bb6af0249a51c99a7f60758b93.bundle	101277188868741031	MP9_magazine30	7322088784485553867	HDRP/Lit
weaponmodmaterials_assets_mp9_silencer_e07c2d5515ec7a4ac82b64ccb069bebc.bundle	7850421422852764991	MP9_silencer	7322088784485553867	HDRP/Lit
weaponmodmaterials_assets_mp9_silencerfde_7aa885ddaaab9df7f7712a12cfaefdc9.bundle	-6973524454000083850	MP9_silencer fde	7322088784485553867	HDRP/Lit
weaponmodmaterials_assets_mp9fde_a6973a2a0924204f79a3a6da3523624a.bundle	1063398498367298962	mp9 fde	7322088784485553867	HDRP/Lit
weaponmodmaterials_assets_mp9od_89ede1336a6e3315b7dca2fcdc3682db.bundle	-3817819882623626981	mp9 od	7322088784485553867	HDRP/Lit
weaponmodmaterials_assets_mrds_offset_mount_2b27da0cbaec4472d895afb514e406d3.bundle	6629524686037591537	mrds_offset_mount	7322088784485553867	HDRP/Lit
weaponmodmaterials_assets_mro1_50ee02e3b5a663df902954fec811856a.bundle	-8075832295578397095	mro 1	-3661740934848837633	MilkShaders/Lit-Template
weaponmodmaterials_assets_mro2_004805ea9d403702006f6ceb3bb2079f.bundle	5693832576649447766	mro 2	-3661740934848837633	MilkShaders/Lit-Template
weaponmodmaterials_assets_mro_2cd9dce957947f6a4954679a3b5442bb.bundle	5216350290526628184	mro	-3661740934848837633	MilkShaders/Lit-Template
weaponmodmaterials_assets_mro_mounts_157dfcf202e7f0730de79a2363279ee7.bundle	4390820954503827884	mro_mounts	-8225816520607640240	MilkShaders/UERemap
weaponmodmaterials_assets_mro_tall_81747f086c4c2aff7913e1e3e9a4584f.bundle	-993386963555907953	MRO_Tall	7322088784485553867	HDRP/Lit
weaponmodmaterials_assets_mrs_977cf63fe4aa1b942c7deef91e8b3f06.bundle	7910944185637345454	mrs	7322088784485553867	HDRP/Lit
weaponmodmaterials_assets_mrs_reticle2_3d26f2093989510af349d3f317fa5d4b.bundle	7944863567156418301	mrs_reticle 2	1068173205918574943	Ultimate Scope Shaders/HolographicSight
weaponmodmaterials_assets_mrs_reticle_f8969a57d170173d0955272c503d65fc.bundle	1885910799036071608	mrs_reticle	1068173205918574943	Ultimate Scope Shaders/HolographicSight
weaponmodmaterials_assets_muzzle_74std_4fbfc050419e03c2aacdfb18149d24e4.bundle	-5836045975135264786	Muzzle_74Std	-3661740934848837633	MilkShaders/Lit-Template
weaponmodmaterials_assets_muzzleflash1_d8b22082e247dc96bf10d41d6fdf2439.bundle	-1746848817279081887	MuzzleFlash1	4796238051410740357	KriptoFX/FPS_Pack/Particles
weaponmodmaterials_assets_muzzleflash2_2acdc4b647125977a8e69b7547115d26.bundle	6313428539003447335	MuzzleFlash2	4796238051410740357	KriptoFX/FPS_Pack/Particles
weaponmodmaterials_assets_muzzleflash4_2618df77c5073693d1d940f242aa5996.bundle	-4386684145337094484	MuzzleFlash4	4796238051410740357	KriptoFX/FPS_Pack/Particles
weaponmodmaterials_assets_muzzleflash5_e6c70455601c501334283fbe2305d137.bundle	-8803941819431228209	MuzzleFlash5	4796238051410740357	KriptoFX/FPS_Pack/Particles
weaponmodmaterials_assets_muzzleparticles_b3c01d83e97c2aefafb6a16a8dc05569.bundle	7447633958879337968	MuzzleParticles	8553586693619292507	KriptoFX/FPS_Pack/GlowAdditiveNoFade
weaponmodmaterials_assets_mvg1_f26ded9899cb4d0f9f56a61c40d56d84.bundle	31912467411847466	MVG 1	7322088784485553867	HDRP/Lit
weaponmodmaterials_assets_mvg2_55e42ed63bb3364d1236559d05947149.bundle	6075495500280828618	MVG 2	7322088784485553867	HDRP/Lit
weaponmodmaterials_assets_mvg3_bd4813f8ea52c0ceb846296cdeff091a.bundle	-115146363422080428	MVG 3	7322088784485553867	HDRP/Lit
weaponmodmaterials_assets_mvg_434d08deed47658bf28cd18b46495623.bundle	-7160298217542652676	MVG	7322088784485553867	HDRP/Lit
weaponmodmaterials_assets_newmaterial1_c5acc9f729bb3accbb571dab2ed69fe1.bundle	1666181501926117626	New Material 1	-7803075278752278772	HDRP/Autodesk Interactive/AutodeskInteractive
weaponmodmaterials_assets_newmaterial2_81508b06dfacaa41d45912cbb9a47712.bundle	-2695228733876038959	New Material 2	-7803075278752278772	HDRP/Autodesk Interactive/AutodeskInteractive
weaponmodmaterials_assets_newmaterial3_dd8c5523ba86f63dfee8e3570bf7665d.bundle	8887541207744298452	New Material 3	-7803075278752278772	HDRP/Autodesk Interactive/AutodeskInteractive
weaponmodmaterials_assets_newmaterial4_56ff9a54ae181409f5ef69d656c7d324.bundle	-2187822356171464515	New Material 4	-7803075278752278772	HDRP/Autodesk Interactive/AutodeskInteractive
weaponmodmaterials_assets_newmaterial_78933f2945028adb42870d2304579200.bundle	3800341180632246478	New Material	-7803075278752278772	HDRP/Autodesk Interactive/AutodeskInteractive
weaponmodmaterials_assets_newrse1_e4fdf1bf496eefe92177536c6c8339e8.bundle	3917574759981686375	newRSE 1	-4194201878724235110	Shader Graphs/Reticle
weaponmodmaterials_assets_newrse_2dcf96daf19e205b5188be5e75cec923.bundle	1185212104768334208	newRSE	2191631582626051206	Shader Graphs/RealisticScopeEffect
weaponmodmaterials_assets_ngal_4d7d6358e4f0450240dfe38c24f52047.bundle	-1094440905893104637	ngal	-3661740934848837633	MilkShaders/Lit-Template
weaponmodmaterials_assets_noveske_acessories2_87d19b51f9c4483eecf5e9a11f641980.bundle	-5685011470354693287	noveske_acessories 2	-8225816520607640240	MilkShaders/UERemap
weaponmodmaterials_assets_noveske_acessories_fd1587ba1f32a1528f77d1ab7b45e9ed.bundle	-1056597681746991464	noveske_acessories	-8225816520607640240	MilkShaders/UERemap
weaponmodmaterials_assets_noveske_body_11_def00bfaf65f5506bc6edcc0b51acda8.bundle	8729995497001959646	noveske_body_1 1	-8225816520607640240	MilkShaders/UERemap
weaponmodmaterials_assets_noveske_body_1_793f490d321717bf57b6d37fba047e9c.bundle	-2529375314244695437	noveske_body_1	-8225816520607640240	MilkShaders/UERemap
weaponmodmaterials_assets_noveske_body_21_3bbc18655055d8ef4907679eccb60532.bundle	-1596612790737470341	noveske_body_2 1	-8225816520607640240	MilkShaders/UERemap
weaponmodmaterials_assets_noveske_body_2_e6021ae09856614909fe3df8cfc9f284.bundle	6715590997016225907	noveske_body_2	-8225816520607640240	MilkShaders/UERemap
weaponmodmaterials_assets_okp7nvgreticle_c4d9595a96e0f159da5ebc7c0a398730.bundle	3633931726633829145	OKP7 NVG Reticle	1068173205918574943	Ultimate Scope Shaders/HolographicSight
weaponmodmaterials_assets_okp7reticle_e558ff01d155ada63fbf5cc70beed3e9.bundle	-4325346398830010007	OKP7 Reticle	1068173205918574943	Ultimate Scope Shaders/HolographicSight
weaponmodmaterials_assets_okp_7_dovetail_40e14cad263649ba8e06167fee5820e2.bundle	746372197905041034	OKP_7_Dovetail	7322088784485553867	HDRP/Lit
weaponmodmaterials_assets_okp_7_dovetail_lens_7515e5f85e381c3eb556a1f045219276.bundle	4160842023639035025	OKP_7_Dovetail_Lens	7322088784485553867	HDRP/Lit
weaponmodmaterials_assets_okp_7_rail_f1cdf5255d0ed2006ab80a4d9dc8f005.bundle	5517930654401630405	OKP_7_Rail	7322088784485553867	HDRP/Lit
weaponmodmaterials_assets_orion_c0c41f02f28af7c837016ec13eadf19d.bundle	-2705869870593998097	orion	-7803075278752278772	HDRP/Autodesk Interactive/AutodeskInteractive
weaponmodmaterials_assets_osprey45k_b9954acc33489a6a0bcd421bf9c4b7ad.bundle	-241517274196074912	Osprey45K	7322088784485553867	HDRP/Lit
weaponmodmaterials_assets_p226_4e71f4f84525232e73ad8897638cf687.bundle	-6477397163462287587	p226	-8225816520607640240	MilkShaders/UERemap
weaponmodmaterials_assets_p320_optic_glass_a9749cf2dbc5b5993d78bb17de1fcc96.bundle	715604793275861733	P320_Optic_Glass	7322088784485553867	HDRP/Lit
weaponmodmaterials_assets_p320cm_frame_861e2371cc2422601f96414d731e84ed.bundle	3821367873199829943	P320CM_Frame	7322088784485553867	HDRP/Lit
weaponmodmaterials_assets_p320cm_magazine_76e06789736a41e83936d68f057d7e62.bundle	3013164980410953029	P320CM_Magazine	7322088784485553867	HDRP/Lit
weaponmodmaterials_assets_p320cm_optic_5095cbb6a580c9fdd1ee1be1b4af9c29.bundle	-1539381815346309179	P320CM_Optic	7322088784485553867	HDRP/Lit
weaponmodmaterials_assets_p320cm_slide_a1c25d2a91fdae7616dadf1d3dcc527d.bundle	-3293582888678596482	P320CM_Slide	7322088784485553867	HDRP/Lit
weaponmodmaterials_assets_p320cm_slideblack_939d192ad88e3cede9c80ea0993a827b.bundle	8471048007522155415	P320CM_Slide Black	7322088784485553867	HDRP/Lit
weaponmodmaterials_assets_p320threadedbarrel1_5307e1ec8d73ff68d07e4a00945a6dd1.bundle	-851090772261137443	p320threadedbarrel1	7322088784485553867	HDRP/Lit
weaponmodmaterials_assets_pepr_781894b807a759429d3e3069465a9abd.bundle	3874596573487174708	pepr	-3661740934848837633	MilkShaders/Lit-Template
weaponmodmaterials_assets_peq15_leaf_c64d8fc858f423265b57a6a0e5bdc5df.bundle	220064579482288278	PEQ15_Leaf	7322088784485553867	HDRP/Lit
weaponmodmaterials_assets_peq15blk_240c5608056f7083965f1bf0b615ebe5.bundle	1505327293257494844	PEQ15 BLK	7322088784485553867	HDRP/Lit
weaponmodmaterials_assets_peq15fde_4aa4de0869a0ec9cdacd5269bd987def.bundle	-1848426047323727248	PEQ15 FDE	7322088784485553867	HDRP/Lit
weaponmodmaterials_assets_peq2a_88b5f6dde48b686f6eff26804765e816.bundle	1642763795420697172	PEQ2A	7322088784485553867	HDRP/Lit
weaponmodmaterials_assets_pistol_grip_21_2bbfef273ab221ddb49b2375c1e689f7.bundle	1677422611627250308	Pistol_Grip_2 1	-8225816520607640240	MilkShaders/UERemap
weaponmodmaterials_assets_pistol_grip_22_76397465e0ce5b9761f3dff7228646ac.bundle	5419714171133902035	Pistol_Grip_2 2	-8225816520607640240	MilkShaders/UERemap
weaponmodmaterials_assets_pistol_grip_2_df168f7807454386740965144cac72e5.bundle	9113954171202691259	Pistol_Grip_2	-8225816520607640240	MilkShaders/UERemap
weaponmodmaterials_assets_pistol_grip_hk_bg1_31c22140143d5fcb9b3edfe5f51ec227.bundle	9082671120974552349	Pistol_grip_HK_BG 1	-8225816520607640240	MilkShaders/UERemap
weaponmodmaterials_assets_pistol_grip_hk_bg2_d58b02353cb36364a8b27b9f57e9b5a9.bundle	4194642706475600304	Pistol_grip_HK_BG 2	-8225816520607640240	MilkShaders/UERemap
weaponmodmaterials_assets_pistol_grip_hk_bg_e36e1c72e08349814c35004a5c2431a2.bundle	-6060763769478429052	Pistol_grip_HK_BG	-8225816520607640240	MilkShaders/UERemap
weaponmodmaterials_assets_pistol_grip_hk_bgb1_83a8271d34a6d6a19cd49881ca70b53d.bundle	-3124260578599594076	Pistol_grip_HK_BGB 1	-8225816520607640240	MilkShaders/UERemap
weaponmodmaterials_assets_pistol_grip_hk_bgb2_230d6f74214dc0b8a499882996178312.bundle	1250226989163724701	Pistol_grip_HK_BGB 2	-8225816520607640240	MilkShaders/UERemap
weaponmodmaterials_assets_pistol_grip_hk_bgb_17fa31778e260075d9ebc64c1c866680.bundle	-3102113343515374039	Pistol_grip_HK_BGB	-8225816520607640240	MilkShaders/UERemap
weaponmodmaterials_assets_pistolgrip_hogueovermolded_19b8aea64d0503bd3aa1d830baa8fac7.bundle	8428626596546389900	Pistolgrip_HogueOvermolded	7322088784485553867	HDRP/Lit
weaponmodmaterials_assets_pistolgrip_magpul_miad_59bdec7b2367fa3cb57a964bfb94979f.bundle	2312297368791429643	pistolgrip_magpul_miad	-7803075278752278772	HDRP/Autodesk Interactive/AutodeskInteractive
weaponmodmaterials_assets_pistolgrip_titangrip_75600da5e74d97c04bc98844d22dcb6d.bundle	-7034736212572185906	Pistolgrip_TitanGrip	7322088784485553867	HDRP/Lit
weaponmodmaterials_assets_pistolmoe1_05ccf1744e63c03c9ab826da26a15c9e.bundle	-6521218486005917954	pistol moe 1	7322088784485553867	HDRP/Lit
weaponmodmaterials_assets_pistolmoe2_960a2fc63aa352d91c88f3360382c702.bundle	-6989138537842530725	pistol moe 2	7322088784485553867	HDRP/Lit
weaponmodmaterials_assets_pistolmoe_fffd08ce13520c212c6916ecbae0eba1.bundle	1282772906269832818	pistol moe	7322088784485553867	HDRP/Lit
weaponmodmaterials_assets_pm2shortdot_rendertarget_042ff5a1f0b8c47867eb181fc2a78e2f.bundle	-4469457565227791412	pm2 shortdot_rendertarget	2191631582626051206	Shader Graphs/RealisticScopeEffect
weaponmodmaterials_assets_pm2shotdotreticle_494a093db10059e1fe74e39150910ceb.bundle	-4305331935105932071	pm2 shotdot Reticle	1068173205918574943	Ultimate Scope Shaders/HolographicSight
weaponmodmaterials_assets_pmag1_cbc9964ff230107398b72ca0e84889ec.bundle	-2690706746653014328	PMAG 1	7322088784485553867	HDRP/Lit
weaponmodmaterials_assets_pmag_40_4c507fda8bc579d98eb9ee181e25f8fd.bundle	-1144826932913275400	PMAG_40	7322088784485553867	HDRP/Lit
weaponmodmaterials_assets_pmag_40fde_04af4ba095c3db40339e7219b6b9b8bc.bundle	2368529105839362158	PMAG_40 FDE	7322088784485553867	HDRP/Lit
weaponmodmaterials_assets_pmag_4efa1c6f9ce988751fd2139336d6f3c6.bundle	-5834158729968484016	PMAG	7322088784485553867	HDRP/Lit
weaponmodmaterials_assets_pmag_d50_4dcc50804c256cdabb62f94d937e5882.bundle	2105197339925707416	pmag_d50	7322088784485553867	HDRP/Lit
weaponmodmaterials_assets_polonium556k1_3a73f425471d927f5a8ee4d9ab57302b.bundle	525113960829672902	polonium 556k 1	7322088784485553867	HDRP/Lit
weaponmodmaterials_assets_polonium556k2_7e6133c1473825f7631b15e4a699538d.bundle	7077324123823792779	polonium 556k 2	7322088784485553867	HDRP/Lit
weaponmodmaterials_assets_polonium556k_4c8e14867914f2c8bc65ad5d50d413e3.bundle	7832866169484165692	polonium 556k	7322088784485553867	HDRP/Lit
weaponmodmaterials_assets_poloniumcan1_749b297b206f6347ced220a9853b8289.bundle	7651451358807998430	poloniumcan.001	7322088784485553867	HDRP/Lit
weaponmodmaterials_assets_poloniumcan2_793d855126cb8ce0d4689b355d776190.bundle	5214168552554462764	poloniumcan.001 1	7322088784485553867	HDRP/Lit
weaponmodmaterials_assets_poloniumcan_0b578214a5d984bcbe1e8bc84b9c9193.bundle	7596626760610109194	poloniumcan.001 1	7322088784485553867	HDRP/Lit
weaponmodmaterials_assets_primer_new_silver_205e896318ad7c701c3338ec6b9bdea2.bundle	6186833194428699372	Primer_New_Silver	7322088784485553867	HDRP/Lit
weaponmodmaterials_assets_psoglassscope_683ee7f70a6b7095ffc255b0c144b81b.bundle	997220374419381484	pso glass scope	2191631582626051206	Shader Graphs/RealisticScopeEffect
weaponmodmaterials_assets_pvs30_29aec28816ab7b60fc11c13bc95009d9.bundle	-6648098042886721343	PVS30	-3722188480337259500	Shader Graphs/RealisticNVG 2
weaponmodmaterials_assets_qdwave_0c0af401518432e9ea98a63d7e3bea9c.bundle	-4484970583949091733	QD WAVE	7322088784485553867	HDRP/Lit
weaponmodmaterials_assets_rail_ar_mcmr_101_d297c3c3b79ab415dae294bdc6af5d8a.bundle	-5224173200414827884	rail_ar_mcmr_10 1	7322088784485553867	HDRP/Lit
weaponmodmaterials_assets_rail_ar_mcmr_10_19581d0b6a6329642f63b6a366816c4c.bundle	-2557160380162429885	rail_ar_mcmr_10	7322088784485553867	HDRP/Lit
weaponmodmaterials_assets_rail_ar_mcmr_131_6738d758f846b5d23b8afa2d6cdd8769.bundle	712423437246728901	rail_ar_mcmr_13 1	7322088784485553867	HDRP/Lit
weaponmodmaterials_assets_rail_ar_mcmr_13_e81ec65c92f5f403e1cb943b1e788459.bundle	-6221554512235965960	rail_ar_mcmr_13	7322088784485553867	HDRP/Lit
weaponmodmaterials_assets_rail_ar_mcmr_151_7197c957c542a53ef3fc4401f85973a4.bundle	-650074773253469822	rail_ar_mcmr_15 1	7322088784485553867	HDRP/Lit
weaponmodmaterials_assets_rail_ar_mcmr_15_afd41249b84a4e553961bf8acba53560.bundle	1918181263883903966	rail_ar_mcmr_15	7322088784485553867	HDRP/Lit
weaponmodmaterials_assets_rail_ar_mcmr_71_3268919f8bc6184a9a4c7a2334689b93.bundle	-5768169420768778482	rail_ar_mcmr_7 1	7322088784485553867	HDRP/Lit
weaponmodmaterials_assets_rail_ar_mcmr_7_f66732b2fd490a38bcd66ae59df2844f.bundle	694317186864891291	rail_ar_mcmr_7	7322088784485553867	HDRP/Lit
weaponmodmaterials_assets_rail_ar_mcmr_81_9bac33aa953b304b7cd2833539d0d990.bundle	2295000311958512281	rail_ar_mcmr_8 1	7322088784485553867	HDRP/Lit
weaponmodmaterials_assets_rail_ar_mcmr_8_39c2f2a9471c839f419ac2562da3fdea.bundle	6809556477149383729	rail_ar_mcmr_8	7322088784485553867	HDRP/Lit
weaponmodmaterials_assets_rail_ar_mcmr_91_a461f7fc87e4a5d0a0585833747625e3.bundle	581077437725228412	rail_ar_mcmr_9 1	7322088784485553867	HDRP/Lit
weaponmodmaterials_assets_rail_ar_mcmr_9_7c39b3eea5fbada44e65f126ec303787.bundle	-7661645640444746218	rail_ar_mcmr_9	7322088784485553867	HDRP/Lit
weaponmodmaterials_assets_rail_ar_mk16_10-51_8d6fd16a17ee5dc396631e770a9bb161.bundle	4634476167178168453	rail_ar_mk16_10-5 1	7322088784485553867	HDRP/Lit
weaponmodmaterials_assets_rail_ar_mk16_10-52_c121a15beac3eccaae99efbf8ffdeb1c.bundle	-4009498929650297850	rail_ar_mk16_10-5	7322088784485553867	HDRP/Lit
weaponmodmaterials_assets_rail_ar_mk16_10-5_9761de1d01154e5aa5cfa7a7742b462c.bundle	5417662156696171882	rail_ar_mk16_10-5	7322088784485553867	HDRP/Lit
weaponmodmaterials_assets_rail_ar_mk16_13-511_e52d5fc8c09f44904f9c4688580d67ff.bundle	5729496774734370331	rail_ar_mk16_13-5 1	7322088784485553867	HDRP/Lit
weaponmodmaterials_assets_rail_ar_mk16_13-51_22ed4f97855e085848d86056488370ae.bundle	-8731680625812909937	rail_ar_mk16_13-5	7322088784485553867	HDRP/Lit
weaponmodmaterials_assets_rail_ar_mk16_13-5_4dabf0f56fee46dbd273d25397cb3af4.bundle	-1765708807648277626	rail_ar_mk16_13-5	7322088784485553867	HDRP/Lit
weaponmodmaterials_assets_rail_ar_mk16_9-31_cc679eb517a2f7cbb21d51e1e8d9d1ce.bundle	5924899746114362165	rail_ar_mk16_9-3 1	7322088784485553867	HDRP/Lit
weaponmodmaterials_assets_rail_ar_mk16_9-32_2b90b1fd103701efcd73318b41319f9b.bundle	1074770620442031889	rail_ar_mk16_9-3	7322088784485553867	HDRP/Lit
weaponmodmaterials_assets_rail_ar_mk16_9-3_a53bb65ef598e8f5c45129f47313ed0e.bundle	-2731082304107403594	rail_ar_mk16_9-3	7322088784485553867	HDRP/Lit
weaponmodmaterials_assets_rail_ar_mk4_10fed1_d7939322513eaf8a80438243c3f76754.bundle	3648137692711740459	rail_ar_mk4_10fed 1	7322088784485553867	HDRP/Lit
weaponmodmaterials_assets_rail_ar_mk4_10fed21_9cddf3646157f096c682c862fa203a23.bundle	-2094996951366774029	rail_ar_mk4_10fed 2	7322088784485553867	HDRP/Lit
weaponmodmaterials_assets_rail_ar_mk4_10fed2_1664d8375d44c0582ed896cd51082291.bundle	4475482511804542588	rail_ar_mk4_10fed 2	7322088784485553867	HDRP/Lit
weaponmodmaterials_assets_rail_ar_mk4_10fed_73c06a7ed9d43ae4cc749330d8155589.bundle	964317784676296530	rail_ar_mk4_10fed	7322088784485553867	HDRP/Lit
weaponmodmaterials_assets_rail_ar_mk4_131_173688dd0b4735b3ad1486f69108aef7.bundle	-385712320820327465	rail_ar_mk4_13 1	7322088784485553867	HDRP/Lit
weaponmodmaterials_assets_rail_ar_mk4_1321_6e63deced448077f7dbe0302d8bebe08.bundle	1762630862853612288	rail_ar_mk4_13 2	7322088784485553867	HDRP/Lit
weaponmodmaterials_assets_rail_ar_mk4_132_1fc8d534ceca60bb019d28a538aeb55c.bundle	6833971917680923527	rail_ar_mk4_13 2	7322088784485553867	HDRP/Lit
weaponmodmaterials_assets_rail_ar_mk4_13_ce94fae7c54b6a4e985610798cc8306e.bundle	3851813104544149982	rail_ar_mk4_13	7322088784485553867	HDRP/Lit
weaponmodmaterials_assets_rail_ar_mk4_151_9712e70c736ed6895a05ced05e2aab60.bundle	-4874209546895338572	rail_ar_mk4_15 1	7322088784485553867	HDRP/Lit
weaponmodmaterials_assets_rail_ar_mk4_1521_d2cfe7722a7ffcbef8381df989205126.bundle	-8011494847235099717	rail_ar_mk4_15 2	7322088784485553867	HDRP/Lit
weaponmodmaterials_assets_rail_ar_mk4_152_041d7b5331555ed7337c8a1e2bcbe3a5.bundle	5708779516565764160	rail_ar_mk4_15 2	7322088784485553867	HDRP/Lit
weaponmodmaterials_assets_rail_ar_mk4_15_96d7e705190e792224ecc1aa8e67cdb8.bundle	-177721451834368280	rail_ar_mk4_15	7322088784485553867	HDRP/Lit
weaponmodmaterials_assets_rail_ar_mk4_71_240d8d321b29231bd68ddcf8d171d810.bundle	153518706682889386	rail_ar_mk4_7 1	7322088784485553867	HDRP/Lit
weaponmodmaterials_assets_rail_ar_mk4_721_64ab00be8069e75972aa27c9bd0f1db8.bundle	-5116179147273194111	rail_ar_mk4_7 2	7322088784485553867	HDRP/Lit
weaponmodmaterials_assets_rail_ar_mk4_72_cde60b7dedae72a3082eb51b6638c8ab.bundle	-4273976003012701898	rail_ar_mk4_7 2	7322088784485553867	HDRP/Lit
weaponmodmaterials_assets_rail_ar_mk4_7_06fc77068a7602ba852c135be86323a2.bundle	-6597131422653657872	rail_ar_mk4_7	7322088784485553867	HDRP/Lit
weaponmodmaterials_assets_rail_ar_mk4_9-51_54e9f30a07dab7ea999b09e270c6dbfc.bundle	-4839317419276794562	rail_ar_mk4_9-5 1	7322088784485553867	HDRP/Lit
weaponmodmaterials_assets_rail_ar_mk4_9-521_05ac92956b96971f146abd0df9a3c21b.bundle	-1924615499101467296	rail_ar_mk4_9-5 2	7322088784485553867	HDRP/Lit
weaponmodmaterials_assets_rail_ar_mk4_9-52_8536228723563b8058dd627e14539e8d.bundle	819460257662645306	rail_ar_mk4_9-5 2	7322088784485553867	HDRP/Lit
weaponmodmaterials_assets_rail_ar_mk4_9-5_450f6c4ddbf6b10413876c2ae15e2bf9.bundle	3716442135071739060	rail_ar_mk4_9-5	7322088784485553867	HDRP/Lit
weaponmodmaterials_assets_rail_ar_urx4_10-751_6bd05e0798ca53a40fd517a6335ac077.bundle	4067481568730883650	rail_ar_urx4_10-75 1	-8225816520607640240	MilkShaders/UERemap
weaponmodmaterials_assets_rail_ar_urx4_10-752_31d228f9f541c9b9cca0470d6f3866b1.bundle	-7385867414856820627	rail_ar_urx4_10-75 2	-8225816520607640240	MilkShaders/UERemap
weaponmodmaterials_assets_rail_ar_urx4_10-75_f8f761fca321edc04e9069e3d5eda859.bundle	6042506546277039412	rail_ar_urx4_10-75	-8225816520607640240	MilkShaders/UERemap
weaponmodmaterials_assets_rail_ar_urx4_101_b1d2032e3f2aa669f4d7058cf52c03ee.bundle	6771547581290689399	rail_ar_urx4_10 1	-8225816520607640240	MilkShaders/UERemap
weaponmodmaterials_assets_rail_ar_urx4_102_14cc17a0beeb65e5855558ad925aae7f.bundle	8387575265000314160	rail_ar_urx4_10 2	-8225816520607640240	MilkShaders/UERemap
weaponmodmaterials_assets_rail_ar_urx4_10_6a566f49f82ef7b58b2880882233bf85.bundle	-1715783669191304740	rail_ar_urx4_10	-8225816520607640240	MilkShaders/UERemap
weaponmodmaterials_assets_rail_ar_urx4_131_7b9098ece3b14b4c3750ee6b761a5a01.bundle	1651173482519909931	rail_ar_urx4_13 1	-8225816520607640240	MilkShaders/UERemap
weaponmodmaterials_assets_rail_ar_urx4_132_c9af50bcb51ef4175c3567608a409f08.bundle	-7447210686515699780	rail_ar_urx4_13 2	-8225816520607640240	MilkShaders/UERemap
weaponmodmaterials_assets_rail_ar_urx4_13_ffe4ebb0f8c69fdb015f8dab46e6b8dc.bundle	9110036132716078951	rail_ar_urx4_13	-8225816520607640240	MilkShaders/UERemap
weaponmodmaterials_assets_rail_ar_urx4_14-51_3f7d4273d0806af7afbcddcc60a8c96f.bundle	-5299376030162883091	rail_ar_urx4_14-5 1	-8225816520607640240	MilkShaders/UERemap
weaponmodmaterials_assets_rail_ar_urx4_14-52_8175e817b23c393658519fe525ee2fbb.bundle	-7346023019382022976	rail_ar_urx4_14-5 2	-8225816520607640240	MilkShaders/UERemap
weaponmodmaterials_assets_rail_ar_urx4_14-5_baea738b0d024446ff03434ed19001b7.bundle	1416436898164520756	rail_ar_urx4_14-5	-8225816520607640240	MilkShaders/UERemap
weaponmodmaterials_assets_rail_ar_urx4_8-51_d7c38415598b5c2fdc231488c7f6d2c0.bundle	2045272382756970983	rail_ar_urx4_8-5 1	-8225816520607640240	MilkShaders/UERemap
weaponmodmaterials_assets_rail_ar_urx4_8-52_bf5f235f838c4a67a2cc2da06ece74ad.bundle	8788504084002020839	rail_ar_urx4_8-5 2	-8225816520607640240	MilkShaders/UERemap
weaponmodmaterials_assets_rail_ar_urx4_8-5_673403af654ff4131be6db074c475e43.bundle	5852320437046102285	rail_ar_urx4_8-5	-8225816520607640240	MilkShaders/UERemap
weaponmodmaterials_assets_railcovers_3be430984a2e4b4b77030124d6a7e079.bundle	197579603177862591	RailCovers	-7803075278752278772	HDRP/Autodesk Interactive/AutodeskInteractive
weaponmodmaterials_assets_railskins_81ce520bf73f8364fecd27b5b4b71773.bundle	-311505390690876949	railskins	7322088784485553867	HDRP/Lit
weaponmodmaterials_assets_raptorblack_a45c767ab79724ecdbba6fe460f7c18f.bundle	5691727718407831522	raptorBlack	7322088784485553867	HDRP/Lit
weaponmodmaterials_assets_rattler_grip1_f43da5b7d8210f02f456a71ffa8c7945.bundle	6579986439434972178	rattler_grip 1	7322088784485553867	HDRP/Lit
weaponmodmaterials_assets_rattler_grip_b99c541380cd2519a1308f9f39294765.bundle	5194990902506532952	rattler_grip	7322088784485553867	HDRP/Lit
weaponmodmaterials_assets_razor_hd_gen_3_ad006e01c901ccda73c797cbd4a4e047.bundle	6317273002427896882	Razor_HD_GEN_3	7322088784485553867	HDRP/Lit
weaponmodmaterials_assets_razor_hd_gen_3trans_8f08fd900454d80cbe42039d584a22db.bundle	-5576748190206913545	Razor_HD_GEN_3 Trans	7322088784485553867	HDRP/Lit
weaponmodmaterials_assets_razorhdg2e16_dfbc2c76d01930009529b0c6f5613992.bundle	6346294918768031399	razorhdg2e16	-3661740934848837633	MilkShaders/Lit-Template
weaponmodmaterials_assets_razorhdg2e16_rearglass_66839f753983bff8bedf9aac99aa81ca.bundle	-2226440110476609570	razorhdg2e16_rearglass	-3661740934848837633	MilkShaders/Lit-Template
weaponmodmaterials_assets_razorhdg2e16_reticle1_d3df2248dab469360a5baec089d56881.bundle	-7290734352589777888	razorhdg2e16_reticle 1	-4194201878724235110	Shader Graphs/Reticle
weaponmodmaterials_assets_razorhdg2e16_reticle_cf493bbe1aa96e2fc8966c8950f6f917.bundle	-1214003404694077239	razorhdg2e16_reticle	2191631582626051206	Shader Graphs/RealisticScopeEffect
weaponmodmaterials_assets_rbc_1549248758f228929803841615414294.bundle	4122614807381848835	RBC_Mat	7322088784485553867	HDRP/Lit
weaponmodmaterials_assets_rd_704_handguard_9a35ffdf1d194b73fe08265fcf79d511.bundle	3314519199516094324	rd_704_handguard	-3661740934848837633	MilkShaders/Lit-Template
weaponmodmaterials_assets_receiver_adcb9b372735c226cd772e4d7ca46b25.bundle	4358007504067299659	Receiver	-8225816520607640240	MilkShaders/UERemap
weaponmodmaterials_assets_receivergold_faf3afa72f8449c6ea345cfced1efcc2.bundle	2545612560884402294	Receiver Gold	7322088784485553867	HDRP/Lit
weaponmodmaterials_assets_reciever_aks74_f10229820496c674360aac1a7ae6ec9b.bundle	-6688918891791577677	Reciever_AKS74.001	-3661740934848837633	MilkShaders/Lit-Template
weaponmodmaterials_assets_reflex_6e1a9ed38082a1e5a504ee6161dab0a3.bundle	-1105325365816402892	Reflex	7322088784485553867	HDRP/Lit
weaponmodmaterials_assets_reticle1_26eb1838e1a5dee54e46762592c274c8.bundle	-7146547005157746189	Reticle 1	1068173205918574943	Ultimate Scope Shaders/HolographicSight
weaponmodmaterials_assets_reticle2_d8f1cabbc1eaefae1cd22cabb3cbde63.bundle	2634220615960399359	Reticle 2	1068173205918574943	Ultimate Scope Shaders/HolographicSight
weaponmodmaterials_assets_reticlecompm41_c587deab2f1748489181b4dcfc363a1c.bundle	-2826608311684154581	Reticle CompM4 1	1068173205918574943	Ultimate Scope Shaders/HolographicSight
weaponmodmaterials_assets_reticlecompm4_4dffd6aff9230df2a06977bd55dd386c.bundle	2626001860652391626	Reticle CompM4	1068173205918574943	Ultimate Scope Shaders/HolographicSight
weaponmodmaterials_assets_rk3_sdr_ce267fbfbd9e3a913f664f27f0168481.bundle	6084310628555331329	RK3_sdr	7322088784485553867	HDRP/Lit
weaponmodmaterials_assets_rmr1_80092646c8f3f8b2d55c35558eeeaa68.bundle	-3253745976349678451	rmr 1	-8225816520607640240	MilkShaders/UERemap
weaponmodmaterials_assets_rmr2_16ea0dad876801c370431452f4837b89.bundle	-8179930364177242929	rmr 2	-8225816520607640240	MilkShaders/UERemap
weaponmodmaterials_assets_rmr_mount_short_07d5bd0f509419455ac03eff293f1c25.bundle	575608221782366305	rmr_mount_short	-8225816520607640240	MilkShaders/UERemap
weaponmodmaterials_assets_rmr_mount_tall_1127ddc8d943ea4d96bcd781bb78b27f.bundle	-5271440232569463404	rmr_mount_tall	-8225816520607640240	MilkShaders/UERemap
weaponmodmaterials_assets_rmr_reticle11_ef78f22f5886228ad414bc9d66c29498.bundle	-8423721371654747941	rmr_reticle 1	1068173205918574943	Ultimate Scope Shaders/HolographicSight
weaponmodmaterials_assets_rmr_reticle1_bbd684ccf3eb7fd853f0424065617395.bundle	-2832870171680133559	rmr_reticle 1	1068173205918574943	Ultimate Scope Shaders/HolographicSight
weaponmodmaterials_assets_rmr_reticle2_8749d73be2573ea2e8802dd607a2ea0a.bundle	6508470957931939314	rmr_reticle 2	1068173205918574943	Ultimate Scope Shaders/HolographicSight
weaponmodmaterials_assets_rmr_reticle2nvg_8dcf423748498cbe510eec869417f1aa.bundle	-244031934124074708	rmr_reticle 2 nvg	1068173205918574943	Ultimate Scope Shaders/HolographicSight
weaponmodmaterials_assets_rmr_reticle3_5d158b8094389dfd04328ac62637cb9d.bundle	-2687779771067170725	rmr_reticle 3	1068173205918574943	Ultimate Scope Shaders/HolographicSight
weaponmodmaterials_assets_rmr_reticle5_a7a0df29b3697167046fed07ec896da1.bundle	-590744973218843575	rmr_reticle 5	1068173205918574943	Ultimate Scope Shaders/HolographicSight
weaponmodmaterials_assets_rmr_reticle_0eecef2ac663d65c742e73735391a730.bundle	-7159021258984798437	rmr_reticle	1068173205918574943	Ultimate Scope Shaders/HolographicSight
weaponmodmaterials_assets_rmrglass_bbeefa773300cf7a56af593e2a0be599.bundle	-3240329848353518715	rmr glass	-8225816520607640240	MilkShaders/UERemap
weaponmodmaterials_assets_romeo4t1_c4fbfdcef77d3d13c25cf7c3584b5743.bundle	-9179126899390342644	romeo4t 1	7322088784485553867	HDRP/Lit
weaponmodmaterials_assets_romeo4t_e501e862ab46fecf366cecede4eac11f.bundle	-173287054360247831	romeo4t	7322088784485553867	HDRP/Lit
weaponmodmaterials_assets_romeo4t_mount1_f790f5aabc062e231b6191fcbb92d41e.bundle	-7343127638177996709	romeo4t_mount 1	7322088784485553867	HDRP/Lit
weaponmodmaterials_assets_romeo4t_mount_d0d07e0fa0d211ab64615fb1730c338a.bundle	-4408953747243924862	romeo4t_mount	7322088784485553867	HDRP/Lit
weaponmodmaterials_assets_romeo4t_rear_lens_b4c612b3e3fefec1fab8dcce28a4604b.bundle	7289568675736707528	romeo4t_rear_lens	7322088784485553867	HDRP/Lit
weaponmodmaterials_assets_romeo8tt3_b0aba33594e20bae2ce86bbb3842b7aa.bundle	5348301173526373337	romeo 8tt 3	7322088784485553867	HDRP/Lit
weaponmodmaterials_assets_romeo8tt_ff8c38ec73f9e58284e663b60a195cdd.bundle	6553704497256638199	romeo 8tt	7322088784485553867	HDRP/Lit
weaponmodmaterials_assets_romoe8t1_629896ffe7225802f570ee9f78401b3a.bundle	-5406139779863302439	romoe 8t 1	1068173205918574943	Ultimate Scope Shaders/HolographicSight
weaponmodmaterials_assets_romoe8t_3a384d458927be0ea5e85def47cd7e97.bundle	-8669257801155387352	romoe 8t	1068173205918574943	Ultimate Scope Shaders/HolographicSight
weaponmodmaterials_assets_rs_mount_73e48e514d7a556e03037a3a2db0d9f7.bundle	2128675190590145122	Rs_Mount	-3661740934848837633	MilkShaders/Lit-Template
weaponmodmaterials_assets_rs_mount_fde_1ca8171001eac1514cb7bbcb5c9bf8f9.bundle	-3015114730245248103	Rs_Mount _fde	-3661740934848837633	MilkShaders/Lit-Template
weaponmodmaterials_assets_rs_mountodg_438314ee72664f3d7b35f225051a9cc3.bundle	2557409891721279335	Rs_Mount ODG	-3661740934848837633	MilkShaders/Lit-Template
weaponmodmaterials_assets_rvgblk_c0b28d67ca323875c8511d2065489679.bundle	4363053436444917099	rvgblk	-8225816520607640240	MilkShaders/UERemap
weaponmodmaterials_assets_rvgfde_ffa5001d03b484f2358264a294030974.bundle	8060080857128778320	rvgfde	-8225816520607640240	MilkShaders/UERemap
weaponmodmaterials_assets_rvggry_a75e5027ffbc568e79bfef677763e1f7.bundle	4646300087728606243	rvggry	-8225816520607640240	MilkShaders/UERemap
weaponmodmaterials_assets_rvgod_23d03c21f47d3888a8492b817e9e1fbd.bundle	-9080596484530955984	rvgod	-8225816520607640240	MilkShaders/UERemap
weaponmodmaterials_assets_salvo12_4566171d7c3a0f23648010fcac7d5966.bundle	-6013640565783042107	Salvo12	7322088784485553867	HDRP/Lit
weaponmodmaterials_assets_scar-l_barrel_da34423904f711b6d840f12c6e524c1e.bundle	4835806146858429143	SCAR-L_barrel	7322088784485553867	HDRP/Lit
weaponmodmaterials_assets_scar-l_magazine_301_fd1a91575ad668c67b4ab88390fee656.bundle	-8052908915199251127	SCAR-L_magazine_30 1	7322088784485553867	HDRP/Lit
weaponmodmaterials_assets_scar-l_magazine_30_ba91eca9cc2e90502728abb70b25b76d.bundle	3854754003363994963	SCAR-L_magazine_30	7322088784485553867	HDRP/Lit
weaponmodmaterials_assets_scar-l_receiver_bafcac42d66e4f4f9a42cd2b8b7d128d.bundle	-1287284490758450855	SCAR-L_receiver	7322088784485553867	HDRP/Lit
weaponmodmaterials_assets_scar-l_receiverfde_de751f46a0e8926f7afd253b4edb2050.bundle	-3992487134565290367	SCAR-L_receiver FDE	7322088784485553867	HDRP/Lit
weaponmodmaterials_assets_scarhbarrel_d145017b256f5eb7992bbdfe461f453d.bundle	-6077482467874231113	ScarH Barrel	7322088784485553867	HDRP/Lit
weaponmodmaterials_assets_scope_52b6e2839a75ea3b2eb9fff42b146450.bundle	-2688817949043223786	Scope	7322088784485553867	HDRP/Lit
weaponmodmaterials_assets_scope_leupold-mark3hd-3-9x40_d356b2b4846f959c27237b17f048da27.bundle	-6700538538828818339	Scope_Leupold-Mark3HD-3-9x40	7322088784485553867	HDRP/Lit
weaponmodmaterials_assets_scope_leupold-mark3hd-3-9x40_reticle_2db403486d56868dc95eab9a85ece74c.bundle	-4236056086047552054	Scope_Leupold-Mark3HD-3-9x40_Reticle	2191631582626051206	Shader Graphs/RealisticScopeEffect
weaponmodmaterials_assets_scope_leupold-mark4-31_801a579bd82d480efe09772899ba7b0e.bundle	-4107253399427706660	Scope_Leupold-Mark4-3.5-10x30-LR_T 1	7322088784485553867	HDRP/Lit
weaponmodmaterials_assets_scope_leupold-mark4-3_b195f82e89f1ffaaa0b762008114eb17.bundle	368998437257896092	Scope_Leupold-Mark4-3.5-10x30-LR_T	7322088784485553867	HDRP/Lit
weaponmodmaterials_assets_scope_leupold-mark4reticle1_6cce067594feb34e80dd963de16f1de6.bundle	-7105399278965610891	Scope_Leupold-Mark4 Reticle 1	2191631582626051206	Shader Graphs/RealisticScopeEffect
weaponmodmaterials_assets_scope_pso6x361_2f8feda5fe29f182b2af61f279fc6d93.bundle	-6374972652282559776	scope_pso6x36 1	5951657029987726660	HDRP/Unlit
weaponmodmaterials_assets_scope_pso6x36_74cc481a4e4eda669e5cb2506dc4b169.bundle	7133484314096580869	scope_pso6x36	-7803075278752278772	HDRP/Autodesk Interactive/AutodeskInteractive
weaponmodmaterials_assets_scopeeffect_36a410cdc9f3acd0eaa07fd6037e90bb.bundle	-3333677846841868068	Scope effect	2191631582626051206	Shader Graphs/RealisticScopeEffect
weaponmodmaterials_assets_scopeeffectndr_a98b96d6da3c87432bd0718d16db48d2.bundle	4534682027599790922	Scope effect NDR	355448475513896478	Shader Graphs/_NonDualRender RealisticScopeEffect
weaponmodmaterials_assets_sdn6_fb56186d4982af2d8ce33d700b4fc824.bundle	-723871481959135559	SDN6	7322088784485553867	HDRP/Lit
weaponmodmaterials_assets_sdn6fde_c107d582dfe4212651f541ba54eea340.bundle	-1201417938831145641	SDN6 FDE	7322088784485553867	HDRP/Lit
weaponmodmaterials_assets_shift_mlok_5d5fa371aa1ecf16934175a287d881fc.bundle	-3083311512769492626	Shift_MLOK	7322088784485553867	HDRP/Lit
weaponmodmaterials_assets_shortdot1_3103db4abf95b31fdceb18efc85ec431.bundle	4421856254504591372	shortdot 1	-8225816520607640240	MilkShaders/UERemap
weaponmodmaterials_assets_shortdot_0ec0f36db532e6787886ecf436ed84d4.bundle	4052908064369929680	shortdot	-8225816520607640240	MilkShaders/UERemap
weaponmodmaterials_assets_shortdotfde_7e669f457e6a20a6a30742f6da9a09fd.bundle	-3082360436757623595	shortdot fde	-8225816520607640240	MilkShaders/UERemap
weaponmodmaterials_assets_sigair_reticle1_e1228347898019e9b27b4207900debc8.bundle	-8729082623049086134	sigAir_reticle 1	1068173205918574943	Ultimate Scope Shaders/HolographicSight
weaponmodmaterials_assets_sigair_reticle_d78b0ec0941a6324c393f8dbd864cd8c.bundle	-14681383851397763	sigAir_reticle	1068173205918574943	Ultimate Scope Shaders/HolographicSight
weaponmodmaterials_assets_sights_field_755f881e8cbfb625771db76306488a8a.bundle	-7298901698341783537	Sights_Field	-8225816520607640240	MilkShaders/UERemap
weaponmodmaterials_assets_sights_tac_59ef930c59dc5903d28ce5d3075da98b.bundle	-1404566569932797761	Sights_Tac	-8225816520607640240	MilkShaders/UERemap
weaponmodmaterials_assets_silencer_m4sd_95e2da0fee83d5c946c43d3c3f1a4282.bundle	-8202226927180239184	silencer_M4SD	7322088784485553867	HDRP/Lit
weaponmodmaterials_assets_sl-k_6cfff0ec5990e9edfa11705604184655.bundle	4717065689826303577	SL-K	-3661740934848837633	MilkShaders/Lit-Template
weaponmodmaterials_assets_slide_ea103829331d1685c5bd43a97c8f3ce0.bundle	8882552203439037979	Slide	-8225816520607640240	MilkShaders/UERemap
weaponmodmaterials_assets_slider_mat_335c78cd6d0395eab1844fb1952f249f.bundle	-7556966447436994798	Slider_MAT	7322088784485553867	HDRP/Lit
weaponmodmaterials_assets_slider_matfde_913148e846bfa73d33b3f19822fb2cf6.bundle	-2241754746693182539	Slider_MAT FDE	7322088784485553867	HDRP/Lit
weaponmodmaterials_assets_slider_matgreen_408bcbf583f385173cb3d0babfc32cfa.bundle	-3698025579184946374	Slider_MAT Green	7322088784485553867	HDRP/Lit
weaponmodmaterials_assets_slrsynergy1_14362f4096e42514590243c556282513.bundle	-5380610567869015785	SLRSynergy 1	7322088784485553867	HDRP/Lit
weaponmodmaterials_assets_slrsynergy_f720e625675bc8d6191ea93e3b00cc19.bundle	3599791634472102493	SLRSynergy	7322088784485553867	HDRP/Lit
weaponmodmaterials_assets_smoke_fe5bfb56ec39ed0a041d1a6882d93a89.bundle	-5579794104113436800	Smoke	-5543496705655981575	KriptoFX/FPS_Pack/AlphaBlendedAnim
weaponmodmaterials_assets_socom556mini2_mat1_29577ba6ddc9cefcdca8cefec5615279.bundle	2003660261691235915	SOCOM556MINI2_Mat 1	7322088784485553867	HDRP/Lit
weaponmodmaterials_assets_socom556mini2_mat_2c2d1654fc8d2c408c971dc137937d8d.bundle	-4040029297017679805	SOCOM556MINI2_Mat	7322088784485553867	HDRP/Lit
weaponmodmaterials_assets_spear1_35a341855f0186c261c2b5fe1e75ee0d.bundle	-2148910430928921394	SPEAR 1	7322088784485553867	HDRP/Lit
weaponmodmaterials_assets_spear_1c1f7d6a862264c1594440a6dedbfb4c.bundle	1676010163039146330	SPEAR	7322088784485553867	HDRP/Lit
weaponmodmaterials_assets_specter_4a813d69d30e609754da2185d58fcb8c.bundle	476963130515571291	specter	7322088784485553867	HDRP/Lit
weaponmodmaterials_assets_specter_accessories_2a4bb6266453254a7cd8216f99545e79.bundle	-8911383494700078079	specter_accessories	7322088784485553867	HDRP/Lit
weaponmodmaterials_assets_specterblk_1a4fa07cd63ceb827a8cee2e9598f3da.bundle	-3015328756367357758	specter BLK	7322088784485553867	HDRP/Lit
weaponmodmaterials_assets_specterlesn_c2c7d497591c81bade9ee0843f7f29f7.bundle	8571539947296505771	specter lesn	7322088784485553867	HDRP/Lit
weaponmodmaterials_assets_spr300_bipod_90058e53172f5cd9a9c686000debf72a.bundle	8215203840217293149	SPR300_Bipod	-3661740934848837633	MilkShaders/Lit-Template
weaponmodmaterials_assets_spr300_body_1_2f52165bc26c11a27da27ae0b5c16463.bundle	8653723451718483253	SPR300_Body_1	-3661740934848837633	MilkShaders/Lit-Template
weaponmodmaterials_assets_spr300_body_1fde_efc401f7fb8ab7e62b20c486e34e00dc.bundle	1126850993391729907	SPR300_Body_1 fde	-3661740934848837633	MilkShaders/Lit-Template
weaponmodmaterials_assets_spr300_body_2_bc64432a49febbb64cb083bd8381d292.bundle	7572431491058838576	SPR300_Body_2	-3661740934848837633	MilkShaders/Lit-Template
weaponmodmaterials_assets_spr300_magazine_2_13c87c403683262611b90b055ebaaf2b.bundle	-5757770257398121298	SPR300_Magazine_2	-3661740934848837633	MilkShaders/Lit-Template
weaponmodmaterials_assets_spr300_magazinetrnas_fe8710e4f594ac4df502ab4ab545ab59.bundle	-8883280824033869043	SPR300_Magazine Trnas	7322088784485553867	HDRP/Lit
weaponmodmaterials_assets_spr300_pistol_grip_8ff3c880a3d96c01339da0a3c7ef7846.bundle	689169925968135780	SPR300_Pistol_Grip	-3661740934848837633	MilkShaders/Lit-Template
weaponmodmaterials_assets_spr300_stock_a5a65b9dc52fb51d7cbab11e57275b3d.bundle	-4406729768030142160	SPR300_Stock	-3661740934848837633	MilkShaders/Lit-Template
weaponmodmaterials_assets_spr300_stock_adapter_d7a1f49844e55ae471d4a361e1cae9e4.bundle	-2462364744187352539	SPR300_Stock_Adapter	-3661740934848837633	MilkShaders/Lit-Template
weaponmodmaterials_assets_spr300_suppressor_6b5ee2a722980813d6d47d798c3b0525.bundle	-4423122028405592394	SPR300_Suppressor	-3661740934848837633	MilkShaders/Lit-Template
weaponmodmaterials_assets_spr300_suppressorfde_71d225925d63647ea73b205ff556a33a.bundle	1557819944241253929	SPR300_Suppressor FDE	-3661740934848837633	MilkShaders/Lit-Template
weaponmodmaterials_assets_sr_25_handguard_c452d1cd3d83a95d8fcc3004bb8229db.bundle	-7417306214936026489	SR_25_handguard	-8225816520607640240	MilkShaders/UERemap
weaponmodmaterials_assets_sr_25_handguardfde_0e0279037e604553fbf61ed187d69660.bundle	-6190247996061135805	SR_25_handguard FDE	-8225816520607640240	MilkShaders/UERemap
weaponmodmaterials_assets_sr_25_receiver_aaaea4c3201fc55637f278d50c126ae4.bundle	-5082151761380161062	SR_25_receiver	-8225816520607640240	MilkShaders/UERemap
weaponmodmaterials_assets_sr_25_receiverfde_181856aef55baf17fe3058bfd2f05860.bundle	-3754195469914461889	SR_25_receiver FDE	-8225816520607640240	MilkShaders/UERemap
weaponmodmaterials_assets_srd762_mil_16_3b57367afdff8002a5e00da7811f4c2d.bundle	-5811632821878299593	SRD762_MIL_16	7322088784485553867	HDRP/Lit
weaponmodmaterials_assets_srd762_qd_1a9aa2dfbb41c3c7a3545fb0b0ecdf6e.bundle	79654672274010674	SRD762_QD	7322088784485553867	HDRP/Lit
weaponmodmaterials_assets_srd762ti_10_df884acc263ea9dc267d96c512a95928.bundle	3412710504834528611	SRD762TI_10	7322088784485553867	HDRP/Lit
weaponmodmaterials_assets_srd762ti_16_08802f08e5cd9751286328e5288ee030.bundle	1350018997236977371	SRD762TI_16	7322088784485553867	HDRP/Lit
weaponmodmaterials_assets_srd_mb_10560643b30b4763323d82f375d07b55.bundle	364517038279217257	SRD_MB	7322088784485553867	HDRP/Lit
weaponmodmaterials_assets_sro11_c6cacaf9615e6cffe1dd531e99cdecfb.bundle	-3838638078039467810	sro 1	7322088784485553867	HDRP/Lit
weaponmodmaterials_assets_sro1_30aaf19ad64f749386a8061e811721cb.bundle	-621064227125626671	sro fde	-3661740934848837633	MilkShaders/Lit-Template
weaponmodmaterials_assets_sro_cab995a1a4b16f8d38c5ed153fcce2e4.bundle	-4130711125104058042	sro	-3661740934848837633	MilkShaders/Lit-Template
weaponmodmaterials_assets_srs_b46dbc357ce96047521c337cd6210f18.bundle	-3340022611378772988	SRS	7322088784485553867	HDRP/Lit
weaponmodmaterials_assets_srs_fiber_9ba0b0dfe5de3ad86cdd394dc8c73920.bundle	3972640166948943947	SRS_Fiber	7322088784485553867	HDRP/Lit
weaponmodmaterials_assets_srs_frontglass_aab21563d7c69479feb787acfcdf623a.bundle	-5969565531819185963	SRS_FrontGlass	7322088784485553867	HDRP/Lit
weaponmodmaterials_assets_srs_rearglass_c999bb245a0117706f81189dad7ec74f.bundle	-3006947568876455456	SRS_RearGlass	7322088784485553867	HDRP/Lit
weaponmodmaterials_assets_srslens1_03bedf5e4f2b78ab3e78699e0e5bf03b.bundle	4529636778211458929	SRS Lens 1	1068173205918574943	Ultimate Scope Shaders/HolographicSight
weaponmodmaterials_assets_srslens_b720274fcd665d7450d7459ea78d202b.bundle	1676207940010484151	SRS Lens	1068173205918574943	Ultimate Scope Shaders/HolographicSight
weaponmodmaterials_assets_staccatoxc1_a82b5fab466d7fd7d75e73ce43ddba8d.bundle	6695707099219452315	staccatoxc 1	7322088784485553867	HDRP/Lit
weaponmodmaterials_assets_staccatoxc2_8098ba70b0650d8e6bf6df271eef2a60.bundle	-7885578351599389312	staccatoxc 2	7322088784485553867	HDRP/Lit
weaponmodmaterials_assets_staccatoxc3_aa01a139721325d758ede5567e6d6c8a.bundle	6366650138048868288	staccatoxc 3	7322088784485553867	HDRP/Lit
weaponmodmaterials_assets_staccatoxc_e7ccb269f80ce88eaaff330020ffce97.bundle	-3295599817161270790	staccatoxc	7322088784485553867	HDRP/Lit
weaponmodmaterials_assets_stanag_231ab7c078e923003012c415a443d8c7.bundle	891576993769762546	stanag	7322088784485553867	HDRP/Lit
weaponmodmaterials_assets_stanag_mag_df4bfaf1f20228758718ecc5a296023d.bundle	6155837142606041221	stanag_mag	-8225816520607640240	MilkShaders/UERemap
weaponmodmaterials_assets_stanmag_c73d607911e903933a552d34066e1da7.bundle	185917793020917247	STANMAG	-7803075278752278772	HDRP/Autodesk Interactive/AutodeskInteractive
weaponmodmaterials_assets_steel1_e7579f1a19d1b7f36e496a24e04d4319.bundle	-5097467986071411377	Steel	7322088784485553867	HDRP/Lit
weaponmodmaterials_assets_steel2_cf280ee2cec094241b421fb32a37561a.bundle	8283924302693738361	steel	7322088784485553867	HDRP/Lit
weaponmodmaterials_assets_steel_e3b193b86d0d5f090d308a05d86bc463.bundle	368571648044191992	Steel	7322088784485553867	HDRP/Lit
weaponmodmaterials_assets_stock_61bdf36199c406b9b8525004d552911e.bundle	-8312354930114951937	Stock.002	-3661740934848837633	MilkShaders/Lit-Template
weaponmodmaterials_assets_stock_akms_0a2a39abe3321389ee91a164560226ff.bundle	-2410996287498980486	Stock_AKMS	7322088784485553867	HDRP/Lit
weaponmodmaterials_assets_stock_aks74u_a429083e5fb05c8d85832c072540c384.bundle	-3693224713756953805	Stock_AKS74u	7322088784485553867	HDRP/Lit
weaponmodmaterials_assets_stock_ar15_hk_e11_32926e71e25c13b2c8aae056075700b7.bundle	-7750466327406635374	stock_ar15_HK_E1 1	-8225816520607640240	MilkShaders/UERemap
weaponmodmaterials_assets_stock_ar15_hk_e12_b9007e3e6cfd936d78ec172930e9720c.bundle	2746072007553043562	stock_ar15_HK_E1 2	-8225816520607640240	MilkShaders/UERemap
weaponmodmaterials_assets_stock_ar15_hk_e1_9a81412a60132f459f7fadd3bb305c74.bundle	4762233618532819090	stock_ar15_HK_E1	-8225816520607640240	MilkShaders/UERemap
weaponmodmaterials_assets_stock_ar15_hk_slim1_c9667a9c94749f046d50c3568359d66c.bundle	-6791157312954212428	stock_ar15_HK_slim 1	-3661740934848837633	MilkShaders/Lit-Template
weaponmodmaterials_assets_stock_ar15_hk_slim2_70168f11e00c9de2b2dd461094446869.bundle	-4859007725801157813	stock_ar15_HK_slim 2	-3661740934848837633	MilkShaders/Lit-Template
weaponmodmaterials_assets_stock_ar15_hk_slim_1c3432b2600af7192f40f6596a9118e6.bundle	-5784364829469050329	stock_ar15_HK_slim	-3661740934848837633	MilkShaders/Lit-Template
weaponmodmaterials_assets_stock_bcm1_eaa77ce3fb953ee922f4eb64ff67b34f.bundle	-1568717236343472923	stock_bcm 1	-8225816520607640240	MilkShaders/UERemap
weaponmodmaterials_assets_stock_bcm2_062819a57ea89debdc3af88c42978b91.bundle	-4306592778307512568	stock_bcm 2	-8225816520607640240	MilkShaders/UERemap
weaponmodmaterials_assets_stock_bcm_ea06520d73f540e73785bfeaacb805b5.bundle	5952481909252889055	stock_bcm	-8225816520607640240	MilkShaders/UERemap
weaponmodmaterials_assets_stock_collapsible1_32ed50806fbf682a9dd6c752a97b6dda.bundle	6248136759466705743	stock_collapsible 1	-8225816520607640240	MilkShaders/UERemap
weaponmodmaterials_assets_stock_combatopss11_ee8740851d935369a09c78e696f6940a.bundle	4166730016226325270	stock_combatopss1 1	7322088784485553867	HDRP/Lit
weaponmodmaterials_assets_stock_combatopss1_41a854378273d2e284c0e356eda868e1.bundle	934192090934727624	stock_combatopss1	7322088784485553867	HDRP/Lit
weaponmodmaterials_assets_stock_dd1_69dddf9af6df6869f9a9419bb1772f1a.bundle	8121554399888507870	Stock_DD 1	7322088784485553867	HDRP/Lit
weaponmodmaterials_assets_stock_dd_75ae1dfab4a715a7cd91b51f77bc8d9a.bundle	-8578306736833463939	Stock_DD	7322088784485553867	HDRP/Lit
weaponmodmaterials_assets_stock_folding_buffer1_6e27cc9be6b415837ae8cbeed9f06158.bundle	7595309019153350054	stock_folding_buffer 1	-8225816520607640240	MilkShaders/UERemap
weaponmodmaterials_assets_stock_folding_collapsible1_53f6bda2ef779ff7825f8b2ae9f8301b.bundle	-3437745804754027081	stock_folding_collapsible 1	-8225816520607640240	MilkShaders/UERemap
weaponmodmaterials_assets_stock_folding_collapsible_b48200381d51caedd0b6068693bf1ad5.bundle	6375808708045424551	stock_folding_collapsible	-8225816520607640240	MilkShaders/UERemap
weaponmodmaterials_assets_stock_folding_skeletal1_c8c7c3de06c9cc674fe4b4a25b154763.bundle	-8108432329185070873	stock_folding_skeletal 1	-8225816520607640240	MilkShaders/UERemap
weaponmodmaterials_assets_stock_folding_skeletal_min1_b4208e0709a6cd270b8797f4c86b1757.bundle	4903882817910064005	stock_folding_skeletal_min 1	-8225816520607640240	MilkShaders/UERemap
weaponmodmaterials_assets_stock_folding_visor1_50d100b57db93d79adcfcc15288d10aa.bundle	-8254516450230538516	stock_folding_visor 1	-8225816520607640240	MilkShaders/UERemap
weaponmodmaterials_assets_stock_imod1_8ad08f4000e91adc154ddb264d1a63db.bundle	5366687336165858026	stock_imod 1	7322088784485553867	HDRP/Lit
weaponmodmaterials_assets_stock_imod_b7f92f7abe19c07783f665d5b07ea4be.bundle	4895366151893787182	stock_imod	7322088784485553867	HDRP/Lit
weaponmodmaterials_assets_stock_magpul_zhukov1_f2399f125070c5f0b7e76f7ba389ff8d.bundle	995615193842735314	stock_magpul_zhukov 1	-3661740934848837633	MilkShaders/Lit-Template
weaponmodmaterials_assets_stock_magpul_zhukov_98862371c5b0e80ad74f7ef6ce19c817.bundle	-2969544705640149600	stock_magpul_zhukov	-3661740934848837633	MilkShaders/Lit-Template
weaponmodmaterials_assets_stock_magpul_zhukovgreen_5203594ad81acdacd3bf33961c5c9890.bundle	-1553610462257835941	stock_magpul_zhukov green	-3661740934848837633	MilkShaders/Lit-Template
weaponmodmaterials_assets_stock_moesls_b6f096565a813ea38b562564f4e5b042.bundle	5145940611372935018	Stock_MoeSLS	7322088784485553867	HDRP/Lit
weaponmodmaterials_assets_stock_rpk_4b2fa2488336aba345cebf89dbb270b5.bundle	5614215838833712534	Stock_RPK	7322088784485553867	HDRP/Lit
weaponmodmaterials_assets_stock_sba31_de67b5dbebf520b77f39155e14f97930.bundle	-4360540415099871503	stock_sba3 1	7322088784485553867	HDRP/Lit
weaponmodmaterials_assets_stock_sba3_0fbd109f70a8d1151b2fbc9d3622a447.bundle	-3028226438075710115	stock_sba3	7322088784485553867	HDRP/Lit
weaponmodmaterials_assets_stock_simod11_38bcecd058037d7ecbffc6a98d0da1f8.bundle	-1310198106999594199	stock_simod1 1	7322088784485553867	HDRP/Lit
weaponmodmaterials_assets_stock_simod1_abfc96a0927efa9e5b5d8876ce323610.bundle	4777906486902448999	stock_simod1	7322088784485553867	HDRP/Lit
weaponmodmaterials_assets_stock_wood741_dc9f5a23aa6cd2e226e70d7e8fa5aca1.bundle	8464229173921693425	Stock_Wood74	-3661740934848837633	MilkShaders/Lit-Template
weaponmodmaterials_assets_stock_wood74_8718d6f97a2efaba0607086a634a36b6.bundle	1887053434650946737	Stock_Wood74	-3661740934848837633	MilkShaders/Lit-Template
weaponmodmaterials_assets_sup_hxflow556k1_c920a3c0d42511c7d8a87cc7821407e6.bundle	5057067272452178995	SUP_HXFLOW556K 1	7322088784485553867	HDRP/Lit
weaponmodmaterials_assets_sup_hxflow556k_e05104097804fe2b91617aedb069c023.bundle	607957629018973284	SUP_HXFLOW556K	-3661740934848837633	MilkShaders/Lit-Template
weaponmodmaterials_assets_suppressor1_3cef1d62960a471fb2b0b432b7843ec4.bundle	-3848612706972457961	Suppressor	7322088784485553867	HDRP/Lit
weaponmodmaterials_assets_suppressor2_0e364016dcc05fc3221b8443f9896ab5.bundle	-2121346530062607168	Suppressor	7322088784485553867	HDRP/Lit
weaponmodmaterials_assets_suppressor_058e6dfd05312f7c853e852e913ec68e.bundle	-6149314456015744828	Suppressor	7322088784485553867	HDRP/Lit
weaponmodmaterials_assets_suppressor_kac_prs1_73724c11ed142acd161bb812a14c3e4d.bundle	-6190518478254505333	suppressor_KAC_PRS 1	7322088784485553867	HDRP/Lit
weaponmodmaterials_assets_suppressor_kac_prs_cb70a78795415e6d39d0d5ea33a2123f.bundle	4432353048961260512	suppressor_KAC_PRS	7322088784485553867	HDRP/Lit
weaponmodmaterials_assets_suppressor_m110-ares1_78f79c02d3b718553d4ee380b5a549a6.bundle	1844701816848331373	Suppressor_M110-ARES 1	7322088784485553867	HDRP/Lit
weaponmodmaterials_assets_suppressor_m110-ares_bd6a16f56aaed7b3e7674504efbdf061.bundle	-4465954320271735884	Suppressor_M110-ARES	7322088784485553867	HDRP/Lit
weaponmodmaterials_assets_suppressor_pbs-1_315473618a23656cd92fe74ea366933b.bundle	-3568891556250945733	Suppressor_PBS-1	7322088784485553867	HDRP/Lit
weaponmodmaterials_assets_suppressor_rotor43_7_1c250f921e7acb44250b42113f035afd.bundle	-4788136636502101946	suppressor_rotor43_7.62x54r	-7803075278752278772	HDRP/Autodesk Interactive/AutodeskInteractive
weaponmodmaterials_assets_suppressor_silencerco-saker-762_a6fe83a8158c748553bbe495d7db7fd3.bundle	6278197035733283812	Suppressor_SilencerCo-Saker-762	7322088784485553867	HDRP/Lit
weaponmodmaterials_assets_surefiremonster_81081c548696d4dfc6792bfd62cb59c3.bundle	9723823152105324	SurefireMonster	7322088784485553867	HDRP/Lit
weaponmodmaterials_assets_svd_barrel_gaslock_muzzle_7085328e702a6d5b848b7026fa3eed37.bundle	8745027827504698247	SVD_Barrel_GasLock_Muzzle	-7803075278752278772	HDRP/Autodesk Interactive/AutodeskInteractive
weaponmodmaterials_assets_svd_body_mag_bolt_2d00efbbcb219498d1060bf26f610d82.bundle	2338255956947933699	SVD_Body_Mag_Bolt	7322088784485553867	HDRP/Lit
weaponmodmaterials_assets_svd_dustcover_handguard_ironsight_2c12d1b5ce9453cd49aba7a9f7e27f85.bundle	2308446483581312823	SVD_Dustcover_Handguard_Ironsight	-7803075278752278772	HDRP/Autodesk Interactive/AutodeskInteractive
weaponmodmaterials_assets_taafts1_2eb316b02f52dbada7fd8bea335eda07.bundle	3441218087282231163	TAAFTS 1	7322088784485553867	HDRP/Lit
weaponmodmaterials_assets_taafts_c052a8b639e34190d4495dccbaa84dce.bundle	558542569522198154	TAAFTS	7322088784485553867	HDRP/Lit
weaponmodmaterials_assets_tango6t1_18dc8d51ef9822907f4957f7acdbc9d3.bundle	-6744045211292412004	tango6t 1	7322088784485553867	HDRP/Lit
weaponmodmaterials_assets_tango6t_d51ad0b098585c57d37dac25c282bbae.bundle	-2063951133700782376	tango6t	7322088784485553867	HDRP/Lit
weaponmodmaterials_assets_tango6t_rearglass_8cd3f11b7ad9739c1db4b25a211b0638.bundle	-8553486002711304550	tango6t_rearglass	7322088784485553867	HDRP/Lit
weaponmodmaterials_assets_tango6t_reticle_6c255d40f57a9202ca7971f280409f34.bundle	-8314118154699427684	tango6t_reticle	2191631582626051206	Shader Graphs/RealisticScopeEffect
weaponmodmaterials_assets_tangodownstubby1_971a0775b192e8d61a33606bfb7923c8.bundle	-7802276659772010293	TangoDownStubby 1	7322088784485553867	HDRP/Lit
weaponmodmaterials_assets_tangodownstubby_1575defb56a5088a7ead364e202c8ad9.bundle	930331283206885893	TangoDownStubby	7322088784485553867	HDRP/Lit
weaponmodmaterials_assets_tdhexpg_0478e0203d9730907b4dea28f95a0685.bundle	6436020992745097321	TDHexPG	7322088784485553867	HDRP/Lit
weaponmodmaterials_assets_ti_mount_3793dd2e6bc609a781c50e6ae2805fe7.bundle	-8257781260718675757	TI_Mount	7322088784485553867	HDRP/Lit
weaponmodmaterials_assets_tlr11_268cf80d66b0f87a5e6e2c14ff51654f.bundle	-2043328907357259477	tlr1 1	-3661740934848837633	MilkShaders/Lit-Template
weaponmodmaterials_assets_tlr12_78879d3258ddac5ceb675d62b86da6bf.bundle	2728783947941215291	tlr1 2	-3661740934848837633	MilkShaders/Lit-Template
weaponmodmaterials_assets_tlr1_3feb37ab6505294d6ce33de1697b2512.bundle	6231179745302735475	tlr1	-3661740934848837633	MilkShaders/Lit-Template
weaponmodmaterials_assets_tlr7_945a8d4bfd0df078e71de7d81f6ee4c6.bundle	6477298093153611551	TLR7	-3661740934848837633	MilkShaders/Lit-Template
weaponmodmaterials_assets_tti_jw4_pv_11_31235eca646b49fa91b57e2a14cd7a46.bundle	-3381496427532721933	TTI_JW4_PV_1 1	7322088784485553867	HDRP/Lit
weaponmodmaterials_assets_tti_jw4_pv_12_9627406b712a29892d4fd735215b1daa.bundle	-5420425055571817659	TTI_JW4_PV_1 2	7322088784485553867	HDRP/Lit
weaponmodmaterials_assets_tti_jw4_pv_1_ae42ad481532a65a3affca0f40dc384f.bundle	-213457088690954908	TTI_JW4_PV_1	7322088784485553867	HDRP/Lit
weaponmodmaterials_assets_tti_jw4_pv_21_868f608c9ec16490c8a6d01cec4558c0.bundle	4551489925648627133	TTI_JW4_PV_2 1	7322088784485553867	HDRP/Lit
weaponmodmaterials_assets_tti_jw4_pv_22_097378dac4b6c0e7c135b484279f8233.bundle	4956302020745330619	TTI_JW4_PV_2 2	7322088784485553867	HDRP/Lit
weaponmodmaterials_assets_tti_jw4_pv_2_e00a1dc182eb3eba41d5bb1111478ba9.bundle	8028405663229950688	TTI_JW4_PV_2	7322088784485553867	HDRP/Lit
weaponmodmaterials_assets_tti_jw4_pv_3_0dc699a0fcbaa899b737af3b78b6d58b.bundle	4773792480737217191	TTI_JW4_PV_3.001	7322088784485553867	HDRP/Lit
weaponmodmaterials_assets_uh1_0297b09e3dca5266c40da9002c787e77.bundle	-112972983370703502	UH1	7322088784485553867	HDRP/Lit
weaponmodmaterials_assets_uh1_reticle1_f63a7073a8f283d6266b573121a0e6b7.bundle	-5700238156804360332	UH1_reticle 1	1068173205918574943	Ultimate Scope Shaders/HolographicSight
weaponmodmaterials_assets_uh1_reticle_bfe22e985273b870fef82e71b8e3d238.bundle	-828573040352640328	UH1_reticle	1068173205918574943	Ultimate Scope Shaders/HolographicSight
weaponmodmaterials_assets_upperreceiver_ar10-standart_52a50ca83ad37100d68ef76d4f0bd856.bundle	6058383650803129495	UpperReceiver_AR10-Standart	7322088784485553867	HDRP/Lit
weaponmodmaterials_assets_upperreceiver_ar10-standartfde_59dc1093155752fe3cac0470109f69bb.bundle	7163910693397155594	UpperReceiver_AR10-Standart FDE	7322088784485553867	HDRP/Lit
weaponmodmaterials_assets_upperreciever_aeroprecision-m5_918fefa94a22608bc553f0f6841564a9.bundle	7678067166581240938	UpperReciever_AeroPrecision-M5	7322088784485553867	HDRP/Lit
weaponmodmaterials_assets_upperreciever_aeroprecision-m5fde_13cb15221ab96af51c59fa152e3952ec.bundle	-4302580859638452322	UpperReciever_AeroPrecision-M5 fde	7322088784485553867	HDRP/Lit
weaponmodmaterials_assets_upperreciever_standart_ef2883bdce9bda8d7eb5a495904f8d65.bundle	6440680921721066916	UpperReciever_Standart	7322088784485553867	HDRP/Lit
weaponmodmaterials_assets_urx6105_a9e96369a6a0adc5164b3f582f075d7e.bundle	8325672196570800126	URX6 10 5	-3661740934848837633	MilkShaders/Lit-Template
weaponmodmaterials_assets_urx6105blk_2d78887e5686e1de21aa344880a14df9.bundle	19857356522340981	URX6 10 5 blk	-3661740934848837633	MilkShaders/Lit-Template
weaponmodmaterials_assets_urx6125_aa56a743f847cee33d67c52d0e5bdc7d.bundle	-3975500074375890619	URX6 12 5	-3661740934848837633	MilkShaders/Lit-Template
weaponmodmaterials_assets_urx6125blk_c5303f7c10be2446ef2b48bec97d67d8.bundle	1260347946403695163	URX6 12 5 blk	-3661740934848837633	MilkShaders/Lit-Template
weaponmodmaterials_assets_urx615_2245b6c239a4028af264b0f0491abdb3.bundle	2521112336945128153	URX6 15	-3661740934848837633	MilkShaders/Lit-Template
weaponmodmaterials_assets_urx615blk_3c33026c4d7855b721c98308cd0b122d.bundle	-5140866041959486151	URX6 15 blk	-3661740934848837633	MilkShaders/Lit-Template
weaponmodmaterials_assets_usp_45_body_color_1_06b1f3e255951bd92a0d7af894274161.bundle	-2550349728376482346	USP_45_Body_Color_1	7322088784485553867	HDRP/Lit
weaponmodmaterials_assets_usp_45_body_color_2_ef5b99433c52e930aea0a1eca42ae30a.bundle	6458372889491863323	USP_45_Body_Color_2	7322088784485553867	HDRP/Lit
weaponmodmaterials_assets_usp_45_sight_ems_abfa79e01797ef68b7568f6d7538e217.bundle	4694029853546471532	USP_45_sight_ems	7322088784485553867	HDRP/Lit
weaponmodmaterials_assets_usp_45_slider_10_835dc0cf08dcc3ced763e7c5ab550c3a.bundle	6475876631082433232	USP_45_slider_10	7322088784485553867	HDRP/Lit
weaponmodmaterials_assets_utg_ebd90945b52837edee45e5d971ef8f01.bundle	5622325029914170905	UTG	7322088784485553867	HDRP/Lit
weaponmodmaterials_assets_uvg1_08edc753a297ce7c9f9443c1a1d9bd25.bundle	7309931605116196660	UVG 1	7322088784485553867	HDRP/Lit
weaponmodmaterials_assets_uvg_11bf7ec4513c0940817b821ec080cb8b.bundle	3673983881700115867	UVG	7322088784485553867	HDRP/Lit
weaponmodmaterials_assets_virtus_grip1_f84af1bde883aa72d93f68368bdfc1a3.bundle	-8244084129273341206	virtus_grip 1	-8225816520607640240	MilkShaders/UERemap
weaponmodmaterials_assets_virtus_grip_c96748ee6e051a9c9d7653c8ca444a03.bundle	-4726009501957114990	virtus_grip	-8225816520607640240	MilkShaders/UERemap
weaponmodmaterials_assets_vislaser_6249d2d61ea1ee00960952f26873d2c4.bundle	7095063706306488226	Vis Laser	5951657029987726660	HDRP/Unlit
weaponmodmaterials_assets_vislasergreen_eb848d3961974fc705ef128c03a7f770.bundle	5688008912554330248	Vis Laser Green	7322088784485553867	HDRP/Lit
weaponmodmaterials_assets_vortex1-10_rendertarget_631157d4c41220578149f83782508fc6.bundle	-3482303856266118522	vortex1-10_rendertarget	2191631582626051206	Shader Graphs/RealisticScopeEffect
weaponmodmaterials_assets_vsevenhelios1_89865466f860f9da9f7c409b9159a71d.bundle	2220495529165769268	VSevenHelios 1	7322088784485553867	HDRP/Lit
weaponmodmaterials_assets_vsevenhelios_a9e61275c5491e104aeb347c554d31fb.bundle	-4609632038773595754	VSevenHelios	7322088784485553867	HDRP/Lit
weaponmodmaterials_assets_vudu16_556997d81426f09dbf043d65f648d5f4.bundle	-9109073192558440988	vudu16	7322088784485553867	HDRP/Lit
weaponmodmaterials_assets_vudu16gry1_6273625ae7c84654d4fd8dc5454cbe00.bundle	3591302399033149358	vudu16 gry 1	7322088784485553867	HDRP/Lit
weaponmodmaterials_assets_vudu_rear_glass_5a9656c2eeb6d1e87a459bc2c06c7483.bundle	3237621140270273377	Vudu_Rear_Glass	2191631582626051206	Shader Graphs/RealisticScopeEffect
weaponmodmaterials_assets_warden_mat_758a55309a841ec8656ad7aa8c25c3fe.bundle	5327552277226457521	Warden_Mat	7322088784485553867	HDRP/Lit
weaponmodmaterials_assets_warden_mattan_08fdb0127ca2dc537485cc71c9c82719.bundle	3262510935422367560	Warden_Mat Tan	7322088784485553867	HDRP/Lit
weaponmodmaterials_assets_weapon_light_baldrpro_a13b80d2e98384b7c12424d5032964bf.bundle	3534355918260690305	weapon_light_baldrPRO	7322088784485553867	HDRP/Lit
weaponmodmaterials_assets_white_71014edc02339de44b1289670de1b367.bundle	2231634742841072590	white	7322088784485553867	HDRP/Lit
weaponmodmaterials_assets_wilcoxmount1_395dd1365c7ecac88e2e9771dc3afb15.bundle	-7779540080102180852	WilcoxMount 1	-8225816520607640240	MilkShaders/UERemap
weaponmodmaterials_assets_wilcoxmount_8a65671ae808545ffff62f5b24fa9f4f.bundle	-3585861942500656657	WilcoxMount	-8225816520607640240	MilkShaders/UERemap
weaponmodmaterials_assets_wilcoxriser1_903b25c9c503ef3f6c6487c996f55f95.bundle	4096270644766174068	WilcoxRiser 1	-8225816520607640240	MilkShaders/UERemap
weaponmodmaterials_assets_wilcoxriser_9cf841c6afdd456ecedd5d36ee0cc2b8.bundle	1057606619776127513	WilcoxRiser	-8225816520607640240	MilkShaders/UERemap
weaponmodmaterials_assets_wml_100960ba8e00810446d0f6235724a284.bundle	-170911681857561119	WML	7322088784485553867	HDRP/Lit
weaponmodmaterials_assets_x3001_8deeea39487ac12befade3b062b5784a.bundle	8311574572127566993	x300	7322088784485553867	HDRP/Lit
weaponmodmaterials_assets_x300_1ee27feefee7a33965f0e17ed10bd82f.bundle	6593944368071363223	x300	7322088784485553867	HDRP/Lit
weaponmodmaterials_assets_xps31_0a5ba93a5b68e6f9f0e93637cb7eb66e.bundle	224658780439499193	XPS3 1	7322088784485553867	HDRP/Lit
weaponmodmaterials_assets_xps3_e792de3664f3ec22aacaeceecc749e37.bundle	-1910327375836587677	XPS3	7322088784485553867	HDRP/Lit
weaponmodmaterials_assets_zenitco_sport_11_293fb5f4dff2c4f86027cab8a01c2d11.bundle	6174736388542948370	zenitco_sport_1 1	7322088784485553867	HDRP/Lit
weaponmodmaterials_assets_zenitco_sport_1_7fe6625364f3720251a13aadf934ae30.bundle	4578198276586494189	zenitco_sport_1	7322088784485553867	HDRP/Lit
weaponmodmaterials_assets_zenitpt1_26de6f3c5214422ca1304263e8cad6ff.bundle	5441566562772838822	Zenit PT1	7322088784485553867	HDRP/Lit
weaponmodmaterials_assets_zulu2_505e670d36eaca0f6faaf3df18803af3.bundle	-1233388939830568868	Zulu2	7322088784485553867	HDRP/Lit
weaponmods_stripped_assets_6l3160roundmagazine_5b1e5cf3e997e4b091e77a996ad661d1.bundle	7910980796604705643	6L31_545x39	7322088784485553867	
weaponmods_stripped_assets_ar10lancerl7awm20rndmagazineblk_6c8ffb10926908b8edb1d3177c2234ed.bundle	1589872697418997578	277_Case.001	7322088784485553867	
weaponmods_stripped_assets_ar10lancerl7awm20rndmagazineblk_6c8ffb10926908b8edb1d3177c2234ed.bundle	3062548671400016438	277_Bullet.001	7322088784485553867	
weaponmods_stripped_assets_ar10lancerl7awm20rndmagazineblk_6c8ffb10926908b8edb1d3177c2234ed.bundle	4630632677313622023	Primer_Used_Gold	7322088784485553867	
weaponmods_stripped_assets_ar10lancerl7awm20rndmagazinefde_e8c45ddfeab47ee90fa1ec05122926ee.bundle	1589872697418997578	277_Case.001	7322088784485553867	
weaponmods_stripped_assets_ar10lancerl7awm20rndmagazinefde_e8c45ddfeab47ee90fa1ec05122926ee.bundle	3062548671400016438	277_Bullet.001	7322088784485553867	
weaponmods_stripped_assets_ar10lancerl7awm20rndmagazinefde_e8c45ddfeab47ee90fa1ec05122926ee.bundle	4630632677313622023	Primer_Used_Gold	7322088784485553867	
weaponmods_stripped_assets_burrisxtr141-4x24_1c50908ed661b6275f1dc04f08813df3.bundle	-5568313621351109991	Eye Relief Visualization 1	5951657029987726660	HDRP/Unlit
weaponmods_stripped_assets_burrisxtr141-4x24_1c50908ed661b6275f1dc04f08813df3.bundle	-4227368718118936282	Scope NVG Filter	-3722188480337259500	Shader Graphs/RealisticNVG 2
weaponmods_stripped_assets_burrisxtr141-4x24_1c50908ed661b6275f1dc04f08813df3.bundle	-2617066232814675333	Scope Lens	7322088784485553867	
weaponmods_stripped_assets_burrisxtr141-4x24_1c50908ed661b6275f1dc04f08813df3.bundle	1334375884052870704	Eye Relief Visualization	5951657029987726660	HDRP/Unlit
weaponmods_stripped_assets_crc2u073_00a231ef7cc19c72435f112de3f61a39.bundle	2095681441936442569	CRC9U028	-3661740934848837633	
weaponmods_stripped_assets_crc2u073fde_f5d178060e65fda3b0517e9e092b4815.bundle	2095681441936442569	CRC9U028	-3661740934848837633	
weaponmods_stripped_assets_crc2u073odg_6c3a3a9bc9676f3439338c51f856d419.bundle	2095681441936442569	CRC9U028	-3661740934848837633	
weaponmods_stripped_assets_danieldefencemk18upperreciever_7bfeb63798b0ce2fb0385a83e382917e.bundle	4533107413064354139	Decal 1	4875424836180526704	HDRP/Decal
weaponmods_stripped_assets_danieldefencemk18upperreciever_7bfeb63798b0ce2fb0385a83e382917e.bundle	8896067405458194660	Decal	4875424836180526704	HDRP/Decal
weaponmods_stripped_assets_danieldefencemk18upperrecieverfde_c247e4fcfb1d5b7cd38f1c6f048663e4.bundle	4533107413064354139	Decal 1	4875424836180526704	HDRP/Decal
weaponmods_stripped_assets_danieldefencemk18upperrecieverfde_c247e4fcfb1d5b7cd38f1c6f048663e4.bundle	8896067405458194660	Decal	4875424836180526704	HDRP/Decal
weaponmods_stripped_assets_dd_ris_ii_blk_40c3f907c139329f995a790e7ee6ba10.bundle	8528264540977641907	Handguard_RIS-II-9.5	-7803075278752278772	HDRP/Autodesk Interactive/AutodeskInteractive
weaponmods_stripped_assets_eotechexps-3blk_a60c55b9113f19ce1925a6a4df3985b4.bundle	5407560855275626542	EXPS3 glass	7322088784485553867	
weaponmods_stripped_assets_eotechexps-3blk_a60c55b9113f19ce1925a6a4df3985b4.bundle	8341510371973634702	EXPS3_reticle	-4194201878724235110	Shader Graphs/Reticle
weaponmods_stripped_assets_eotechexps-3fde_5c8fe68ebfeb162e23a4281ace8c4cdb.bundle	5407560855275626542	EXPS3 glass	7322088784485553867	
weaponmods_stripped_assets_eotechexps-3fde_5c8fe68ebfeb162e23a4281ace8c4cdb.bundle	8341510371973634702	EXPS3_reticle	-4194201878724235110	Shader Graphs/Reticle
weaponmods_stripped_assets_eotechexps-3mcvariant_e2deae375dc376e758b45abe57809074.bundle	5407560855275626542	EXPS3 glass	7322088784485553867	
weaponmods_stripped_assets_eotechexps-3mcvariant_e2deae375dc376e758b45abe57809074.bundle	8341510371973634702	EXPS3_reticle	-4194201878724235110	Shader Graphs/Reticle
weaponmods_stripped_assets_eotechg33magnifer_8525996a01d97f3d82f8b24e6a329e5f.bundle	-5568313621351109991	Eye Relief Visualization 1	5951657029987726660	HDRP/Unlit
weaponmods_stripped_assets_eotechg33magnifer_8525996a01d97f3d82f8b24e6a329e5f.bundle	-4227368718118936282	Scope NVG Filter	-3722188480337259500	Shader Graphs/RealisticNVG 2
weaponmods_stripped_assets_eotechg33magnifer_8525996a01d97f3d82f8b24e6a329e5f.bundle	-2617066232814675333	Scope Lens	7322088784485553867	
weaponmods_stripped_assets_eotechg33magnifer_8525996a01d97f3d82f8b24e6a329e5f.bundle	1334375884052870704	Eye Relief Visualization	5951657029987726660	HDRP/Unlit
weaponmods_stripped_assets_eotechg33magniferblk_dcda3a3ff8421ceab29803270d0f6713.bundle	-5568313621351109991	Eye Relief Visualization 1	5951657029987726660	HDRP/Unlit
weaponmods_stripped_assets_eotechg33magniferblk_dcda3a3ff8421ceab29803270d0f6713.bundle	-4227368718118936282	Scope NVG Filter	-3722188480337259500	Shader Graphs/RealisticNVG 2
weaponmods_stripped_assets_eotechg33magniferblk_dcda3a3ff8421ceab29803270d0f6713.bundle	-2617066232814675333	Scope Lens	7322088784485553867	
weaponmods_stripped_assets_eotechg33magniferblk_dcda3a3ff8421ceab29803270d0f6713.bundle	1334375884052870704	Eye Relief Visualization	5951657029987726660	HDRP/Unlit
weaponmods_stripped_assets_eotechg33magniferblk_dcda3a3ff8421ceab29803270d0f6713.bundle	5407560855275626542	EXPS3 glass	7322088784485553867	
weaponmods_stripped_assets_eotechg33magniferblk_dcda3a3ff8421ceab29803270d0f6713.bundle	8341510371973634702	EXPS3_reticle	-4194201878724235110	Shader Graphs/Reticle
weaponmods_stripped_assets_eotechg33wilcoxanodizedtan_4ce7b6fbe0a77fbdb41afaa65e8e6606.bundle	-5568313621351109991	Eye Relief Visualization 1	5951657029987726660	HDRP/Unlit
weaponmods_stripped_assets_eotechg33wilcoxanodizedtan_4ce7b6fbe0a77fbdb41afaa65e8e6606.bundle	-4227368718118936282	Scope NVG Filter	-3722188480337259500	Shader Graphs/RealisticNVG 2
weaponmods_stripped_assets_eotechg33wilcoxanodizedtan_4ce7b6fbe0a77fbdb41afaa65e8e6606.bundle	-2617066232814675333	Scope Lens	7322088784485553867	
weaponmods_stripped_assets_eotechg33wilcoxanodizedtan_4ce7b6fbe0a77fbdb41afaa65e8e6606.bundle	1334375884052870704	Eye Relief Visualization	5951657029987726660	HDRP/Unlit
weaponmods_stripped_assets_eotechg33wilcoxblk_008bc40fa705676790a4b20d08f060cf.bundle	-5568313621351109991	Eye Relief Visualization 1	5951657029987726660	HDRP/Unlit
weaponmods_stripped_assets_eotechg33wilcoxblk_008bc40fa705676790a4b20d08f060cf.bundle	-4227368718118936282	Scope NVG Filter	-3722188480337259500	Shader Graphs/RealisticNVG 2
weaponmods_stripped_assets_eotechg33wilcoxblk_008bc40fa705676790a4b20d08f060cf.bundle	-2617066232814675333	Scope Lens	7322088784485553867	
weaponmods_stripped_assets_eotechg33wilcoxblk_008bc40fa705676790a4b20d08f060cf.bundle	1334375884052870704	Eye Relief Visualization	5951657029987726660	HDRP/Unlit
weaponmods_stripped_assets_eotechg43magnifer_34826f3c452a611f3ee51864e217d643.bundle	-5568313621351109991	Eye Relief Visualization 1	5951657029987726660	HDRP/Unlit
weaponmods_stripped_assets_eotechg43magnifer_34826f3c452a611f3ee51864e217d643.bundle	-4227368718118936282	Scope NVG Filter	-3722188480337259500	Shader Graphs/RealisticNVG 2
weaponmods_stripped_assets_eotechg43magnifer_34826f3c452a611f3ee51864e217d643.bundle	-2617066232814675333	Scope Lens	7322088784485553867	
weaponmods_stripped_assets_eotechg43magnifer_34826f3c452a611f3ee51864e217d643.bundle	1334375884052870704	Eye Relief Visualization	5951657029987726660	HDRP/Unlit
weaponmods_stripped_assets_eotechg43magniferblk_877b1501b53f978727043523d8af2ce5.bundle	-5568313621351109991	Eye Relief Visualization 1	5951657029987726660	HDRP/Unlit
weaponmods_stripped_assets_eotechg43magniferblk_877b1501b53f978727043523d8af2ce5.bundle	-4227368718118936282	Scope NVG Filter	-3722188480337259500	Shader Graphs/RealisticNVG 2
weaponmods_stripped_assets_eotechg43magniferblk_877b1501b53f978727043523d8af2ce5.bundle	-2617066232814675333	Scope Lens	7322088784485553867	
weaponmods_stripped_assets_eotechg43magniferblk_877b1501b53f978727043523d8af2ce5.bundle	1334375884052870704	Eye Relief Visualization	5951657029987726660	HDRP/Unlit
weaponmods_stripped_assets_eotechg43wilcoxanodizedblackvariant_8f78adf7b9557b327ead002d3a86b32b.bundle	-5568313621351109991	Eye Relief Visualization 1	5951657029987726660	HDRP/Unlit
weaponmods_stripped_assets_eotechg43wilcoxanodizedblackvariant_8f78adf7b9557b327ead002d3a86b32b.bundle	-4227368718118936282	Scope NVG Filter	-3722188480337259500	Shader Graphs/RealisticNVG 2
weaponmods_stripped_assets_eotechg43wilcoxanodizedblackvariant_8f78adf7b9557b327ead002d3a86b32b.bundle	-2617066232814675333	Scope Lens	7322088784485553867	
weaponmods_stripped_assets_eotechg43wilcoxanodizedblackvariant_8f78adf7b9557b327ead002d3a86b32b.bundle	1334375884052870704	Eye Relief Visualization	5951657029987726660	HDRP/Unlit
weaponmods_stripped_assets_eotechg43wilcoxanodizedtan_8753f12ef561aa0fada6eff394d9d678.bundle	-5568313621351109991	Eye Relief Visualization 1	5951657029987726660	HDRP/Unlit
weaponmods_stripped_assets_eotechg43wilcoxanodizedtan_8753f12ef561aa0fada6eff394d9d678.bundle	-4227368718118936282	Scope NVG Filter	-3722188480337259500	Shader Graphs/RealisticNVG 2
weaponmods_stripped_assets_eotechg43wilcoxanodizedtan_8753f12ef561aa0fada6eff394d9d678.bundle	-2617066232814675333	Scope Lens	7322088784485553867	
weaponmods_stripped_assets_eotechg43wilcoxanodizedtan_8753f12ef561aa0fada6eff394d9d678.bundle	1334375884052870704	Eye Relief Visualization	5951657029987726660	HDRP/Unlit
weaponmods_stripped_assets_eotechvudu_a760dcc2184816a1b0fe8dc3b5a4572d.bundle	-5568313621351109991	Eye Relief Visualization 1	5951657029987726660	HDRP/Unlit
weaponmods_stripped_assets_eotechvudu_a760dcc2184816a1b0fe8dc3b5a4572d.bundle	-4227368718118936282	Scope NVG Filter	-3722188480337259500	Shader Graphs/RealisticNVG 2
weaponmods_stripped_assets_eotechvudu_a760dcc2184816a1b0fe8dc3b5a4572d.bundle	-2617066232814675333	Scope Lens	7322088784485553867	
weaponmods_stripped_assets_eotechvudu_a760dcc2184816a1b0fe8dc3b5a4572d.bundle	1334375884052870704	Eye Relief Visualization	5951657029987726660	HDRP/Unlit
weaponmods_stripped_assets_f200011_8da18fb8394abd87d3a2bfc8c49b5a04.bundle	-5568313621351109991	Eye Relief Visualization 1	5951657029987726660	HDRP/Unlit
weaponmods_stripped_assets_f200011_8da18fb8394abd87d3a2bfc8c49b5a04.bundle	-4227368718118936282	Scope NVG Filter	-3722188480337259500	Shader Graphs/RealisticNVG 2
weaponmods_stripped_assets_f200011_8da18fb8394abd87d3a2bfc8c49b5a04.bundle	-2617066232814675333	Scope Lens	7322088784485553867	
weaponmods_stripped_assets_f200011_8da18fb8394abd87d3a2bfc8c49b5a04.bundle	1334375884052870704	Eye Relief Visualization	5951657029987726660	HDRP/Unlit
weaponmods_stripped_assets_f20001_e37a5b495bbaeff10b43da7a5c2f4d55.bundle	-5568313621351109991	Eye Relief Visualization 1	5951657029987726660	HDRP/Unlit
weaponmods_stripped_assets_f20001_e37a5b495bbaeff10b43da7a5c2f4d55.bundle	-4227368718118936282	Scope NVG Filter	-3722188480337259500	Shader Graphs/RealisticNVG 2
weaponmods_stripped_assets_f20001_e37a5b495bbaeff10b43da7a5c2f4d55.bundle	-2617066232814675333	Scope Lens	7322088784485553867	
weaponmods_stripped_assets_f20001_e37a5b495bbaeff10b43da7a5c2f4d55.bundle	1334375884052870704	Eye Relief Visualization	5951657029987726660	HDRP/Unlit
weaponmods_stripped_assets_fde_std_ar15-pistolgrip_b9937c8541e21e9920baf57cc62b5a43.bundle	-3219025803684200654	PistolGrip_STD	-7803075278752278772	HDRP/Autodesk Interactive/AutodeskInteractive
weaponmods_stripped_assets_ftceotechaimpoint3xmagnifer_828453bf3c3f822b5ef924d34087cfbc.bundle	-5568313621351109991	Eye Relief Visualization 1	5951657029987726660	HDRP/Unlit
weaponmods_stripped_assets_ftceotechaimpoint3xmagnifer_828453bf3c3f822b5ef924d34087cfbc.bundle	-4227368718118936282	Scope NVG Filter	-3722188480337259500	Shader Graphs/RealisticNVG 2
weaponmods_stripped_assets_ftceotechaimpoint3xmagnifer_828453bf3c3f822b5ef924d34087cfbc.bundle	-2617066232814675333	Scope Lens	7322088784485553867	
weaponmods_stripped_assets_ftceotechaimpoint3xmagnifer_828453bf3c3f822b5ef924d34087cfbc.bundle	1334375884052870704	Eye Relief Visualization	5951657029987726660	HDRP/Unlit
weaponmods_stripped_assets_ftceotechg33magniferblk_1a4365a0bdea70d1cff3f51a729a6ead.bundle	-5568313621351109991	Eye Relief Visualization 1	5951657029987726660	HDRP/Unlit
weaponmods_stripped_assets_ftceotechg33magniferblk_1a4365a0bdea70d1cff3f51a729a6ead.bundle	-4227368718118936282	Scope NVG Filter	-3722188480337259500	Shader Graphs/RealisticNVG 2
weaponmods_stripped_assets_ftceotechg33magniferblk_1a4365a0bdea70d1cff3f51a729a6ead.bundle	-2617066232814675333	Scope Lens	7322088784485553867	
weaponmods_stripped_assets_ftceotechg33magniferblk_1a4365a0bdea70d1cff3f51a729a6ead.bundle	1334375884052870704	Eye Relief Visualization	5951657029987726660	HDRP/Unlit
weaponmods_stripped_assets_ftceotechg33magniferfde_974eb38a402031d4c15509036e283743.bundle	-5568313621351109991	Eye Relief Visualization 1	5951657029987726660	HDRP/Unlit
weaponmods_stripped_assets_ftceotechg33magniferfde_974eb38a402031d4c15509036e283743.bundle	-4227368718118936282	Scope NVG Filter	-3722188480337259500	Shader Graphs/RealisticNVG 2
weaponmods_stripped_assets_ftceotechg33magniferfde_974eb38a402031d4c15509036e283743.bundle	-2617066232814675333	Scope Lens	7322088784485553867	
weaponmods_stripped_assets_ftceotechg33magniferfde_974eb38a402031d4c15509036e283743.bundle	1334375884052870704	Eye Relief Visualization	5951657029987726660	HDRP/Unlit
weaponmods_stripped_assets_hk416dquadrailhandguard_3529ba45c47e82ae9df1b64cb44233d4.bundle	8105887640339717265	HK_HandguardQuad	7322088784485553867	
weaponmods_stripped_assets_hkmp7b&trotex24_2061ed781f55f157d75f44fa2437b46d.bundle	-4990458015128749726	Rotex2 1	7322088784485553867	
weaponmods_stripped_assets_leupoldhamr4x24_6e2824ba48bd58ac2a2bb81460dd8005.bundle	-5568313621351109991	Eye Relief Visualization 1	5951657029987726660	HDRP/Unlit
weaponmods_stripped_assets_leupoldhamr4x24_6e2824ba48bd58ac2a2bb81460dd8005.bundle	-4227368718118936282	Scope NVG Filter	-3722188480337259500	Shader Graphs/RealisticNVG 2
weaponmods_stripped_assets_leupoldhamr4x24_6e2824ba48bd58ac2a2bb81460dd8005.bundle	-2617066232814675333	Scope Lens	7322088784485553867	
weaponmods_stripped_assets_leupoldhamr4x24_6e2824ba48bd58ac2a2bb81460dd8005.bundle	-2418913721777531468	hamr_reticle	7322088784485553867	
weaponmods_stripped_assets_leupoldhamr4x24_6e2824ba48bd58ac2a2bb81460dd8005.bundle	1334375884052870704	Eye Relief Visualization	5951657029987726660	HDRP/Unlit
weaponmods_stripped_assets_leupoldmark3hd3-9x40_81a3147836baa453fdf56918e7098444.bundle	-5568313621351109991	Eye Relief Visualization 1	5951657029987726660	HDRP/Unlit
weaponmods_stripped_assets_leupoldmark3hd3-9x40_81a3147836baa453fdf56918e7098444.bundle	-4227368718118936282	Scope NVG Filter	-3722188480337259500	Shader Graphs/RealisticNVG 2
weaponmods_stripped_assets_leupoldmark3hd3-9x40_81a3147836baa453fdf56918e7098444.bundle	-2617066232814675333	Scope Lens	7322088784485553867	
weaponmods_stripped_assets_leupoldmark3hd3-9x40_81a3147836baa453fdf56918e7098444.bundle	1334375884052870704	Eye Relief Visualization	5951657029987726660	HDRP/Unlit
weaponmods_stripped_assets_leupoldmark431_6c04357a5f43bb40425719be5f250899.bundle	-5568313621351109991	Eye Relief Visualization 1	5951657029987726660	HDRP/Unlit
weaponmods_stripped_assets_leupoldmark431_6c04357a5f43bb40425719be5f250899.bundle	-4227368718118936282	Scope NVG Filter	-3722188480337259500	Shader Graphs/RealisticNVG 2
weaponmods_stripped_assets_leupoldmark431_6c04357a5f43bb40425719be5f250899.bundle	-2617066232814675333	Scope Lens	7322088784485553867	
weaponmods_stripped_assets_leupoldmark431_6c04357a5f43bb40425719be5f250899.bundle	1334375884052870704	Eye Relief Visualization	5951657029987726660	HDRP/Unlit
weaponmods_stripped_assets_leupoldmark43_fc982e63c7d2244d1a82444d9f3b515d.bundle	-5568313621351109991	Eye Relief Visualization 1	5951657029987726660	HDRP/Unlit
weaponmods_stripped_assets_leupoldmark43_fc982e63c7d2244d1a82444d9f3b515d.bundle	-4227368718118936282	Scope NVG Filter	-3722188480337259500	Shader Graphs/RealisticNVG 2
weaponmods_stripped_assets_leupoldmark43_fc982e63c7d2244d1a82444d9f3b515d.bundle	-2617066232814675333	Scope Lens	7322088784485553867	
weaponmods_stripped_assets_leupoldmark43_fc982e63c7d2244d1a82444d9f3b515d.bundle	1334375884052870704	Eye Relief Visualization	5951657029987726660	HDRP/Unlit
weaponmods_stripped_assets_nightforceatacr1-8x24_37638c0c6ae13b1f10f815c3d8119537.bundle	-5568313621351109991	Eye Relief Visualization 1	5951657029987726660	HDRP/Unlit
weaponmods_stripped_assets_nightforceatacr1-8x24_37638c0c6ae13b1f10f815c3d8119537.bundle	-4227368718118936282	Scope NVG Filter	-3722188480337259500	Shader Graphs/RealisticNVG 2
weaponmods_stripped_assets_nightforceatacr1-8x24_37638c0c6ae13b1f10f815c3d8119537.bundle	-2617066232814675333	Scope Lens	7322088784485553867	
weaponmods_stripped_assets_nightforceatacr1-8x24_37638c0c6ae13b1f10f815c3d8119537.bundle	1334375884052870704	Eye Relief Visualization	5951657029987726660	HDRP/Unlit
weaponmods_stripped_assets_pvs30_565dc6d4603ce9ff02211095f3b23460.bundle	-5568313621351109991	Eye Relief Visualization 1	5951657029987726660	HDRP/Unlit
weaponmods_stripped_assets_pvs30_565dc6d4603ce9ff02211095f3b23460.bundle	-4227368718118936282	Scope NVG Filter	-3722188480337259500	
weaponmods_stripped_assets_pvs30_565dc6d4603ce9ff02211095f3b23460.bundle	-2617066232814675333	Scope Lens	7322088784485553867	
weaponmods_stripped_assets_pvs30_565dc6d4603ce9ff02211095f3b23460.bundle	1334375884052870704	Eye Relief Visualization	5951657029987726660	HDRP/Unlit
weaponmods_stripped_assets_s&b1-8x24pmiishortdotcc_ad25556927fef1c3bf351f939513bb69.bundle	-5568313621351109991	Eye Relief Visualization 1	5951657029987726660	HDRP/Unlit
weaponmods_stripped_assets_s&b1-8x24pmiishortdotcc_ad25556927fef1c3bf351f939513bb69.bundle	-4227368718118936282	Scope NVG Filter	-3722188480337259500	Shader Graphs/RealisticNVG 2
weaponmods_stripped_assets_s&b1-8x24pmiishortdotcc_ad25556927fef1c3bf351f939513bb69.bundle	-2617066232814675333	Scope Lens	7322088784485553867	
weaponmods_stripped_assets_s&b1-8x24pmiishortdotcc_ad25556927fef1c3bf351f939513bb69.bundle	1334375884052870704	Eye Relief Visualization	5951657029987726660	HDRP/Unlit
weaponmods_stripped_assets_s&b1-8x24pmiishortdotccfde_6106cfb5d878e8634618aee3e1fd3360.bundle	-5568313621351109991	Eye Relief Visualization 1	5951657029987726660	HDRP/Unlit
weaponmods_stripped_assets_s&b1-8x24pmiishortdotccfde_6106cfb5d878e8634618aee3e1fd3360.bundle	-4227368718118936282	Scope NVG Filter	-3722188480337259500	Shader Graphs/RealisticNVG 2
weaponmods_stripped_assets_s&b1-8x24pmiishortdotccfde_6106cfb5d878e8634618aee3e1fd3360.bundle	-2617066232814675333	Scope Lens	7322088784485553867	
weaponmods_stripped_assets_s&b1-8x24pmiishortdotccfde_6106cfb5d878e8634618aee3e1fd3360.bundle	1334375884052870704	Eye Relief Visualization	5951657029987726660	HDRP/Unlit
weaponmods_stripped_assets_s&bpmii5-25x56_5dfce9ecc5154cd2741871483deb4974.bundle	-7933784934670602281	525pm2_holdout	7322088784485553867	
weaponmods_stripped_assets_s&bpmii5-25x56_5dfce9ecc5154cd2741871483deb4974.bundle	-5568313621351109991	Eye Relief Visualization 1	5951657029987726660	HDRP/Unlit
weaponmods_stripped_assets_s&bpmii5-25x56_5dfce9ecc5154cd2741871483deb4974.bundle	-4227368718118936282	Scope NVG Filter	-3722188480337259500	Shader Graphs/RealisticNVG 2
weaponmods_stripped_assets_s&bpmii5-25x56_5dfce9ecc5154cd2741871483deb4974.bundle	-2617066232814675333	Scope Lens	7322088784485553867	
weaponmods_stripped_assets_s&bpmii5-25x56_5dfce9ecc5154cd2741871483deb4974.bundle	1334375884052870704	Eye Relief Visualization	5951657029987726660	HDRP/Unlit
weaponmods_stripped_assets_s&bpmii5-25x56blk_2e11daf7b92b81803370bea1f6367522.bundle	-7933784934670602281	525pm2_holdout	7322088784485553867	
weaponmods_stripped_assets_s&bpmii5-25x56blk_2e11daf7b92b81803370bea1f6367522.bundle	-5568313621351109991	Eye Relief Visualization 1	5951657029987726660	HDRP/Unlit
weaponmods_stripped_assets_s&bpmii5-25x56blk_2e11daf7b92b81803370bea1f6367522.bundle	-4227368718118936282	Scope NVG Filter	-3722188480337259500	Shader Graphs/RealisticNVG 2
weaponmods_stripped_assets_s&bpmii5-25x56blk_2e11daf7b92b81803370bea1f6367522.bundle	-2617066232814675333	Scope Lens	7322088784485553867	
weaponmods_stripped_assets_s&bpmii5-25x56blk_2e11daf7b92b81803370bea1f6367522.bundle	1334375884052870704	Eye Relief Visualization	5951657029987726660	HDRP/Unlit
weaponmods_stripped_assets_sigsauerbravo4_ab0bb12164e864135e34106b8a795f70.bundle	-5568313621351109991	Eye Relief Visualization 1	5951657029987726660	HDRP/Unlit
weaponmods_stripped_assets_sigsauerbravo4_ab0bb12164e864135e34106b8a795f70.bundle	-4227368718118936282	Scope NVG Filter	-3722188480337259500	Shader Graphs/RealisticNVG 2
weaponmods_stripped_assets_sigsauerbravo4_ab0bb12164e864135e34106b8a795f70.bundle	-2617066232814675333	Scope Lens	7322088784485553867	
weaponmods_stripped_assets_sigsauerbravo4_ab0bb12164e864135e34106b8a795f70.bundle	1334375884052870704	Eye Relief Visualization	5951657029987726660	HDRP/Unlit
weaponmods_stripped_assets_sigsauertango61-6xblk_a86f1433550932f5c7f06016a670f9f2.bundle	-5568313621351109991	Eye Relief Visualization 1	5951657029987726660	HDRP/Unlit
weaponmods_stripped_assets_sigsauertango61-6xblk_a86f1433550932f5c7f06016a670f9f2.bundle	-4227368718118936282	Scope NVG Filter	-3722188480337259500	Shader Graphs/RealisticNVG 2
weaponmods_stripped_assets_sigsauertango61-6xblk_a86f1433550932f5c7f06016a670f9f2.bundle	-2617066232814675333	Scope Lens	7322088784485553867	
weaponmods_stripped_assets_sigsauertango61-6xblk_a86f1433550932f5c7f06016a670f9f2.bundle	1334375884052870704	Eye Relief Visualization	5951657029987726660	HDRP/Unlit
weaponmods_stripped_assets_sigsauertango61-6xfde_6ce588937c4dc3fc45574153b963a420.bundle	-5568313621351109991	Eye Relief Visualization 1	5951657029987726660	HDRP/Unlit
weaponmods_stripped_assets_sigsauertango61-6xfde_6ce588937c4dc3fc45574153b963a420.bundle	-4227368718118936282	Scope NVG Filter	-3722188480337259500	Shader Graphs/RealisticNVG 2
weaponmods_stripped_assets_sigsauertango61-6xfde_6ce588937c4dc3fc45574153b963a420.bundle	-2617066232814675333	Scope Lens	7322088784485553867	
weaponmods_stripped_assets_sigsauertango61-6xfde_6ce588937c4dc3fc45574153b963a420.bundle	1334375884052870704	Eye Relief Visualization	5951657029987726660	HDRP/Unlit
weaponmods_stripped_assets_specterdrelcan1x-4xscope_9baba6fb87221f7cdf0f58d600ae5165.bundle	-5568313621351109991	Eye Relief Visualization 1	5951657029987726660	HDRP/Unlit
weaponmods_stripped_assets_specterdrelcan1x-4xscope_9baba6fb87221f7cdf0f58d600ae5165.bundle	-4227368718118936282	Scope NVG Filter	-3722188480337259500	Shader Graphs/RealisticNVG 2
weaponmods_stripped_assets_specterdrelcan1x-4xscope_9baba6fb87221f7cdf0f58d600ae5165.bundle	-2617066232814675333	Scope Lens	7322088784485553867	
weaponmods_stripped_assets_specterdrelcan1x-4xscope_9baba6fb87221f7cdf0f58d600ae5165.bundle	1334375884052870704	Eye Relief Visualization	5951657029987726660	HDRP/Unlit
weaponmods_stripped_assets_specterdrelcan1x-4xscopefde_d00e6a4c1aa26512618786571c5df220.bundle	-5568313621351109991	Eye Relief Visualization 1	5951657029987726660	HDRP/Unlit
weaponmods_stripped_assets_specterdrelcan1x-4xscopefde_d00e6a4c1aa26512618786571c5df220.bundle	-4227368718118936282	Scope NVG Filter	-3722188480337259500	Shader Graphs/RealisticNVG 2
weaponmods_stripped_assets_specterdrelcan1x-4xscopefde_d00e6a4c1aa26512618786571c5df220.bundle	-2617066232814675333	Scope Lens	7322088784485553867	
weaponmods_stripped_assets_specterdrelcan1x-4xscopefde_d00e6a4c1aa26512618786571c5df220.bundle	1334375884052870704	Eye Relief Visualization	5951657029987726660	HDRP/Unlit
weaponmods_stripped_assets_surefirem600v_fa9709b7fa991e90d2602b5227eb9d0b.bundle	1915630507147359522	M600V	7322088784485553867	
weaponmods_stripped_assets_surefirem600vfde_1a5d6850b795bec9feb1aec31d52f2bd.bundle	1915630507147359522	M600V	7322088784485553867	
weaponmods_stripped_assets_svd10rndmag_147621156e83dcfe0752cd7a3c1efce9.bundle	-6237167049109890251	762x54_Case.001	7322088784485553867	
weaponmods_stripped_assets_svd10rndmag_147621156e83dcfe0752cd7a3c1efce9.bundle	-1834761522948944764	762x54_Bullet.001	7322088784485553867	
weaponmods_stripped_assets_svd10rndmag_147621156e83dcfe0752cd7a3c1efce9.bundle	6872974778704564490	Primer_Used_Russian	7322088784485553867	
weaponmods_stripped_assets_svd20rndmag_7fa6cfd4082269683cbf0c80ca8389c6.bundle	-6237167049109890251	762x54_Case.001	7322088784485553867	
weaponmods_stripped_assets_svd20rndmag_7fa6cfd4082269683cbf0c80ca8389c6.bundle	-1834761522948944764	762x54_Bullet.001	7322088784485553867	
weaponmods_stripped_assets_svd20rndmag_7fa6cfd4082269683cbf0c80ca8389c6.bundle	6872974778704564490	Primer_Used_Russian	7322088784485553867	
weaponmods_stripped_assets_trijiconmro_227a6ab0fe03a6dbecdf079e6337eebb.bundle	3841829421187466708	pro_rearglass	7322088784485553867	
weaponmods_stripped_assets_trijiconmrofde_91f47225d208ad8394a78401ef06fd1c.bundle	3841829421187466708	pro_rearglass	7322088784485553867	
weaponmods_stripped_assets_trijiconta31acog_carryhandle_fe6882544c24deb95179c9e0ca6b0bd3.bundle	-8854559439139222261	acog_rendertarget nondualrender	355448475513896478	Shader Graphs/_NonDualRender RealisticScopeEffect
weaponmods_stripped_assets_trijiconta31acog_carryhandle_fe6882544c24deb95179c9e0ca6b0bd3.bundle	-5568313621351109991	Eye Relief Visualization 1	5951657029987726660	HDRP/Unlit
weaponmods_stripped_assets_trijiconta31acog_carryhandle_fe6882544c24deb95179c9e0ca6b0bd3.bundle	-4639163944998814157	acog_ard	-8225816520607640240	
weaponmods_stripped_assets_trijiconta31acog_carryhandle_fe6882544c24deb95179c9e0ca6b0bd3.bundle	-4227368718118936282	Scope NVG Filter	-3722188480337259500	Shader Graphs/RealisticNVG 2
weaponmods_stripped_assets_trijiconta31acog_carryhandle_fe6882544c24deb95179c9e0ca6b0bd3.bundle	-2617066232814675333	Scope Lens	7322088784485553867	
weaponmods_stripped_assets_trijiconta31acog_carryhandle_fe6882544c24deb95179c9e0ca6b0bd3.bundle	1334375884052870704	Eye Relief Visualization	5951657029987726660	HDRP/Unlit
weaponmods_stripped_assets_trijiconta31acog_carryhandlefdevariant_184d06725b1e9c1ab2740e0fcc255006.bundle	-8854559439139222261	acog_rendertarget nondualrender	355448475513896478	Shader Graphs/_NonDualRender RealisticScopeEffect
weaponmods_stripped_assets_trijiconta31acog_carryhandlefdevariant_184d06725b1e9c1ab2740e0fcc255006.bundle	-5568313621351109991	Eye Relief Visualization 1	5951657029987726660	HDRP/Unlit
weaponmods_stripped_assets_trijiconta31acog_carryhandlefdevariant_184d06725b1e9c1ab2740e0fcc255006.bundle	-4639163944998814157	acog_ard	-8225816520607640240	
weaponmods_stripped_assets_trijiconta31acog_carryhandlefdevariant_184d06725b1e9c1ab2740e0fcc255006.bundle	-4227368718118936282	Scope NVG Filter	-3722188480337259500	Shader Graphs/RealisticNVG 2
weaponmods_stripped_assets_trijiconta31acog_carryhandlefdevariant_184d06725b1e9c1ab2740e0fcc255006.bundle	-2617066232814675333	Scope Lens	7322088784485553867	
weaponmods_stripped_assets_trijiconta31acog_carryhandlefdevariant_184d06725b1e9c1ab2740e0fcc255006.bundle	1334375884052870704	Eye Relief Visualization	5951657029987726660	HDRP/Unlit
weaponmods_stripped_assets_trijiconta31acog_d0ef17a4a4c50c24ca23259db893d2e3.bundle	-8854559439139222261	acog_rendertarget nondualrender	355448475513896478	Shader Graphs/_NonDualRender RealisticScopeEffect
weaponmods_stripped_assets_trijiconta31acog_d0ef17a4a4c50c24ca23259db893d2e3.bundle	-5568313621351109991	Eye Relief Visualization 1	5951657029987726660	HDRP/Unlit
weaponmods_stripped_assets_trijiconta31acog_d0ef17a4a4c50c24ca23259db893d2e3.bundle	-4639163944998814157	acog_ard	-8225816520607640240	
weaponmods_stripped_assets_trijiconta31acog_d0ef17a4a4c50c24ca23259db893d2e3.bundle	-4227368718118936282	Scope NVG Filter	-3722188480337259500	Shader Graphs/RealisticNVG 2
weaponmods_stripped_assets_trijiconta31acog_d0ef17a4a4c50c24ca23259db893d2e3.bundle	-2617066232814675333	Scope Lens	7322088784485553867	
weaponmods_stripped_assets_trijiconta31acog_d0ef17a4a4c50c24ca23259db893d2e3.bundle	1334375884052870704	Eye Relief Visualization	5951657029987726660	HDRP/Unlit
weaponmods_stripped_assets_trijiconta31acogfde_326c99697e485346ddf2e12f3d8b351a.bundle	-8854559439139222261	acog_rendertarget nondualrender	355448475513896478	Shader Graphs/_NonDualRender RealisticScopeEffect
weaponmods_stripped_assets_trijiconta31acogfde_326c99697e485346ddf2e12f3d8b351a.bundle	-5568313621351109991	Eye Relief Visualization 1	5951657029987726660	HDRP/Unlit
weaponmods_stripped_assets_trijiconta31acogfde_326c99697e485346ddf2e12f3d8b351a.bundle	-4639163944998814157	acog_ard	-8225816520607640240	
weaponmods_stripped_assets_trijiconta31acogfde_326c99697e485346ddf2e12f3d8b351a.bundle	-4227368718118936282	Scope NVG Filter	-3722188480337259500	Shader Graphs/RealisticNVG 2
weaponmods_stripped_assets_trijiconta31acogfde_326c99697e485346ddf2e12f3d8b351a.bundle	-2617066232814675333	Scope Lens	7322088784485553867	
weaponmods_stripped_assets_trijiconta31acogfde_326c99697e485346ddf2e12f3d8b351a.bundle	1334375884052870704	Eye Relief Visualization	5951657029987726660	HDRP/Unlit
weaponmods_stripped_assets_unityriser_0a2749fc709decd047032ca29eb1c0d1.bundle	3210532810436723925	Riser	7322088784485553867	
weaponmods_stripped_assets_unityriserfde_bd8fcf01803e1f803d705feb86de498d.bundle	3210532810436723925	Riser	7322088784485553867	
weaponmods_stripped_assets_usp45_magazine_a1a6060d7d20a9ada35574ebbdd6bc7c.bundle	3790511895422246627	USP_45_Bullet	7322088784485553867	
weaponmods_stripped_assets_vectoropticssvddragunov6x36ffpscope_60659e11eac78986ef3d3a03d0912bf1.bundle	-5568313621351109991	Eye Relief Visualization 1	5951657029987726660	HDRP/Unlit
weaponmods_stripped_assets_vectoropticssvddragunov6x36ffpscope_60659e11eac78986ef3d3a03d0912bf1.bundle	-4227368718118936282	Scope NVG Filter	-3722188480337259500	Shader Graphs/RealisticNVG 2
weaponmods_stripped_assets_vectoropticssvddragunov6x36ffpscope_60659e11eac78986ef3d3a03d0912bf1.bundle	-2617066232814675333	Scope Lens	7322088784485553867	
weaponmods_stripped_assets_vectoropticssvddragunov6x36ffpscope_60659e11eac78986ef3d3a03d0912bf1.bundle	1334375884052870704	Eye Relief Visualization	5951657029987726660	HDRP/Unlit
weaponmods_stripped_assets_vortex1-10x24eleanor_1285cb1cdabc556438cc3746534d60d7.bundle	-5568313621351109991	Eye Relief Visualization 1	5951657029987726660	HDRP/Unlit
weaponmods_stripped_assets_vortex1-10x24eleanor_1285cb1cdabc556438cc3746534d60d7.bundle	-4227368718118936282	Scope NVG Filter	-3722188480337259500	Shader Graphs/RealisticNVG 2
weaponmods_stripped_assets_vortex1-10x24eleanor_1285cb1cdabc556438cc3746534d60d7.bundle	-2617066232814675333	Scope Lens	7322088784485553867	
weaponmods_stripped_assets_vortex1-10x24eleanor_1285cb1cdabc556438cc3746534d60d7.bundle	1334375884052870704	Eye Relief Visualization	5951657029987726660	HDRP/Unlit
weaponmods_stripped_assets_vortex1-10x24eleanorblkvariant_021d4c123fe2ec268dc2354b810318c5.bundle	-5568313621351109991	Eye Relief Visualization 1	5951657029987726660	HDRP/Unlit
weaponmods_stripped_assets_vortex1-10x24eleanorblkvariant_021d4c123fe2ec268dc2354b810318c5.bundle	-4227368718118936282	Scope NVG Filter	-3722188480337259500	Shader Graphs/RealisticNVG 2
weaponmods_stripped_assets_vortex1-10x24eleanorblkvariant_021d4c123fe2ec268dc2354b810318c5.bundle	-2617066232814675333	Scope Lens	7322088784485553867	
weaponmods_stripped_assets_vortex1-10x24eleanorblkvariant_021d4c123fe2ec268dc2354b810318c5.bundle	1334375884052870704	Eye Relief Visualization	5951657029987726660	HDRP/Unlit
weaponmods_stripped_assets_vortexrazorhdgenii_291b582f7b1f27cd5724ccd9ef60915c.bundle	-5568313621351109991	Eye Relief Visualization 1	5951657029987726660	HDRP/Unlit
weaponmods_stripped_assets_vortexrazorhdgenii_291b582f7b1f27cd5724ccd9ef60915c.bundle	-4227368718118936282	Scope NVG Filter	-3722188480337259500	Shader Graphs/RealisticNVG 2
weaponmods_stripped_assets_vortexrazorhdgenii_291b582f7b1f27cd5724ccd9ef60915c.bundle	-2617066232814675333	Scope Lens	7322088784485553867	
weaponmods_stripped_assets_vortexrazorhdgenii_291b582f7b1f27cd5724ccd9ef60915c.bundle	1334375884052870704	Eye Relief Visualization	5951657029987726660	HDRP/Unlit
weaponmods_stripped_assets_vortexrazorhdgeniii1-10x24_c26f124db1f04d0192d67dd9ac365f2e.bundle	-5568313621351109991	Eye Relief Visualization 1	5951657029987726660	HDRP/Unlit
weaponmods_stripped_assets_vortexrazorhdgeniii1-10x24_c26f124db1f04d0192d67dd9ac365f2e.bundle	-4227368718118936282	Scope NVG Filter	-3722188480337259500	Shader Graphs/RealisticNVG 2
weaponmods_stripped_assets_vortexrazorhdgeniii1-10x24_c26f124db1f04d0192d67dd9ac365f2e.bundle	-2617066232814675333	Scope Lens	7322088784485553867	
weaponmods_stripped_assets_vortexrazorhdgeniii1-10x24_c26f124db1f04d0192d67dd9ac365f2e.bundle	1334375884052870704	Eye Relief Visualization	5951657029987726660	HDRP/Unlit
